Hierarchy 1 en,Hierarchy 1 alternative en,Hierarchy 1 description en,Hierarchy 1 description fr,Hierarchy 1 source en,Hierarchy 2 en,Hierarchy 2 alternative en,Hierarchy 2 description en,Hierarchy 2 description fr,Hierarchy 2 source en,Hierarchy 3 en,Hierarchy 3 alternative en,Hierarchy 3 description en,Hierarchy 3 description fr,Hierarchy 3 source en
Tropical,,Temperature of coolest month greater or equal to 18 ,Température du mois le plus froid supérieure ou égale à 18,"Peel, M.C., Finlayson, B.L. and McMahon, T.A., 2007. Updated world map of the Köppen-Geiger climate classification. Hydrology and earth system sciences, 11(5), pp.1633-1644.",,,,,,,,,,
,,,,,Rainforest,Af,Precipitation in driest month at least 60 ,Précipitations au cours du mois le plus sec au moins 60,"Peel, M.C., Finlayson, B.L. and McMahon, T.A., 2007. Updated world map of the Köppen-Geiger climate classification. Hydrology and earth system sciences, 11(5), pp.1633-1644.",,,,,
,,,,,Monsoon,Am,Precipitation in driest month less than 60 but equal to or greater than 100 – (mean annual participation/25),Précipitations du mois le plus sec inférieures à 60 mais égales ou supérieures à 100 - (participation annuelle moyenne/25),"Peel, M.C., Finlayson, B.L. and McMahon, T.A., 2007. Updated world map of the Köppen-Geiger climate classification. Hydrology and earth system sciences, 11(5), pp.1633-1644.",,,,,
,,,,,Savannah,Aw,Precipitation in driest month less than 60 and less than 100 – (annual participation/25),Précipitations du mois le plus sec inférieures à 60 et inférieures à 100 - (participation annuelle/25),"Peel, M.C., Finlayson, B.L. and McMahon, T.A., 2007. Updated world map of the Köppen-Geiger climate classification. Hydrology and earth system sciences, 11(5), pp.1633-1644.",,,,,
,,,,,,,,,,,,,,
Arid,,Can be differentiated between winter and Summer precipitation. If 70% of summer precipitation areas the mean annual precipitation is 10 multiplied by the twice the mean annual temperature plus 28. If 70% of winter precipitation areas the mean annual precipitation is 10 multiplied by the twice the mean annual temperature.,"On peut différencier les précipitations hivernales et estivales. Si 70 % des zones de précipitations estivales, les précipitations annuelles moyennes sont 10 multipliées par le double de la température annuelle moyenne, plus 28. Si 70 % des zones de précipitations hivernales, les précipitations annuelles moyennes sont multipliées par 10 et par le double de la température annuelle moyenne.","Peel, M.C., Finlayson, B.L. and McMahon, T.A., 2007. Updated world map of the Köppen-Geiger climate classification. Hydrology and earth system sciences, 11(5), pp.1633-1644.",,,,,,,,,,
,,,,,Desert,,"Can be differentiated between winter and Summer precipitation. Parcipitation is less than 5, If 70% of summer precipitation areas the mean annual precipitation is 5 multiplied by the twice the mean annual temperature plus 28. If 70% of winter precipitation areas the mean annual precipitation is 5 multiplied by the twice the mean annual temperature.","On peut différencier les précipitations hivernales et estivales. Les précipitations sont inférieures à 5, si 70 % des zones de précipitations estivales ont des précipitations annuelles moyennes de 5 multipliées par le double de la température annuelle moyenne plus 28. Si 70 % des zones de précipitations hivernales, les précipitations annuelles moyennes sont de 5 multipliées par le double de la température annuelle moyenne.","Peel, M.C., Finlayson, B.L. and McMahon, T.A., 2007. Updated world map of the Köppen-Geiger climate classification. Hydrology and earth system sciences, 11(5), pp.1633-1644.",,,,,
,,,,,,,,,,Desert hot,Bwh,,,
,,,,,,,,,,Desert cold,Bwk,,,
,,,,,Steppe,,"Can be differentiated between winter and Summer precipitation. Parcipitation is greater or equal to 5, If 70% of summer precipitation areas the mean annual precipitation is 5 multiplied by the twice the mean annual temperature plus 28. If 70% of winter precipitation areas the mean annual precipitation is 5 multiplied by the twice the mean annual temperature.","On peut différencier les précipitations hivernales et estivales. Les précipitations sont supérieures ou égales à 5. Si 70 % des zones de précipitations estivales, les précipitations annuelles moyennes sont de 5 multipliées par le double de la température annuelle moyenne plus 28. Si 70 % des zones de précipitations hivernales, les précipitations annuelles moyennes sont de 5 multipliées par le double de la température annuelle moyenne.","Peel, M.C., Finlayson, B.L. and McMahon, T.A., 2007. Updated world map of the Köppen-Geiger climate classification. Hydrology and earth system sciences, 11(5), pp.1633-1644.",,,,,
,,,,,,,,,,Steppe hot,Bsh,Mean annual temprature greater or equal to 18,Température annuelle moyenne supérieure ou égale à 18,"Peel, M.C., Finlayson, B.L. and McMahon, T.A., 2007. Updated world map of the Köppen-Geiger climate classification. Hydrology and earth system sciences, 11(5), pp.1633-1644."
,,,,,,,,,,Steppe cold,Bsk,Mean annual temprature less than 18,Température moyenne annuelle inférieure à 18,"Peel, M.C., Finlayson, B.L. and McMahon, T.A., 2007. Updated world map of the Köppen-Geiger climate classification. Hydrology and earth system sciences, 11(5), pp.1633-1644."
,,,,,,,,,,,,,,
Temperate,,Temprature of the hottest month creater than 10 and the temprature of the coldest month is between 0 and 18,La température du mois le plus chaud est supérieure à 10 et la température du mois le plus froid est comprise entre 0 et 18.,"Peel, M.C., Finlayson, B.L. and McMahon, T.A., 2007. Updated world map of the Köppen-Geiger climate classification. Hydrology and earth system sciences, 11(5), pp.1633-1644.",,,,,,,,,,
,,,,,Temperate dry summer,,Precipitation of the driest month in summer greater than 40 and greater than the precipitation of the wettest month in winter divided by 3. ,Précipitations du mois le plus sec de l'été supérieures à 40 et supérieures aux précipitations du mois le plus humide de l'hiver divisées par 3.,"Peel, M.C., Finlayson, B.L. and McMahon, T.A., 2007. Updated world map of the Köppen-Geiger climate classification. Hydrology and earth system sciences, 11(5), pp.1633-1644.",,,,,
,,,,,,,,,,Temperate dry summer hot summer,Csa,,,
,,,,,,,,,,Temperate dry summer warm summer,Csb,,,
,,,,,,,,,,Temperate dry summer cold summer,Csc,,,
,,,,,Temperate dry winter,,Precipitation of the driest month in winter less than precipitation of the wettest month in summer divided by 10.,Précipitations du mois le plus sec de l'hiver moins les précipitations du mois le plus humide de l'été divisées par 10.,"Peel, M.C., Finlayson, B.L. and McMahon, T.A., 2007. Updated world map of the Köppen-Geiger climate classification. Hydrology and earth system sciences, 11(5), pp.1633-1644.",,,,,
,,,,,,,,,,Temperate dry winter hot summer,Cwa,,,
,,,,,,,,,,Temperate dry winter warm summer,Cwb,,,
,,,,,,,,,,Temperate dry winter cold summer,Cwc,,,
,,,,,Temperate without dry season ,,Neither a dry summer or winter,Ni été ni hiver secs,"Peel, M.C., Finlayson, B.L. and McMahon, T.A., 2007. Updated world map of the Köppen-Geiger climate classification. Hydrology and earth system sciences, 11(5), pp.1633-1644.",,,,,
,,,,,,,,,,Temperate without dry season hot summer ,Cfa,Temperature of the hottest month greater or equal to 22,Température du mois le plus chaud supérieure ou égale à 22,"Peel, M.C., Finlayson, B.L. and McMahon, T.A., 2007. Updated world map of the Köppen-Geiger climate classification. Hydrology and earth system sciences, 11(5), pp.1633-1644."
,,,,,,,,,,Temperate without dry season warm summer ,Cfb,Not a hot summer and the number of months where the temperature is above 10 is greater or equal to 4. ,L'été n'est pas chaud et le nombre de mois où la température est supérieure à 10 est supérieur ou égal à 4.,"Peel, M.C., Finlayson, B.L. and McMahon, T.A., 2007. Updated world map of the Köppen-Geiger climate classification. Hydrology and earth system sciences, 11(5), pp.1633-1644."
,,,,,,,,,,Temperate without dry season cold summer,Cfc,Not a hot or warm summer and  number of months where the temperature is above 10 is greater or equal to 1 and less than 4.,Il ne s'agit pas d'un été chaud ou tiède et le nombre de mois où la température est supérieure à 10 est supérieur ou égal à 1 et inférieur à 4.,"Peel, M.C., Finlayson, B.L. and McMahon, T.A., 2007. Updated world map of the Köppen-Geiger climate classification. Hydrology and earth system sciences, 11(5), pp.1633-1644."
,,,,,,,,,,,,,,
Cold,,Temperature of the hottest month less than 10 and the temperature of the coldest month greater or equal to 0.,Température du mois le plus chaud inférieure à 10 et température du mois le plus froid supérieure ou égale à 0.,"Peel, M.C., Finlayson, B.L. and McMahon, T.A., 2007. Updated world map of the Köppen-Geiger climate classification. Hydrology and earth system sciences, 11(5), pp.1633-1644.",,,,,,,,,,
,,,,,Cold dry summer,Dsa,Precipitation of the driest month less than 40 and precipitation of the driest month in summer less than the precipitation of the wettest month in winter divided by 3,"Précipitations du mois le plus sec inférieures à 40 et précipitations du mois le plus sec de l'été inférieures aux précipitations du mois le plus humide de l'hiver, divisées par 3.","Peel, M.C., Finlayson, B.L. and McMahon, T.A., 2007. Updated world map of the Köppen-Geiger climate classification. Hydrology and earth system sciences, 11(5), pp.1633-1644.",,,,,
,,,,,Cold dry winter,Dwa,Precipitation of the driest month in winter less than the precipitation of the wettest month in summer divided by 10.,Précipitations du mois le plus sec de l'hiver moins les précipitations du mois le plus humide de l'été divisé par 10.,"Peel, M.C., Finlayson, B.L. and McMahon, T.A., 2007. Updated world map of the Köppen-Geiger climate classification. Hydrology and earth system sciences, 11(5), pp.1633-1644.",,,,,
,,,,,Cold without dry season,,Neither a dry winter or summer,Ni hiver ni été secs,"Peel, M.C., Finlayson, B.L. and McMahon, T.A., 2007. Updated world map of the Köppen-Geiger climate classification. Hydrology and earth system sciences, 11(5), pp.1633-1644.",,,,,
,,,,,,,,,,Cold without dry season hot summer ,Dfa,Temperature of the hottest month less or equal to 22,Température du mois le plus chaud inférieure ou égale à 22,"Peel, M.C., Finlayson, B.L. and McMahon, T.A., 2007. Updated world map of the Köppen-Geiger climate classification. Hydrology and earth system sciences, 11(5), pp.1633-1644."
,,,,,,,,,,Cold without dry season warm summer,Dfb,Not a hot summer and the number of months where the temperature is above 10 is less or equal to 4.,Pas d'été chaud et le nombre de mois où la température est supérieure à 10 est inférieur ou égal à 4.,"Peel, M.C., Finlayson, B.L. and McMahon, T.A., 2007. Updated world map of the Köppen-Geiger climate classification. Hydrology and earth system sciences, 11(5), pp.1633-1644."
,,,,,,,,,,Cold without dry season cold summer,Dfc,Not a hot or warm summer,Pas d'été chaud ou tiède,"Peel, M.C., Finlayson, B.L. and McMahon, T.A., 2007. Updated world map of the Köppen-Geiger climate classification. Hydrology and earth system sciences, 11(5), pp.1633-1644."
,,,,,,,,,,Cold without dry season very cold winter,Dfd,Not a hot or warm summer and the temperature of the coldest month greater than -38.,Pas d'été chaud ou tiède et température du mois le plus froid supérieure à -38.,"Peel, M.C., Finlayson, B.L. and McMahon, T.A., 2007. Updated world map of the Köppen-Geiger climate classification. Hydrology and earth system sciences, 11(5), pp.1633-1644."
,,,,,,,,,,,,,,
Polar,,Temperature of the hottest month less than 10. ,Température du mois le plus chaud inférieure à 10.,"Peel, M.C., Finlayson, B.L. and McMahon, T.A., 2007. Updated world map of the Köppen-Geiger climate classification. Hydrology and earth system sciences, 11(5), pp.1633-1644.",,,,,,,,,,
,,,,,Tundra,ET,Temperature of the hottest month greater than 0,Température du mois le plus chaud supérieure à 0,"Peel, M.C., Finlayson, B.L. and McMahon, T.A., 2007. Updated world map of the Köppen-Geiger climate classification. Hydrology and earth system sciences, 11(5), pp.1633-1644.",,,,,
,,,,,Frost,EF,Temperature of the hottest month less or equal to 0,Température du mois le plus chaud inférieure ou égale à 0,"Peel, M.C., Finlayson, B.L. and McMahon, T.A., 2007. Updated world map of the Köppen-Geiger climate classification. Hydrology and earth system sciences, 11(5), pp.1633-1644.",,,,,
