Hierarchy 1 en,Hierarchy 1 fr,Hierarchy 1 description en,Hierarchy 1 description fr,Hierarchy 1 source en,Hierarchy 2 en,Hierarchy 2 fr,Hierarchy 2 description en,Hierarchy 2 description fr,Hierarchy 2 source en,Hierarchy 3 en,Hierarchy 3 fr,Hierarchy 3 description en,Hierarchy 3 description fr,Hierarchy 3 source en
Probability sampling method,Échantillonnage probabiliste,"This sampling method is employed if the numbers of elements in each primary unit are known. The primary units are listed in random order, and then a systematic sample is drawn from the cumulated sizes.","Cette méthode d'échantillonnage est utilisée si le nombre d'éléments de chaque unité primaire est connu. Les unités primaires sont énumérées dans un ordre aléatoire, puis un échantillon systématique est tiré à partir des tailles cumulées.",Clive Orton (2000). Sampling methods in Archaeology,,,,,,,,,,
,,,,,,,,,,,,,,
,,,,,Simple random sampling,Aléatoire,Areas to be sampled are chosen using a table of random numbers.,Les zones à échantillonner sont choisies à l'aide d'une table de nombres aléatoires.,"Renfrew, C. and Bahn, P., 2019. Archaeology: theories, methods and practice, 6th edition. Thames and Hudson.",,,,,
,,,,,,,,,,,,,,
,,,,,,,,,,,,,,
,,,,,Systematic sampling,Systématique,Sampling following a grid system.,Échantillonnage suivant un système de grille.,"Renfrew, C. and Bahn, P., 2019. Archaeology: theories, methods and practice, 6th edition. Thames and Hudson.",,,,,
,,,,,,,,,,Transect sampling,,,,
,,,,,,,,,,Grid sampling,,,,Clive Orton (2000). Sampling methods in Archaeology
,,,,,,,,,,,,,,
,,,,,,,,,,,,,,
,,,,,,,,,,,,,,
,,,,,Cluster sampling,,,,,,,,,
,,,,,,,,,,Single stage cluster sampling,Échantillonnage en grappes à un seul degré,"This refers to a method of sampling in which each sampling unit consists of a group or cluster of smaller units, called elements.","Il s'agit d'une méthode d'échantillonnage dans laquelle chaque unité d'échantillonnage est constituée d'un groupe ou d'une grappe d'unités plus petites, appelées éléments.",
,,,,,,,,,,Multi-stage cluster sampling,Échantillonnage en grappes à plusieurs degrés,This is simply single-stage cluster sampling carried out more than one time.,Il s'agit simplement d'un échantillonnage en grappes à un seul degré effectué plus d'une fois.,
,,,,,Stratified sampling,,,,,,,,,
,,,,,,,,,,Stratified random sampling,Aléatoire stratifié,"Areas are sampled based on the natural zones located on site, such features or vegetation.","Les zones sont échantillonnées en fonction des zones naturelles situées sur le site, telles que les caractéristiques ou la végétation.",
,,,,,,,,,,Stratified systematic sampling,Échantillonage stratifié,"It is the process of dividing the units of a population into subgroups, called strata.","Il s'agit du processus de division des unités d'une population en sous-groupes, appelés strates.",
,,,,,,,,,,Stratified unaligned systematic sampling,Stratifié non aligné systématique,Sampling occurs by combining the three above methods.,L'échantillonnage se fait en combinant les trois méthodes ci-dessus.,
,,,,,Other probability sample methods,,,,,,,,,
,,,,,,,,,,Adaptive sampling,Échantillonnage adaptatif,"In this sampling method, a neighbourhood of units belonging to each unit is defined, after which a sample of units is surveyed, and then all the units in its neighbourhood.","Dans cette méthode d'échantillonnage, on définit un voisinage d'unités appartenant à chaque unité, après quoi on enquête sur un échantillon d'unités, puis sur toutes les unités de son voisinage.",
,,,,,,,,,,Ratio and regression estimation sampling ,Estimation par ratio et régression,This involves the use of an auxiliary variable which is correlated with the variable being studied.,Cela implique l'utilisation d'une variable auxiliaire qui est corrélée avec la variable étudiée.,
,,,,,,,,,,Adjusting for imperfect detectability,Ajustement pour une détectabilité imparfaite,"This is applicable in conditions where detectabiltiy is constant using a conventional design, estimates of totals are scaled up by dividing by the detection probability.","Ceci est applicable dans des conditions où la détectabilité est constante en utilisant une conception conventionnelle, les estimations des totaux sont mises à l'échelle en divisant par la probabilité de détection.",
Non-probability sampling method,Échantillonnage non-probabiliste,,,,,,,,,,,,,
,,,,,Snow ball sampling,,,,,,,,,
,,,,,Convenience sampling,,,,,,,,,
,,,,,,,,,,Soil based,,,,
,,,,,,,,,,On the fly,,,,
,,,,,,,,,,Spot check,,,,
,,,,,,,,,,Legacy data check,,,,
,,,,,,,,,,Historic map check,,,,
,,,,,,,,,,Following topographic feature along a river,,,,
,,,,,,,,,,Following topographic feature along a valley,,,,
,,,,,,,,,,Following topographic feature along a ridge,,,,
,,,,,,,,,,Following topographic feature - other,,,,
,,,,,,,,,,Following topographic feature along a watercourse,,,,
,,,,,,,,,,,,,,
,,,,,Quota sampling,,,,,,,,,
No collection,Pas de collecte,,,,,,,,,,,,,
