Checked by,Date,Ready for level 2 checking,Ready for Arches upload,Uploaded by,Upload date
DAS,2025-05-19 00:00:00,x,,,
SM,2025-05-20 00:00:00,We need to add the separation at level 1 - site activity and record activity,,,
,,,,,
NOTES:Fish vocabulary for Events: https://heritage-standards.org.uk/2024/pdf_files/FISH_Event_Type_Hierarchical_20240528.pdf Fish does not include any vocabulary to do with management activities at the site - need to add,,,,,
,,,,,
Hierarchy 1,Hierarchy 2,Hierarchy 3,Hierarchy 4,,
Intrusive event,,,,,
,Archaeological intervention,,,,
,,Auger survey,,,
,,Borehole survey,,,
,,Evaluation,,,
,,,Test pit,,
,,,Trial trench,,
,,,Underwater evaluation,,
,,,,,
,,,,,
,,,,,
,,,,,
,,Excavation,,,
,,,Box trenching,,
,,,Open area excavation,,
,,,Rescue excavation,,
,,,Research excavation,,
,,,Strip map And sample,,
,,,Underwater excavation,,
,,,,,
,,Field observation (monitoring),,,
,,Grab sampling,,,
,,Metal detecting use,,,
,,Salvage recording,,,
,,Watching brief,,,
,,,,,
,Environmental intervention,,,,
,,Auger survey,,,
,,Borehole survey,,,
,,Dendrochronological survey,,,
,,Environmental sampling,,,
,,,Archaeomagnetic sampling,,
,,,Core sampling,,
,,,,Gravity core,
,,,,Vibro core,
,,,,,
,,,Monolith sampling,,
,,,,,
,,Geochemical survey,,,
,,,Phosphate survey,,
,,,X Ray fluorescence survey,,
,,,,,
,,Timber sampling,,,
,,,,,
,,,,,
,,,,,
,,,,,
,,,,,
,Non archaeological intervention,,,,
,,Casual observation,,,
,,Geotechnical survey,,,
,,,Geotechnical test pit,,
,,,,,
,,Metal detecting use,,,
,,,,,
Non intrusive event,,,,,
,Assessment and analysis,,,,
,,Aerial photograph interpretation,,,
,,Airborne laser scanning survey,,,
,,Automated object detection,,,
,,Building fabric analysis,,,
,,Condition survey,,,
,,Conservation area appraisal,,,
,,Desk based assessment,,,
,,Documentary research,,,
,,Environmental impact assessment,,,
,,Heritage assessment,,,
,,Historic area assessment,,,
,,Historic landscape characterisation,,,
,,Historic seascape characterisation,,,
,,Historic urban characterisation,,,
,,Landscape survey,,,
,,Management survey,,,
,,Post excavation sssessment,,,
,,Thematic survey,,,
,,,,,
,,,,,
,Observation,,,,
,,Antiquarian observation,,,
,,Diver inspection,,,
,,Field observation (visual assessment),,,
,,Field visit,,,
,,,,,
,,,,,
,Remote sensing,,,,
,,Aerial reconnaissance,,,
,,,Aerial photography,,
,,,,Conventional aerial photography,
,,,,Multi spectral aerial photography,Infrared aerial photography
,,,,,Infrared line scan aerial photography
,,,,,Infrared thermography survey
,,,,,
,,,Airborne laser scanning (lidar) survey,,
,,Satellite imaging,,,
,,,,,
,,Terrain mapping from aerial photography,,,
,,Underwater remote operated vehicle survey,,,
,,,,,
,,,,,
,Remote sensing,,,,
,,Enhancement,Radiometric enhancement,Contrast stretching,
,,,,Histogram equalization,
,,,,Histogram matching,
,,,Spectral enhancement,Indices,
,,,,Band composite,
,,,,Principal component analysis,
,,,Spatial enhancement,Image fusion,
,,,,Filters,
,,,,Pan sharpening,
,,,,,
,,Classification,Supervised learning,Distribution,
,,,,,Logistic Regression
,,,,,Decission tree
,,,,,Support vectorMachine
,,,,,Ensemble methods
,,,,,Hyprid approches
,,,,,Pixel-based classification
,,,,,Object-based classification
,,,,Statistical,
,,,,,Parametric
,,,,,Non parametric
,,,,,
,,,,,
,,,Unsupervised learning,,K-mean clustring
,,,,,Spectral clustring
,,,,,Fuzzy C-mean
,,,,,Reinforecement learning
,,,,,
,,,Deep learning algorithims,Generative method,Deep belief network(DBNs)
,,,,,Deep autoencoder
,,,,,Deep boltzman machine (DBMs)
,,,,Hybrid methoda,
,,,,,Deep neural network ( DNNs)
,,,,,Optimization methods
,,,,,Grey wolf optimization
,,,,,Yolo
,,,,Discriminitive method,
,,,,,Transfer learning
,,,,,Conventional Neutral network
,,,,,AlexNet
,,,,,ResNet
,,,,,GoogleNet
,,,,,MobileNet
,,,,,Artificial neutral network
,,,,,Deep stacking network
,,,,,
,,Object detection,,,
,,,Template matching,Scale invariant feature transform SIFT,
,,,,Oriented FAST and rotated BRIEF ORB,
,,,,FLAN based matcher,
,,,,,
,,,,,
,,,,,
,,,,,
,,,,,
,,,,,
,,,,,
,Survey,,,,
,,Aerial investigation and mapping,,,
,,Airborne laser scanning interpretation,,,
,,Analytical earthwork survey,,,
,,Arborglyph survey,,,
,,Architectural survey,,,
,,Bosing survey,,,
,,Buildings recording And investigation,,,
,,,Buildings investigation (England),,
,,,,Analytical buildings record (level 3),
,,,,,Comprehensive analytical buildings
,,,,,
,,,,,
,,,,Descriptive buildings record (level 2),
,,,,Visual buildings record (level 1),
,,,,,
,,,Buildings investigation (scotland),,
,,,,Basic building survey (level 1),
,,,,Buildings appraisal,
,,,,Comprehensive building survey (level 4),
,,,,Detailed building survey (level 3),
,,,,Enhanced building survey (level 2,
,,Building survey,,,
,,Dowsing survey,,,
,,Field survey,,,
,,Fieldwalking survey,,,
,,,Systematic fieldwalking survey,,
,,,Unsystematic fieldwalking survey,,
,,,,,
,,Geomorphological survey,,,
,,Geophysical survey,,,
,,,3d Seismic survey,,
,,,Acoustic ground discriminating system,,
,,,Earth resistance (resistivity) survey,,
,,,Electrical resistivity tomography,,
,,,Electromagnetic survey,,
,,,Ground penetrating radar survey,,
,,,Magnetic susceptibility survey,,
,,,Magnetometry survey,,
,,,Microgravity survey,,
,,,Seismic survey,,
,,,Sonar survey,,
,,,,Bathymetric survey,
,,,,Multi beam echo sounder survey,
,,,,Side scan sonar survey,
,,,,Single beam echo sounder survey,
,,,,Sub bottom profiling survey,
,,Graveyard survey,,,
,,Hedgerow survey,,,
,,Laser scanning survey,,,
,,Measured survey,,,
,,Metal detecting survey,,,
,,Photographic recording,,,
,,Photographic survey,,,
,,,Photogrammetric survey,,
,,,Rectified photographic survey,,
,,Topographic survey,,,
,,Underwater survey,,,
,,Walkover survey,,,
