Hierarchy 1 en,Hierarchy 1 alternative en ,Hierarchy 1 alternative en .1,Hierarchy 1 alternative en .2,Hierarchy 1 alternative en .3,Hierarchy 1 alternative en .4,Hierarchy 1 alternative en .5,Hierarchy 1 description en,Hierarchy 2 en,Hierarchy 2 alternative en ,Hierarchy 2 description en
BCE,Before common era,BC,Before Christ,B.C.,,,Used as a prefix to denote so many years Before Christ or before the beginning of the Christian calendar. The lowercase “bc” represents uncalibrated radiocarbon years; the capitals BC denote a calibrated radiocarbon date or a date such as an historically derived one that does not need calibration. There is no year 0: 1 BC is the same year as AD1 or 1 AD. Before the common era (BCE); before the Christian era. Dates are often listed as BCE (Before the Common Era is equivalent to calibrated BC) and CE (Common Era is equivalent to calibrated AD).,,,
bce,uncalibrated Before Common Era,uncalibrated Before Christ,uncalibrated bc,bc,uncalibrated bce,,Used as a prefix to denote so many years Before Christ or before the beginning of the Christian calendar. The lowercase “bc” represents uncalibrated radiocarbon years; the capitals BC denote a calibrated radiocarbon date or a date such as an historically derived one that does not need calibration. There is no year 0: 1 BC is the same year as AD1 or 1 AD. Before the common era (BCE); before the Christian era. Dates are often listed as BCE (Before the Common Era is equivalent to calibrated BC) and CE (Common Era is equivalent to calibrated AD).,,,
BP,Before Present,Time before present,Years before present (YBP),B.P.,,,"The abbreviation for “Before Present,” used especially in radiocarbon dating. The fixed reference date for “Before Present” has been established as 1950 AD. Thus, 4250 BP would mean 4250 years prior to 1950, or 2300 BC. The year 1950 was the latest that the atmosphere was sufficiently uncontaminated to act as a standard for radiocarbon dating. The lower case ‘bp’ represents uncalibrated radiocarbon years; the capitals BP denote a calibrated radiocarbon date, or a date derived from some other dating method, such as potassium-argon, that does not need calibration.",,,
,,,,,,,,Ma BP,Million years before present.,Million years before present
,,,,,,,,ka BP,Thousand years before present,Thousand years before present
bp,b.p.,uncalibrated before present,uncalibrate bp,uncalibrated b.p.,,,"The abbreviation for “Before Present,” used especially in radiocarbon dating. The fixed reference date for “Before Present” has been established as 1950 AD. Thus, 4250 BP would mean 4250 years prior to 1950, or 2300 BC. The year 1950 was the latest that the atmosphere was sufficiently uncontaminated to act as a standard for radiocarbon dating. The lower case ‘bp’ represents uncalibrated radiocarbon years; the capitals BP denote a calibrated radiocarbon date, or a date derived from some other dating method, such as potassium-argon, that does not need calibration.",,,
CE,Common era,AD,anno Domini,,,,"Used as a prefix to a date, it indicates years after the birth of Christ or the beginning of the Christian calendar. Anno Domini means “In the year of our Lord.” The lower-case ad represents uncalibrated radiocarbon years and uppercase AD denotes a calibrated radiocarbon date or a historic date that does not need calibration. Dates are often listed as Common Era (CE) (Common era is equivalent to calibrated AD.",,,
ce,uncalibrated Common era,uncalibrated AD,uncalibrated ce,uncalibrated anno Domini,,,"Used as a prefix to a date, it indicates years after the birth of Christ or the beginning of the Christian calendar. Anno Domini means “In the year of our Lord.” The lower-case ad represents uncalibrated radiocarbon years and uppercase AD denotes a calibrated radiocarbon date or a historic date that does not need calibration. Dates are often listed as Common Era (CE) (Common era is equivalent to calibrated AD.",,,
b2k,,,,,,,"The notation ""b2k"" was introduced together with the GICC05 timescale and means years before A.D. 2000.",,,
non-specified,No information,not determined,unspecified ,,,,Timescale or calendar type has not been specified from original record.,,,
