Hierarchy 1 en,Hierarchy 1 alternative en ,Hierarchy 1 fr,Hierarchy 1 description en,Hierarchy 2 en,Hierarchy 2 description en,Hierarchy 2 description fr,Hierarchy 2 source en
Area of significant archaeological interest,,,,,,,
Area of townscape or village character,,,,,,,
Conservation area,,,,,,,
Gazetted site,Scheduled site/Registered site/Listed site,,,,,,
Gazetted building ,Listed building/Registered building/Scheduled building,,,,,,
Local landscape policy area,,,,,,,
Nationally protected,,Protégé au niveau national, as a site can be protected without being a national monument.,,,,
No designation,,,,,,,
Protected wreck site,,,,,,,
Monument ,,,,,,,
,,,,National monument,A natural landmark or building designated by a national government as being of notable scenic or historical importance.,Un point de repère naturel ou un bâtiment désigné par un gouvernement national comme ayant une importance pittoresque ou historique notable.,Collins Dictionary
,,,,Gazetted/Registered/Scheduled monument,,,
,,,,State care monument,,,
Tentative world heritage site ,TWHS,,,,,,
Unknown,,,,,,,
Unprotected,,Non protégé,"An unprotected person or place that is not looked after or defended, and so they may be harmed or attacked. In the case of sites, they are not protected by existing laws or have not been declared national monuments so they are open to plunder or looting. ",,,"Une personne ou un lieu non protégé qui n'est pas surveillé ou défendu, et peut donc subir des dommages ou des attaques. Dans le cas des sites, ils ne sont pas protégés par les lois existantes ou n'ont pas été déclarés monuments nationaux ; ils peuvent donc être pillés ou saccagés. ",Collins Dictionary
World heritage site,WHS,Site du patrimoine mondial,"Cultural and/or natural heritage sites considered to be of 'Outstanding Universal Value' which may be cultural, historical or scientific or religious. The sites are inscribed on the World Heritage List by the World Heritage Committee if they meet at least one of the ten criteria used to define their universal value to humankind.  ",,,"Sites du patrimoine culturel et/ou naturel considérés comme ayant une ""valeur universelle exceptionnelle"", qui peut être culturelle, historique, scientifique ou religieuse. Les sites sont inscrits sur la liste du patrimoine mondial par le Comité du patrimoine mondial s'ils répondent à au moins un des dix critères utilisés pour définir leur valeur universelle pour l'humanité.  ",www.whc.unesco.org
World heritage site in danger ,,,UNESCO World Heritage Sites which are considered to be experiencing conditions which threaten the very characteristics for which a property was inscribe on the list. https://whc.unesco.org/en/danger/,,,,
