Hierarchy 1 en,Hierarchy 1 ar,Hierarchy 1 description en,Hierarchy 2 en,Hierarchy 2 ar,Hierarchy 3 en,Hierarchy 3 alternative en 
Negative/Cut/Dug feature,,A feature which is defined by the natural or man-made creation of a concavity in a surface,,,,
Positive/Built feature,,A feature which is built/constructed/upstanding from the surface,,,,
Surface feature/Surface mark,,A feature which appears as a surface mark and has no obvious dug or constructed/upstanding component,,,,
,,,Soil mark,علامات في التربة,,
,,,Soil pattern,نمط التربة,,
,,,Soil discoloration,تغير لون التربة,,
,,,Surface pattern,,,
Vegetation type/mark/pattern,نمط السطح,,,,,
,,,Vegetation type,نوع الغطاء النباتي,,
,,,,,Buffalo grass,Chencrus Ciliaris
,,,,,Acacia,
,,,,,Baobab,
,,,,,Mopane,
,,,,,Other vegetation type,
,,,Vegetation difference,اختلاف الغطاء النباتي,,
,,,Crop mark,,,
Unknown,,,,,,
Not assessed,,,,,,
Uncertain,,,,,,
Not visible,,,,,,
