Hierarchy 1 en,Hierarchy 1 alternative en 
Abacus,Abacuses
Adapted,Adapteds
Adze,Adzes
Adze hammer,Adze hammers
Adzehead,Adzeheads
Aeolian deposit,Aeolian deposits
Aerial mine,Aerial mines
Aesica brooch,Aesica brooches
Aestel,Aestels
Agricultural deposit,Agricultural deposits
Aircraft,
Aircraft component,Aircraft components
Aircraft engine,Aircraft engines
Akehead,Akeheads
Alabaster,Alabasters
Alam,Alams
Albarello,Albarellos
Aldis lamp,Aldis lamps
Alembic,Alembics
Alidade,Alidades
Alluvium,Alluvia
Altar,Altars
Altar base,Altar bases
Altar cross,Altar crosses
Altar vase,Altar vases
Altar vessel,Altar vessels
Altarpiece,Altarpieces
Altimeter,Altimeters
Aludel,Aludels
Aluminium,
Amber,Ambers
Ammunition,
Ammunition pouch,Ammunition pouches
Amphibian remain,Amphibian remains
Amphibolite,Amphibolites
Amphora,Amphorae (or Amphoras)
Ampulla,Ampullae (or Ampullas)
Amulet,Amulets
Amulet capsule,Amulet capsules
Amulet ring,Amulet rings
Amulet seal,Amulet seals
Anchor,Anchors
Anchor stone,Anchor stones
Angle bracket,Angle brackets
Angle tie,Angle ties
Angon,Angons
Animal bell,Animal bells
Animal bone,Animal bones
Animal brooch,Animal brooches
Animal care equipment,
Animal collar,Animal collars
Animal equipment,
Animal horn,Animal horns
Animal micro remains,Animal micro remains
Animal remains,Animal remains
Animal shell,Animal shells
Animal shoe,Animal shoes
Animal skeleton,Animal skeletons
Animal skull,Animal skulls
Animal tooth,Animal teeth
Ankle guard,Ankle guards
Anklet,Anklets
Annelid remains,Annelid remains
Annular brooch,Annular brooches
Ansate brooch,Ansate brooches
Antefix,Antefixes
Anthropomorphic jug,Anthropomorphic jugs
Antimony,Antimonies
Antler,Antlers
Antler tine,Antler tines
Anvil,Anvils
Apothecary jar,Apothecary jars
Apothecary ladle,Apothecary ladles
Apothecary weight,Apothecary weights
Apple corer,Apple corers
Apron,Aprons
Apron fitting,Apron fittings
Aquamanile,Aquamaniles
Arachnid remains,Arachnid remains
Arch,Arches
Archetype,Archetypes
Architectural element,Architectural elements
Architectural fragment,Architectural fragments
Architecture,Architectures
Ard,Ards
Arm band,Arm bands
Arm guard,Arm guards
Arm piece,Arm pieces
Arm purse,Arm purses
Armchair,Armchairs
Armlet,Armlets
Armour,Armours
Armour by construction,Armours by construction
Armour by form,Armours by form
Armour by function,Armours by function
Armour and weapons,Armours and weapons
Arms,Arms
Arms case,Arms cases
Arms holder,Arms holders
Arrow,Arrows
Arrow head,Arrow heads
Arrow shaft straightener,Arrow shaft straighteners
Arrow smoother,Arrow smoothers
Arrow straightener,Arrow straighteners
Arrowhead,Arrowheads
Arthropod remains,Arthropod remains
Ash,Ashes
Asperges,
Aspergill,Aspergills
Assemblage,Assemblages
Astrolabe,Astrolabes
Astronomical instrument,Astronomical instruments
Aucissa brooch,Aucissa brooches
Auger,Augers
Auger bit,Auger bits
Aulos,Auloi (Greek plural of Aulos)
Automobile,Automobiles
Awl,Awls
Axe,Axes
Axe (tool),Axes (tools)
Axe (weapon),Axes (weapons)
Axe hammer,Axe hammers
Axe mould,Axe moulds
Axe trimming flake,Axe trimming flakes
Axehead,Axeheads
Axehead roughout,Axehead roughouts
Axle,Axles
Axle cap,Axle caps
Baby feeder,Baby feeders
Back scratcher,Back scratchers
Backed blade,Backed blades
Backed bladelet,Backed bladelets
Backed knife,Backed knives
Backplate,Backplates
Bacteria,
Badge,Badges
Bag,Bags
Bag ring,Bag rings
Bagpipes,
Bailer,Bailers
Bakelite,Bakelite items
Baking tray,Baking trays
Balance,Balances
Balance arm,Balance arms
Balance beam,Balance beams
Balance pan,Balance pans
Balance pin,Balance pins
Balance weight,Balance weights
Baldric,Baldrics
Ball,Balls
Ball (game),Balls (games)
Ball (ritual),Balls (rituals)
Ballista ball,Ballista balls
Ballista bolt,Ballista bolts
Baluster,Balusters
Baluster jug,Baluster jugs
Bandage,Bandages
Bangle,Bangles
Bank note,Bank notes
Banner,Banners
Bar iron,Bar irons
Bar lip jar,Bar lip jars
Bar lug jar,Bar lug jars
Bar mount,Bar mounts
Bar share,Bar shares
Bar shot,Bar shots
Bar torc,Bar torcs
Barbed and tanged arrowhead,Barbed and tanged arrowheads
Barbed point,Barbed points
Barley,Barleys
Barley grain,Barley grains
Barometer,Barometers
Barrel,Barrels
Barrel costrel,Barrel costrels
Barrel hoop,Barrel hoops
Barrel padlock,Barrel padlocks
Barrel padlock key,Barrel padlock keys
Barrel shaped jug,Barrel shaped jugs
Barrel shaped mug,Barrel shaped mugs
Bartmann jug,Bartmann jugs
Base sherd,Base sherds
Baselard,Baselards
Basin,Basins
Basinet,Basinets
Basket,Baskets
Basket handled bowl,Basket handled bowls
Basket handled jar,Basket handled jars
Bat,Bats
Bath,Baths
Baton,Batons
Baton de commandement,Batons de commandement
Battleaxe,Battleaxes
Bayonet,Bayonets
Beach deposit,Beach deposits
Bead,Beads
Beaker,Beakers
Beam,Beams
Beater (music),Beaters (music)
Beater (tool),Beaters (tools)
Bed,Beds
Bed pan,Bed pans
Bedding,Beddings
Bedpost,Bedposts
Bedsheet,Bedsheets
Bee skep,Bee skeps
Beehive,Beehives
Beehive quern,Beehive querns
Beetle remains,Beetle remains (already plural)
Bell,Bells
Bell clapper,Bell clappers
Bell pull,Bell pulls
Bell shaped curfew,Bell shaped curfews
Bell system,Bell systems
Bellarmine jug,Bellarmine jugs
Bellows,Bellows (plural already)
Belt,Belts
Belt attachment,Belt attachments
Belt chape,Belt chapes
Belt clasp,Belt clasps
Belt fitting,Belt fittings
Belt loop,Belt loops
Belt mount,Belt mounts
Belt plate,Belt plates
Belt slide,Belt slides
Bench,Benches
Bench (seat),Benches (seats)
Bench (table),Benches (tables)
Beverage warmer,Beverage warmers
Bezel,Bezels
Bib,Bibs
Biconical bowl,Biconical bowls
Biconical jar,Biconical jars
Biconical jug,Biconical jugs
Biconical urn,Biconical urns
Bicycle,Bicycles
Bier,Biers
Bill,Bills
Bill hook,Bill hooks
Biogenic carbonate,Biogenic carbonates
Bipartite urn,Bipartite urns
Bird bath,Bird baths
Bird cage,Bird cages
Bird feeder,Bird feeders
Bird remains,
Black earth,Black earths
Bladder pipe,Bladder pipes
Blade,Blades
Blade core,Blade cores
Blank,Blanks
Blanket,Blankets
Bleeding cup,Bleeding cups
Blind,Blinds
Blind fitting,Blind fittings
Blinker,Blinkers
Bloom,Blooms
Blouse,Blouses
Blowpipe,Blowpipes
Blowpipe (tool),Blowpipes (tools)
Blowpipe (weapon),Blowpipes (weapons)
Board,Boards
Boat,Boats
Boat hook,Boat hooks
Bobbin,Bobbins
Bobbin shuttle,Bobbin shuttles
Bodkin,Bodkins
Body plug,Body plugs
Body sherd,Body sherds
Bolas,
Bolster,Bolsters
Bolt,Bolts
Bolt (fastening),Bolts (fastenings)
Bolt (lock),Bolts (locks)
Bomb,Bombs
Bombard,Bombards
Bone,Bones
Bone artefact,Bone artefacts
Bone working debris,
Bonnet,Bonnets
Book,Books
Book clasp,Book clasps
Book cover,Book covers
Book fitting,Book fittings
Book mount,Book mounts
Boot,Boots
Boot stud,Boot studs
Borer,Borers
Boss,Bosses
Bottle,Bottles
Boulder clay,Boulder clays
Bouncing bomb,Bouncing bombs
Boundary marker,Boundary markers
Bow,Bows
Bow (music),Bows (music)
Bow (weapon),Bows (weapons)
Bow and fantail brooch,Bows and fantail brooches
Bow brooch,Bow brooches
Bow drill,Bow drills
Bowed string instrument,Bowed string instruments
Bowl,Bowls
Bowl curfew,Bowl curfews
Bowling ball,Bowling balls
Box,Boxes
Box padlock key,Box padlock keys
Box tile,Box tiles
Bracelet,Bracelets
Bracer,Bracers
Bracket,Brackets
Bracteate,Bracteates
Brad,Brads
Bradawl,Bradawls
Braid,Braids
Brail,Brails
Branding iron,Branding irons
Brass,Brasses
Brazier,Braziers
Breastplate,Breastplates
Breech cloth,Breech cloths
Breeches,
Brick,Bricks
Brickearth,Brickearths
Bridal headdress,Bridal headdresses
Bridge (music),Bridges (music)
Bridle,Bridles
Bridle bit,Bridle bits
Bridle fitting,Bridle fittings
Briquetage,Briquetage items
Briush,Briushes
Broadsword,Broadswords
Brockage,Brockages
Brooch,Brooches
Brooch pin,Brooch pins
Brooch spring,Brooch springs
Broom,Brooms
Brush,Brushes
Brush holder,Brush holders
Bryozoan remains,
Bucina,Bucinae (Latin plural of Bucina)
Bucket,Buckets
Bucket handle,Bucket handles
Bucket stave,Bucket staves
Buckle,Buckles
Buckle frame,Buckle frames
Buckle loop,Buckle loops
Buckle pin,Buckle pins
Buckle plate,Buckle plates
Buckle tongue,Buckle tongues
Buckler,Bucklers
Bugelknopffibeln,
Bugle,Bugles
Bull,Bulls
Bulla (pendant),Bullae (pendants) (Latin plural)
Bullet,Bullets
Bullet mould,Bullet moulds
Bullroarer,Bullroarers
Bung,Bungs
Bunghole jar,Bunghole jars
Bunghole jug,Bunghole jugs
Bunghole pitcher,Bunghole pitchers
Burial chest,Burial chests
Burial cloth,Burial cloths
Burial pot,Burial pots
Burial urn,Burial urns
Buried soil,Buried soils
Burin,Burins
Burin spall,Burin spalls
Burnisher,Burnishers
Burnt clay,Burnt clays
Burnt flint,Burnt flints
Burr,Burrs
Bus,Buses
Bushel,Bushels
Bust,Busts
Butchered animal bone,Butchered animal bones
Butchered animal remains,
Butter churn,Butter churns
Butteris,Butterises (or Butterii)
Button,Buttons
Button and loop fastener,Buttons and loop fasteners
Button cover,Button covers
Buzz bone,Buzz bones
Buzzer,Buzzers
By product,By products
Cabinet,Cabinets
Cable drum,Cable drums
Cage,Cages
Calendar,Calendars
Calf hair,Calf hairs
Callipers,
Caltrop,Caltrops
Came,Cames
Camel harness,Camel harnesses
Camel whip,Camel whips
Cameo,Cameos
Can,Cans
Candelabrum,Candelabra (or candelabrums)
Candle,Candles
Candle bracket,Candle brackets
Candle holder,Candle holders
Candle snuffer,Candle snuffers
Candle stand,Candle stands
Candle standard,Candle standards
Candleholder,Candleholders
Candlemakers trough,Candlemakers’ troughs
Candlestick,Candlesticks
Canister,Canisters
Canister (food),Canisters (food)
Canister (shot),Canisters (shot)
Cannon,Cannons
Cannon ball,Cannon balls
Canoe,Canoes
Canopic chest,Canopic chests
Canopic jar,Canopic jars
Canopic urn,Canopic urns
Canopic vessel,Canopic vessels
Cap,Caps
Cape,Capes
Capital,Capitals
Capsule,Capsules
Car,Cars
Carboy,Carboys
Carder,Carders
Carding comb,Carding combs
Carinated bowl,Carinated bowls
Carinated cup,Carinated cups
Carnelian,Carnelians
Carnyx,Carnyxes
Carpet,Carpets
Carriage,Carriages
Carronade,Carronades
Carrying chair,Carrying chairs
Cart,Carts
Cart fitting,Cart fittings
Cartridge,Cartridges
Carved object,Carved objects
Carved stone,Carved stones
Carving,Carvings
Case (luggage),Cases (luggage)
Case (pipe),Cases (pipe)
Cask,Casks
Casket,Caskets
Cast,Casts
Castanet,Castanets
Casting box,Casting boxes
Casting counter,Casting counters
Casting debris,
Casting waste,Casting wastes
Catapult,Catapults
Catch,Catches
Caterpillar brooch,Caterpillar brooches
Catheter,Catheters
Cattle nasal bone,Cattle nasal bones
Cattle whip,Cattle whips
Cauldron,Cauldrons
Cauldron hanger,Cauldron hangers
Caulking tool,Caulking tools
Cave deposit,Cave deposits
Ceiling painting,Ceiling paintings
Celt,Celts
Celtic head,Celtic heads
Cement,Cements
Censer,Censers
Centurial stone,Centurial stones
Ceramic,Ceramics
Ceramic building material,
Ceramics (general),
Cereal grain,Cereal grains
Ceremonial object,Ceremonial objects
Ceremonial staff,Ceremonial staffs (or staves)
Cerimonial object,Cerimonial objects
Chafing dish,Chafing dishes
Chain,Chains
Chain link,Chain links
Chain mail,
Chain of office,Chains of office
Chain shot,Chain shots
Chair,Chairs
Chalice,Chalices
Chalk,Chalks
Chalk ball,Chalk balls
Chamber candlestick,Chamber candlesticks
Chamber pot,Chamber pots
Chamfrain,Chamfrains
Chamfron,Chamfrons
Chandelier,Chandeliers
Chape,Chapes
Charcoal,Charcoals
Charger,Chargers
Chariot,Chariots
Chariot fitting,Chariot fittings
Charm,Charms
Charm bracelet,Charm bracelets
Charm necklace,Charm necklaces
Chatelaine,Chatelaines
Cheekpiece,Cheekpieces
Cheese press,Cheese presses
Chert,Cherts
Chess board,Chess boards
Chess piece,Chess pieces
Chessman,Chessmen
Chest,Chests
Chest guard (armour),Chest guards (armour)
Chest guard (sports),Chest guards (sports)
Chicken feeder,Chicken feeders
Chimney,Chimneys
Chimney pot,Chimney pots
Chisel,Chisels
Choker,Chokers
Chopper,Choppers
Chopping block,Chopping blocks
Chrismatory,Chrismatories
Churn,Churns
Churn dash,Churn dashes
Churn staff,Churn staffs
Churning stick,Churning sticks
Ciborium,Ciboria
Cinerary bowl,Cinerary bowls
Cinerary casket,Cinerary caskets
Cinerary chest,Cinerary chests
Cinerary urn,Cinerary urns
Cinerary vessel,Cinerary vessels
Circlet,Circlets
Circumcision equipment,
Circumcision knife,Circumcision knives
Circumcision plate,Circumcision plates
Circumcision scissors,
Cistern (jug),Cisterns (jugs)
Cithara,Citharas
Cladoceran remains,
Clamp,Clamps
Clapper,Clappers
Clappers,Clappers (same)
Clasp,Clasps
Clasp knife,Clasp knives
Clay,Clays
Clay artefact,Clay artefacts
Clay figurine,Clay figurines
Clay pipe (smoking),Clay pipes (smoking)
Claymore,Claymores
Cleat,Cleats
Cleaver,Cleavers
Clench bolt,Clench bolts
Clench nail,Clench nails
Clinch nail,Clinch nails
Clinker,Clinkers
Clinometer,Clinometers
Clip,Clips
Clippers,
Cloak,Cloaks
Cloak fastener,Cloak fasteners
Cloak pin,Cloak pins
Clock,Clocks
Clock face,Clock faces
Clog,Clogs
Cloth,Cloths
Cloth beater,Cloth beaters
Cloth measure,Cloth measures
Cloth seal,Cloth seals
Clothes hanger,Clothes hangers
Clothing,
Clothing accessory,Clothing accessories
Clothing fastening,Clothing fastenings
Club,Clubs
Clump sole,Clump soles
Coal,Coals
Coal money,
Coat,Coats
Cockerel bowl,Cockerel bowls
Cockspur,Cockspurs
Codpiece,Codpieces
Coffer,Coffers
Coffin,Coffins
Coffin fitting,Coffin fittings
Coffin lining,Coffin linings
Coffin plate,Coffin plates
Cogwheel,Cogwheels
Coif (armour),Coifs (armour)
Coif (cap),Coifs (caps)
Coin,Coins
Coin (contemporary imitation),Coins (contemporary imitations)
Coin (modern forgery),Coins (modern forgeries)
Coin (modern imitation),Coins (modern imitations)
Coin blank,Coin blanks
Coin die,Coin dies
Coin hoard,Coin hoards
Coin mould,Coin moulds
Coin weight,Coin weights
Coir beater,Coir beaters
Colander,Colanders
Colchester brooch,Colchester brooches
Coleoptera remains,
Collar,Collars
Collar rim cup,Collar rim cups
Collared lid,Collared lids
Collared urn,Collared urns
Colluvium,Colluviums (or colluvia)
Column,Columns
Column base,Column bases
Comb,Combs
Comb case,Comb cases
Comb case plate,Comb case plates
Comb connecting plate,Comb connecting plates
Comb end plate,Comb end plates
Comb handle,Comb handles
Comb tooth,Comb teeth
Comb tooth plate,Comb tooth plates
Combination tool,Combination tools
Commemorative brass,Commemorative brasses
Commemorative object,Commemorative objects
Commemorative plaque,Commemorative plaques
Commemorative stone,Commemorative stones
Commemorative tablet,Commemorative tablets
Commode,Commodes
Communion cup,Communion cups
Communion flagon,Communion flagons
Communion tankard,Communion tankards
Compartmented lamp,Compartmented lamps
Compartmented tray,Compartmented trays
Compass,Compasses (same)
Compasses,Compasses (same)
Complex lid,Complex lids
Composite comb,Composite combs
Concave end scraper,Concave end scrapers
Concave sided bowl,Concave sided bowls
Concave sided jar,Concave sided jars
Concrete,Concretes
Condiment bowl,Condiment bowls
Condiment dish,Condiment dishes
Conical blade core,Conical blade cores
Conical jug,Conical jugs
Conical lid,Conical lids
Conical microblade core,Conical microblade cores
Conical mug,Conical mugs
Construction deposit,Construction deposits
Consular diptych,Consular diptychs
Container,Containers
Container <by form>,Containers <by form>
Container <by function>,Containers <by function>
Convex end scraper,Convex end scrapers
Cooking stone,Cooking stones
Cooking vessel,Cooking vessels
Cooler,Coolers
Copper,Coppers
Copper alloy,Copper alloys
Copper bead/s,Copper beads
Copper object,Copper objects
Copper ring,Copper rings
Copper wire,Copper wires
Coprolite,Coprolites
Coracle,Coracles
Coral,Corals
Coral block,Coral blocks
Corbel,Corbels
Cord,Cords
Cordoned urn,Cordoned urns
Core,Cores
Core axe,Core axes
Core axehead,Core axeheads
Core fragment,Core fragments
Core rejuvenation flake,Core rejuvenation flakes
Corer,Corers
Cork,Corks
Corkscrew,Corkscrews
Corn bin,Corn bins
Corn dolly,Corn dollies
Corn measure,Corn measures
Cornu,Cornua
Coronet,Coronets
Corset,Corsets
Corslet,Corslets
Cosmetic article,Cosmetic articles
Cosmetic bowl,Cosmetic bowls
Cosmetic box,Cosmetic boxes
Cosmetic case,Cosmetic cases
Cosmetic container,Cosmetic containers
Cosmetic dish,Cosmetic dishes
Cosmetic flask,Cosmetic flasks
Cosmetic jar,Cosmetic jars
Cosmetic mortar,Cosmetic mortars
Cosmetic pestle,Cosmetic pestles
Cosmetic set,Cosmetic sets
Cosmetic spoon,Cosmetic spoons
Costrel,Costrels
Costume,Costumes
Cot,Cots
Cotton gin,Cotton gins
Couch,Couches
Coulter,Coulters
Counter,Counters
Coversand,Coversands
Cow bell,Cow bells
Cowrie shell/s,Cowrie shells
Cradle,Cradles
Cramp,Cramps
Cramp (funerary),Cramps (funerary)
Crampon,Crampons
Cream pan,Cream pans
Creamer,Creamers
Creaser,Creasers
Creel,Creels
Cremation,Cremations
Cresset,Cressets
Cresset lamp,Cresset lamps
Crest,Crests
Crested blade,Crested blades
Crook,Crooks
Cross,Crosses
Cross head,Cross heads
Cross pendant,Cross pendants
Cross shaft,Cross shafts
Cross shaft base,Cross shaft bases
Cross staff,Cross staffs
Crossbow,Crossbows
Crossbow bolt,Crossbow bolts
Crossbow brooch,Crossbow brooches
Crotal,Crotals
Crowbar,Crowbars
Crown,Crowns
Crozier,Croziers
Crucible,Crucibles
Crucifix,Crucifixes
Cruciform brooch,Cruciform brooches
Cruet (domestic),Cruets (domestic)
Cruet (religious),Cruets (religious)
Cruse,Cruses
Crushing stone,Crushing stones
Crustacean remains,
Crutch,Crutches
Cucurbit,Cucurbits
Cuff,Cuffs
Cuff link,Cuff links
Cuirass,Cuirasses
Cullet,
Cultivation object,Cultivation objects
Cultivation soil,Cultivation soils
Cup,Cups
Cupboard,Cupboards
Cupel,Cupels
Cupped pebble,Cupped pebbles
Cupping vessel,Cupping vessels
Curfew,Curfews
Currency,Currencies
Currency bar,Currency bars
Curriers knife,Curriers’ knives
Curry comb,Curry combs
Curse,Curses
Curse tablet,Curse tablets
Cursing stick,Cursing sticks
Curtain,Curtains
Curtain fitting,Curtain fittings
Cushion,Cushions
Cushion stone,Cushion stones
Cushioned mace,Cushioned maces
Cutlass,Cutlasses
Cutlery,
Cutting blade,Cutting blades
Cutting equipment,
Cutting flake,Cutting flakes
Cylinder bead,Cylinder beads
Cylindrical blade core,Cylindrical blade cores
Cylindrical costrel,Cylindrical costrels
Cylindrical jar,Cylindrical jars
Cylindrical jug,Cylindrical jugs
Cylindrical mug,Cylindrical mugs
Cyma,Cymas
Cymbal,Cymbals
Dagga/daka,
Dagger,Dagger
Dance costume,Dance costume
Dance ornament,Dance ornament
Dark earth,Dark earth
Dart,Dart
Date stone,Date stone
Daub,Daub
Deadlight,Deadlight
Death burial or funerary object,Death burial or funerary object
Death mask,Death mask
Debitage,Debitage
Debris,Debris
Decanter,Decanter
Dedication stone,Dedication stone
Defixione,Defixione
Dental implement,Dental implement
Denticulate,Denticulate
Deposit,Deposit
Desk,Desk
Diadem,Diadem
Diary,Diary
Diatoms,Diatoms
Dibble,Dibble
Dice,Dice
Dice shaker,Dice shaker
Dice shot,Dice shot
Die,Die
Die stamp,Die stamp
Digging equipment,Digging equipment
Digging scoop,Digging scoop
Digging stick,Digging stick
Dinoflagellates,Dinoflagellates
Diptych (religious),Diptych (religious)
Diptych (written),Diptych (written)
Dirk,Dirk
Disc,Disc
Disc bead,Disc bead
Disc brooch,Disc brooch
Disc headed pin,Disc headed pin
Discoidal knife,Discoidal knife
Discoidal scraper,Discoidal scraper
Discus,Discus
Dish,Dish
Dish lid,Dish lid
Distaff,Distaff
Distilling base,Distilling base
Divided bowl,Divided bowl
Divided dish,Divided dish
Dividers,Dividers
Divination board,Divination board
Divination bone,Divination bone
Divination bowl,Divination bowl
Divination box,Divination box
Divination die,Divination die
Divination figure,Divination figure
Divination staff,Divination staff
Divination stone,Divination stone
Divination tablet,Divination tablet
Divination tray,Divination tray
Divinational object,Divinational object
Document,Document
Dodecahedron,Dodecahedron
Dog harness,Dog harness
Dolerite,Dolerite
Doll,Doll
Dolphin brooch,Dolphin brooch
Domed lid,Domed lid
Domino,Domino
Donkey shoe,Donkey shoe
Door,Door
Door fitting,Door fitting
Door frame,Door frame
Door furniture,Door furniture
Door handle,Door handle
Door jamb,Door jamb
Door knob,Door knob
Door knocker,Door knocker
Door plate,Door plate
Door post,Door post
Door sill,Door sill
Door socket,Door socket
Door stop,Door stop
Door stud,Door stud
Doorstop,Doorstop
Double handled bowl,Double handled bowl
Double handled jar,Double handled jar
Double shelled lamp,Double shelled lamp
Double sided comb,Double sided comb
Double spiked loop,Double spiked loop
Doughnut bead,Doughnut bead
Dowel,Dowel
Dowry box,Dowry box
Dragonesque brooch,Dragonesque brooch
Drain cover,Drain cover
Drain pipe,Drain pipe
Draughtsman,Draughtsman
Drawing set,Drawing set
Drawknife,Drawknife
Dress,Dress
Dress and personal accessories,Dress and personal accessories
Dress component,Dress component
Dress fastener (dress),Dress fastener (dress)
Dress fastener (unknown),Dress fastener (unknown)
Dress hook,Dress hook
Dress pin,Dress pin
Dress stud,Dress stud
Dressed stone,Dressed stone
Drill,Drill
Drill bit,Drill bit
Drilling equipment,Drilling equipment
Drink serving container,Drink serving container
Drinking horn,Drinking horn
Drinking horn mount,Drinking horn mount
Drinking vessel,
Dripping dish,
Dripping pan,
Dripping tray,
Drop hinge,
Drug bottle,
Drug jar,
Drug pot,
Drum,
Drumstick,
Ducking stool,
Dulcimer,
Dung,
Ear cleaner,Ear cleaners
Ear guard,Ear guards
Ear muff,Ear muffs
Ear pick,Ear picks
Ear plug,Ear plugs
Ear ring,Ear rings
Ear scoop,Ear scoops
Ear spoon,Ear spoons
Earguard,Earguards
Earplug,Earplugs
Earthworm remains,
Echinoderm remains,
Ecofacts,Ecofacts
Edge blown wind instrument,Edge blown wind instruments
Edged weapon,Edged weapons
Eel fork,Eel forks
Eel spear,Eel spears
Effigy,Effigies
Egg cup,Egg cups
Egg shell,Egg shells
Emblem,Emblems
Embossing stamp,Embossing stamps
Emerlad,Emeralds
Enamel,Enamels
End scraper,End scrapers
End winged axehead,End winged axeheads
Engine,Engines
Engraved object,Engraved objects
Engraving tool,Engraving tools
Entrenching tool,Entrenching tools
Epaulette,Epaulettes
Epicranitis,Epicranitises
Escutcheon,Escutcheons
Estuarine deposit,Estuarine deposits
Etching tool,Etching tools
Eucharist object,Eucharist objects
Eucharist spoon,Eucharist spoons
Ewer,Ewers
Expended ammunition,
Explosive weapon,Explosive weapons
Eye bath,Eye baths
Eye shade,Eye shades
Eyelet,Eyelets
Fabricator,Fabricators
Face jug,Face jugs
Face urn,Face urns
Face vase,Face vases
Faience,Faiances
Fan,Fans
Fan case,Fan cases
Fastening,Fastenings
Faunal remains,
Feather,Feathers
Feeding bottle,Feeding bottles
Ferrule,Ferrules
Fetter,Fetters
Fibre inprint,Fibre inprints
Fibre,Fibres
Fibula,Fibulae
Fichu,Fichus
Fiddle,Fiddles
Fiddle key nail,Fiddle key nails
Fife,Fifes
Figurehead,Figureheads
Figurine,Figurines
File,Files
Finger ring,Finger rings
Fingerboard,Fingerboards
Finial (architectural),Finials (architectural)
Fipple flute,Fipple flutes
Fire bar,Fire bars
Fire basket,Fire baskets
Fire brick,Fire bricks
Fire cover,Fire covers
Fire dog,Fire dogs
Fire fan,Fire fans
Fire fender,Fire fenders
Fire grate,Fire grates
Fire grid,Fire grids
Fire guard,Fire guards
Fire hook,Fire hooks
Fire iron,Fire irons
Fire mark,Fire marks
Fire rake,Fire rakes
Fire screen,Fire screens
Fire shovel,Fire shovels
Fire stone,Fire stones
Fire tongs,Fire tongs
Firearm,Firearms
Firelock,Firelocks
Firesteel,Firesteels
Fish bone,Fish bones
Fish dish,Fish dishes
Fish gorge,Fish gorges
Fish hook,Fish hooks
Fish kettle,Fish kettles
Fish net,Fish nets
Fish remains,
Fish smoker,Fish smokers
Fish spear,Fish spears
Fish trap,Fish traps
Fishing basket,Fishing baskets
Fishing line,Fishing lines
Fishing net,Fishing nets
Fishing object,Fishing objects
Fishing reel,Fishing reels
Fishing rod,Fishing rods
Fitting,Fittings
Fixtures and fittings,
Flag,Flags
Flagellum,Flagella
Flageolet,Flageolets
Flagon,Flagons
Flagstone,Flagstones
Flail,Flails
Flail shot,Flail shots
Flaint,Flaints
Flake,Flakes
Flake axe,Flake axes
Flaked axehead,Flaked axeheads
Flan,Flans
Flanged axehead,Flanged axeheads
Flanged curfew,Flanged curfews
Flanged lid,Flanged lids
Flared bowl,Flared bowls
Flared cup,Flared cups
Flared curfew,Flared curfews
Flared jar,Flared jars
Flared mug,Flared mugs
Flashing,Flashings
Flask,Flasks
Flat axehead,Flat axeheads
Flat iron,Flat irons
Flat lid,Flat lids
Flat topped lid,Flat topped lids
Flattened flask,Flattened flasks
Flatter,Flatters
Flax beater,Flax beaters
Flax pounder,Flax pounders
Fleam,Fleams
Flesh fork,Flesh forks
Flesh hook,Flesh hooks
Flint implement,Flint implements
Flint nodule,Flint nodules
Flintlock,Flintlocks
Flintlock musket,Flintlock muskets
Flintlock pistol,Flintlock pistols
Float (tool),Floats (tools)
Float (water),Floats (water)
Floor,Floors
Floor covering,Floor coverings
Floor tile,Floor tiles
Flooring,Floorings
Floral remains,
Flot,Flots
Flower pot,Flower pots
Flue tile,Flue tiles
Flute,Flutes
Fob,Fobs
Foil,Foils
Folding knife,Folding knives
Font,Fonts
Food and drink serving container,
Food and liquid storage container,
Food gathering and preparation container,
Food preparation and consumption,
Food preparation container,Food preparation containers
Food preparation equipment,
Food residue,Food residues
Food serving container,Food serving containers
Foot guard,Foot guards
Foot rule,Foot rules
Footed pygmy cup,Footed pygmy cups
Footstone,Footstones
Footstool,Footstools
Footwear,
Footwear component,Footwear components
Foraminifera,
Forceps,
Fork (tool),Forks (tools)
Fork (utensil),Forks (utensils)
Fork prong,Fork prongs
Fossil (object),Fossils (objects)
Foundation stone,Foundation stones
Frame,Frames
Frame harp,Frame harps
Francisca,Franciscae
Fresco,Frescoes
Fresh and brackish water mollusca remains,
Freshwater (mollusca remains),
Freshwater shell/s,Freshwater shells
Fret,Frets
Frieze,Friezes
Frit,Frits
Fruitstone,Fruitstones
Frying pan,Frying pans
Fuddling cup,Fuddling cups
Fuller,Fullers
Fulling roller,Fulling rollers
Fulling vat,Fulling vats
Fuming pot,Fuming pots
Funerary chalice,Funerary chalices
Fungus,Fungi 
Funnel,Funnels
Furnace remains,
Furnishing,
Furnishings and furniture,
Furniture,
Furniture fitting,Furniture fittings
Gable cross,Gable crosses
Gaiter,Gaiters
Gall,Galls
Gallows,
Gambeson,Gambesons
Game board,Game boards
Game box,Game boxes
Game counter,Game counters
Gaming board,Gaming boards
Gaming chip,Gaming chips
Gaming counter,Gaming counters
Gaming piece,Gaming pieces
Gang chain,Gang chains
Garden soil,Garden soils
Garderobe seat,Garderobe seats
Gargoyle,Gargoyles
Garment hook,Garment hooks
Garnet,Garnets
Garter,Garters
Gas bottle,Gas bottles
Gas cylinder,Gas cylinders
Gas mask,Gas masks
Gate,Gates
Gate pier,Gate piers
Gate pillar,Gate pillars
Gateway,Gateways
Gauge,Gauges
Gauntlet,Gauntlets
Gemstone,Gemstones
Geological deposit,Geological deposits
Geological sample,Geological samples
Geometry instrument,Geometry instruments
Gibbet,Gibbets
Gill,Gills
Gimlet,Gimlets
Ginger jar,Ginger jars
Gipciere,Gipcieres
Girdle,Girdles
Girdle fastener,Girdle fasteners
Girdle hanger,Girdle hangers
Girth,Girths
Glaciation deposit,Glaciation deposits
Glaive,Glaives
Glass artefact/s,Glass artefacts
Glass bead/s,Glass beads
Glass working debris,
Globular flask,Globular flasks
Globular jar,Globular jars
Globular jug,Globular jugs
Glove,Gloves
Gnomon,Gnomons
Goad,Goads
Goblet,Goblets
Goggles,
Gold,
Gold bead/s,Gold beads
Gold object,Gold objects
Gold weight,Gold weights
Gong,Gongs
Gorget (armour),Gorgets (armour)
Gorget (decorative),Gorgets (decorative)
Gouge,Gouges
Grain,Grains
Grain measure,Grain measures
Grain rubber,Grain rubbers
Granite,Granites
Grape,Grapes
Grape shot,Grape shots
Graphiti,
Grapnel,Grapnels
Grappling hook,Grappling hooks
Grappling iron,Grappling irons
Grater,Graters
Grave cover,Grave covers
Grave goods,
Grave marker,Grave markers
Grave slab,Grave slabs
Gravel,Gravels
Graver,Gravers
Gravestone,Gravestones
Grease pot,Grease pots
Greave,Greaves
Greenstone,Greenstones
Grenade,Grenades
Grid iron,Grid irons
Griddle (plate),Griddle plates
Grille,Grilles
Grinder,Grinders
Grinding equipment,
Grinding stone,Grinding stones
Grinding wheel,Grinding wheels
Grindstone,Grindstones
Gripping equipment,
Grooved hammerstone,Grooved hammerstones
Guisarme,Guisarmes
Guitar,Guitars
Gun,Guns
Gun guard,Gun guards
Gunflint,Gunflints
Guttering,Gutterings
Gyttja,Gyttjas
Haft flanged axehead,Haft flanged axeheads
Hair,Hairs
Hair care equipment,
Hair curler,Hair curlers
Hair net,Hair nets
Hair ornament,Hair ornaments
Hair piece,Hair pieces
Hair pin,Hair pins
Hair ring,Hair rings
Hair slide,Hair slides
Hairbrush,Hairbrushes
Halberd,Halberds
Halberd pendant,Halberd pendants
Half round curfew,Half round curfews
Hammer,Hammers
Hammer head,Hammer heads
Hammerscale,
Hammerstone,Hammerstones
Hand lamp,Hand lamps
Hand luggage,
Hand mirror,Hand mirrors
Handaxe,Handaxes
Handaxe roughout,Handaxe roughouts
Handbell,Handbells
Handgun,Handguns
Handkerchief,Handkerchiefs
Handle,Handles
Handle core,Handle cores
Handled bowl,Handled bowls
Handled jar,Handled jars
Hanger,Hangers
Hanging bowl,Hanging bowls
Hanging lamp,Hanging lamps
Harbick,Harbicks
Harness,Harnesses
Harness bell,Harness bells
Harness clip,Harness clips
Harness fitting,Harness fittings
Harness hook,Harness hooks
Harness mount,Harness mounts
Harness pendant,Harness pendants
Harness ring,Harness rings
Harp,Harps
Harp peg,Harp pegs
Harp tuning peg,Harp tuning pegs
Harpoon,Harpoons
Harrow,Harrows
Harvesting and mowing object,Harvesting and mowing objects
Hasp,Hasps
Hat,Hats
Hatchet,Hatchets
Hatchway cover,Hatchway covers
Hawk bell,Hawk bells
Hawk belt,Hawk belts
Hawk trap,Hawk traps
Hawking equipment,
Hayfork,Hayforks
Hazel nut,Hazel nuts
Head band,Head bands
Head cloth,Head cloths
Head dress,Head dresses
Head net,Head nets
Head ornament,Head ornaments
Head scarf,Head scarves
Headstall,Headstalls
Headstone,Headstones
Headstud brooch,Headstud brooches
Headwear,
Hearse,Hearses
Hearth,Hearths
Hearth lining,Hearth linings
Hearth tile,Hearth tiles
Hearthstone,Hearthstones
Heating and lighting,
Heating object,Heating objects
Heating stand,Heating stands
Heckle,Heckles
Heddle cradle,Heddle cradles
Heddle rod,Heddle rods
Heel stiffener,Heel stiffeners
Helm,Helms
Helmet,Helmets
Helmet cheekpiece,Helmet cheekpieces
Hematite,Hematites
Hemispherical bowl,Hemispherical bowls
Hemispherical curfew,Hemispherical curfews
Hemispherical lamp,Hemispherical lamps
Heraldic device,Heraldic devices
Hinge,Hinges
Hinge cylinder,Hinge cylinders
Hinge dowel,Hinge dowels
Hinge pivot,Hinge pivots
Hinge strap,Hinge straps
Hipposandal,Hipposandals
Hnaftafl marker,Hnaftafl markers
Hnefatafl marker,Hnefatafl markers
Hoard,Hoards
Hob nail,Hob nails
Hobble,Hobbles
Hod hill brooch,Hod hill brooches
Hoe,Hoes
Holdfast,Holdfasts
Hollow based arrowhead,Hollow based arrowheads
Holy water box,Holy water boxes
Holy water pot,Holy water pots
Holy water sprinkler,Holy water sprinklers
Holy water vase,Holy water vases
Holy water vessel,Holy water vessels
Hone,Hones
Hood (clothing),Hoods (clothing)
Hood (hawking),Hoods (hawking)
Hoof pick,Hoof picks
Hook,Hooks
Hook norton brooch,Hook norton brooches
Hooked tag,Hooked tags
Horn (music),Horns (music)
Horse armour,Horse armours
Horse bit,Horse bits
Horse harness,Horse harnesses
Horse trapping,Horse trappings
Horse whip,Horse whips
Horsebit,Horsebits
Horseshoe,Horseshoes
Horseshoe nail,Horseshoe nails
Horticultural container,Horticultural containers
Hose,Hoses
Hosepipe,Hosepipes
Hourglass,Hourglasses
Hub,Hubs
Hub cap,Hub caps
Hub lining,Hub linings
Human bone,Human bones
Human remains,
Human skeleton,Human skeletons
Human skull,Human skulls
Human tooth,Human teeth
Hunting horn,Hunting horns
Hunting object,Hunting objects
Hurdle,Hurdles
Hurdling tool,Hurdling tools
Hurdy gurdy,Hurdy gurdies
Hymn book,Hymn books
Hypocaust tile,Hypocaust tiles
Ice skate,Ice skates
Icon,Icons
Idol,Idols
Igniting accessory,Igniting accessories
Imbrex,Imbrices
Impressed object,Impressed objects
Incantation bowl,Incantation bowls
Incense bowl,Incense bowls
Incense burner,Incense burners
Incense cup,Incense cups
Incense holder,Incense holders
Incense shovel,Incense shovels
Incense spoon,Incense spoons
Incense tongs,Incense tongs
Incense vase,Incense vases
Industrial by product,Industrial by products
Ingot,Ingots
Ingot mould,Ingot moulds
Ink,Inks (uncountable)
Ink bottle,Ink bottles
Ink case,Ink cases
Ink pot,Ink pots
Ink sander,Ink sanders
Ink spoon,Ink spoons
Ink stand,Ink stands
Ink stone,Ink stones
Inkwell,Inkwells
Inlay,Inlays
Inscribed object,Inscribed objects
Insect,Insects
Insect cage,Insect cages
Insect remains,
Insignia,
Intaglio,Intaglios
Inturned dish,Inturned dishes
Inturned jar,Inturned jars
Invertebrate remains,
Iron,Irons
Iron pyrites,
Irregular core,Irregular cores
Ivory (general),
Jack (cooking),Jacks (cooking)
Jacket,Jackets
Jade,Jades
Jadeite,Jadeites
Jamb,Jambs
Jar,Jars
Javelin,Javelins
Jerkin,Jerkins
Jess,Jesses
Jet,Jets
Jetton,Jettons
Jewellery,
Jewellery fitting,Jewellery fittings
Jews harp,Jews harps
Jingle,Jingles
Jingle jangle,Jingle jangles
Joiners dog,Joiners’ dogs
Jug,Jugs
Jumper,Jumpers
Keeled core,Keeled cores
Keg,Kegs
Kerchief,Kerchiefs
Kettle,Kettles
Key (locking),Keys (locking)
Key (music),Keys (music)
Key (winding),Keys (winding)
Key blank,Key blanks
Keyboard instrument,Keyboard instruments
Keyhole cover,Keyhole covers
Keyhole escutcheon,Keyhole escutcheons
Keyhole fitting,Keyhole fittings
Keyhole plate,Keyhole plates
Keystone,Keystones
Kidney dagger,Kidney daggers
Kiln bar,Kiln bars
Kiln furniture,
Kiln lining,Kiln linings
Kiln packing,Kiln packings
Kiln spacer,Kiln spacers
Kiln waste,Kiln wastes
Kilt,Kilts
Knapping fragment,Knapping fragments
Knee brooch,Knee brooches
Knee guard,Knee guards
Knife,Knives
Knife blade,Knife blades
Knife blank,Knife blanks
Knife plate,Knife plates
Knight jug,Knight jugs
Knitting needle,Knitting needles
Knitting pin,Knitting pins
Knout,Knouts
Knuckle bone (gaming),
Knuckle bone (remains),
Kohl pot,Kohl pots
Lace (fastening),Laces (fastenings)
Lace (textile),Laces (textile)
Lace bobbin,Lace bobbins
Lace pillow,Lace pillows
Lace tag,Lace tags
Lachrymatory (container),Lachrymatories (containers)
Lachrymatory (religious),Lachrymatories (religious)
Lacing ring,Lacing rings
Lacustrine deposit,Lacustrine deposits
Ladder,Ladders
Ladle,Ladles
Lamberton moor brooch,Lamberton moor brooches
Lamp,Lamps
Lamp filler,Lamp fillers
Lamp fitting,Lamp fittings
Lamp hanger,Lamp hangers
Lamp holder,Lamp holders
Lamp hook,Lamp hooks
Lamp stand,Lamp stands
Lance,Lances
Lancehead,Lanceheads
Lanceolate microlith,Lanceolate microliths
Lancet,Lancets
Land snail remains,
Land vehicle,Land vehicles
Landing net,Landing nets
Langton down brooch,Langton down brooches
Lantern,Lanterns
Lap desk,Lap desks
Lapel stud,Lapel studs
Lar,Lares
Lariat,Lariats
Lasso,Lassos
Last,Lasts
Latch,Latches
Latch catch,Latch catches
Latch rest,Latch rests
Latchlifter,Latchlifters
Lathe,Lathes
Lathe core,Lathe cores
Laurel leaf,Laurel leaves
Lava,Lavas
Lavabo,Lavabos
Laver,Lavers
Lead,
Leaf arrowhead,Leaf arrowheads
Leash,Leashes
Leather,
Leather stamp,Leather stamps
Ledger stone,Ledger stones
Leg guard,Leg guards
Leg iron,Leg irons
Legging,Leggings
Leister,Leisters
Lens,Lenses
Letter,Letters
Letter weight,Letter weights
Levallois core,Levallois cores
Levallois flake,Levallois flakes
Levallois point,Levallois points
Level,Levels
Lever,Levers
Libation bowl,Libation bowls
Libation container,Libation containers
Libation cup,Libation cups
Libation jug,Libation jugs
Libation ladle,Libation ladles
Libation table,Libation tables
Libation tank,Libation tanks
Libation vase,Libation vases
Lid,Lids
Lift key,Lift keys
Light fitting,Light fittings
Lighter,Lighters
Lighthouse jug,Lighthouse jugs
Lighting object,Lighting objects
Ligula,Ligulae
Limestone,Limestones
Limpet scoop,Limpet scoops
Linch pin,Linch pins
Line sinker,Line sinkers
Linen armour,Linen armours
Linen smoother,Linen smoothers
Linked pin,Linked pins
Linstock,Linstocks
Lintel,Lintels
Lip blown wind instrument,Lip blown wind instruments
Liquid measure,Liquid measures
Litharge,
Lithic core,Lithic cores
Lithic debitage,
Lithic flake,Lithic flakes
Lithic implement,Lithic implements
Lithic tool,Lithic tools
Lithics (general),
Litter,Litters
Lituus,Lituuses
Livery collar,Livery collars
Lobed bowl,Lobed bowls
Lobed cup,Lobed cups
Lobed dish,Lobed dishes
Lock,Locks
Lock bar,Lock bars
Lock bolt,Lock bolts
Lock bolt spring,Lock bolt springs
Lock housing,Lock housings
Lock plate,Lock plates
Lock spring,Lock springs
Lock tumbler,Lock tumblers
Locket,Lockets
Locking lid,Locking lids
Locking mechanism,Locking mechanisms
Loess,Loesses
Log,Logs
Logboat,Logboats
Loin band,Loin bands
Loincloth,Loincloths
Long brooch,Long brooches
Longarm,Longarms
Longbow,Longbows
Loom,Looms
Loomweight,Loomweights
Loop headed spike,Loop headed spikes
Looped palstave,Looped palstaves
Looped spearhead,Looped spearheads
Lorry,Lorries
Louvre,Louvres
Lozenge,Lozenges
Lucifer match,Lucifer matches
Lug (handle),Lugs (handles)
Lug (pole),Lugs (poles)
Lunate microlith,Lunate microliths
Lunula,Lunulae
Lure,Lures
Lute,Lutes
Lynch pin,Lynch pins
Lyre,Lyres
Mace,Maces
Macehead,Maceheads
Machete,Machetes
Machine gun,Machine guns
Mail armour,Mail armours
Mallet,Mallets
Malting tile,Malting tiles
Mammal remains,Mammal remains
Mammiform costrel,Mammiform costrels
Manacle,Manacles
Mandolin,Mandolins
Manicure implement,Manicure implements
Manicure set,Manicure sets
Mantle,Mantles
Manufacture and processing,Manufactures and processings
Manufacturing debris,Manufacturing debris
Manuscript,Manuscripts
Marble,Marbles
Marine deposit,Marine deposits
Marine mollusca remains,Marine mollusca remains
Marking equipment,Marking equipment
Marking tool,Marking tools
Marlin spike,Marlin spikes
Marriage bowl,Marriage bowls
Marriage object,Marriage objects
Marriage ring,Marriage rings
Martingale,Martingales
Marver,Marvers
Masher,Mashers
Mask,Masks
Matchlock musket,Matchlock muskets
Mattock,Mattocks
Mattress,Mattresses
Maul,Mauls
Mazer,Mazors
Measurement,Measurements
Measuring rod,Measuring rods
Measuring vessel,Measuring vessels
Meat dish,Meat dishes
Medal,Medals
Medallion,Medallions
Median winged axehead,Median winged axeheads
Medical container,Medical containers
Medical implement,Medical implements
Medical plate,Medical plates
Medicine and pharmacy,Medicine and pharmacy items
Medicine bottle,Medicine bottles
Melon bead,Melon beads
Memorial brass,Memorial brasses
Memorial effigy,Memorial effigies
Memorial stone,Memorial stones
Memorial tablet,Memorial tablets
Merchants hoard,Merchants hoards
Mercury jar,Mercury jars
Metal,Metals
Metal object/s,Metal objects
Metal working debris,Metal working debris
Metallurgical,Metallurgical items
Metals (general),
Mether,Methers
Microburin,Microburins
Microdenticulate,Microdenticulates
Microfauna remains,Microfauna remains
Microfossil,Microfossils
Microlith,Microliths
Microscope,Microscopes
Milestone,Milestones
Military cheekpiece,Military cheekpieces
Military equipment,Military equipment
Military standard,Military standards
Milk bottle,Milk bottles
Milk churn,Milk churns
Milking can,Milking cans
Milking jug,Milking jugs
Milking pail,Milking pails
Milking pot,Milking pots
Milking vessel,Milking vessels
Mill paddle,Mill paddles
Millefiori cane,Millefiori canes
Millefiori rod,Millefiori rods
Millstone,Millstones
Millstone roughout,Millstone roughouts
Mine,Mines
Miners cage,Miners cages
Miniature object,Miniature objects
Mirror,Mirrors
Mirror case,Mirror cases
Misericord (dagger),Misericords (daggers)
Misericord (seat),Misericords (seats)
Mite remains,Mite remains
Moat,Moats
Moccasin,Moccasins
Model,Models
Modius,Modii
Mollusca remains,Mollusca remains
Money box,Money boxes
Monstrance,Monstrances
Monumental brass,Monumental brasses
Monumental cross,Monumental crosses
Mood,Moods
Moondial,Moondials
Morse,Morses
Mortar (vessel),Mortars (vessels)
Mortar (weapon),Mortars (weapons)
Mortar bomb,Mortar bombs
Mortar stone,Mortar stones
Mortarium,Mortaria
Mosaic,Mosaics
Moss,Mosses
Motif piece,Motif pieces
Motor vehicle,Motor vehicles
Motorcycle,Motorcycles
Mould,Moulds
Moulding,Mouldings
Moulding chisel,Moulding chisels
Moulding equipment,Moulding equipment
Mouldstone,Mouldstones
Mount,Mounts
Mouthpiece,Mouthpieces
Mudstone,Mudstones
Muff,Muffs
Mug,Mugs
Muller,Mullers
Multi handled bowl,Multi handled bowls
Multi handled jar,Multi handled jars
Multiple bowl,Multiple bowls
Multiple dish,Multiple dishes
Multiple platform core,Multiple platform cores
Mural,Murals
Music,
Musical box,Musical boxes
Musical instrument,Musical instruments
Musical instrument <by air>,Musical instruments (by air)
Musical instrument <by membrane>,Musical instruments (by membrane)
Musical instrument <by sound production>,Musical instruments (by sound production)
Musical instrument <by string>,Musical instruments (by string)
Musical instrument <integral>,Musical instruments (integral)
Musical instrument case,Musical instrument cases
Musical instrument component,Musical instrument components
Musket,Muskets
Musket ball,Musket balls
Mussel shell,Mussel shells
Muzzle,Muzzles
Nail,Nails
Nail cleaner,Nail cleaners
Nail clipper,Nail clippers
Nail extractor,Nail extractors
Nail file,Nail files
Nameboard,Nameboards
Namestone,Namestones
Nauheim derivate brooch,Nauheim derivate brooches
Nave band,Nave bands
Neck ring,Neck rings
Neck tie,Neck ties
Necked cup,Necked cups
Neckerchief,Neckerchiefs
Necklace,Necklaces
Necklet,Necklets
Needle,Needles
Needle case,Needle cases
Needle holder,Needle holders
Nematode remains,
Net,Nets
Net float,Net floats
Net sinker,Net sinkers
Net weight,Net weights
Netting needle,Netting needles
Nocturnal,Nocturnals
Non marine mollusca remains,
Nose bag,Nose bags
Noseguard,Noseguards
Notch,Notches
,
Nozzle,Nozzles
Nut,Nuts
Nut (fastening),Nuts (fastenings)
Nut crackers,Nut crackers
Oakum,Oakums
Oar,Oars
Obsidian,Obsidians
Ochre,Ochres
Octant,Octants
Oculists stamp,Oculists stamps
Offcut,Offcuts
Offering bowl,Offering bowls
Offering dish,Offering dishes
Offering jar,Offering jars
Offering plate,Offering plates
Offering tray,Offering trays
Offering vessel,Offering vessels
Ogham stone,Ogham stones
Ointment jar,Ointment jars
Opium pipe,Opium pipes
Oracle bone,Oracle bones
Organ,Organs
Organ pipe,Organ pipes
Organetto,Organetti
Organic material,Organic materials
Organic sediment,Organic sediments
Organic tool(s),
Osemund,Osemunds
Ossuary,Ossuaries
Ostracod remains,Ostracod remains
Ostrich,Ostriches
Ostrich bead,Ostrich beads
Ostrich shell,Ostrich shells
Ostrich shell fragment,Ostrich shell fragments
Other,Others
Outwear,Outwears
Oven,Ovens
Oven clay,Oven clays
Oven furniture,Oven furniture
Ox goad,Ox goads
Ox shoe,Ox shoes
Oyster shell,Oyster shells
Paddle,Paddles
Padlock,Padlocks
Padlock bolt,Padlock bolts
Padlock key,Padlock keys
Padlock key blank,Padlock key blanks
Padlock spring,Padlock springs
Padlock tube,Padlock tubes
Page holder,Page holders
Pail,Pails
Paint brush,Paint brushes
Painted glass (window),Painted glasses (windows)
Palaeosol,Palaeosols
Paleosol,Paleosols
Palette (armour),Palettes (armour)
Palette (artists),Palettes (artists)
Palette (cosmetic),Palettes (cosmetic)
Paling,Palings
Pall,Palls
Palm,Palms
Palm cup,Palm cups
Palstaff,Palstaffs
Palstave,Palstaves
Pan,Pans
Pan pipe,Pan pipes
Pancheon,Pancheons
Panel,Panels
Pantile,Pantiles
Paper,Papers
Paper weight,Paper weights
Paperclip,Paperclips
Papyrus,Papyri
Parachute,Parachutes
Parade armour,Parade armours
Parasite remains,Parasite remains
Parasol,Parasols
Parchment,Parchments
Parchment pricker,Parchment prickers
Pargetting mould,Pargetting moulds
Parting vessel,Parting vessels
Pastern trammel,Pastern trammels
Paten,Patens
Patera,Paterae
Patten,Pattens
Pattern,Patterns
Pax,Paxes
Pear shaped jug,Pear shaped jugs
Peat,Peats
Peat deposit,Peat deposits
Pebble (object),Pebbles (objects)
Pebble mace,Pebble maces
Peck,Pecks
Pectoral,Pectorals
Pedal (music),Pedals (music)
Pedestal beaker,Pedestal beakers
Pedestal bowl,Pedestal bowls
Pedestal cup,Pedestal cups
Pedestal dish,Pedestal dishes
Pedestal lamp,Pedestal lamps
Peeler,Peelers
Peg,Pegs
Peg arm,Peg arms
Peg tile,Peg tiles
Pegau,Pegaus
Pellet bell,Pellet bells
Pen,Pens
Penannular brooch,Penannular brooches
Penannular ring,Penannular rings
Pencil,Pencils
Pendant,Pendants
Pendulum,Pendulums
Penis sheath,Penis sheaths
Penknife,Penknives
Pentatych,Pentatyches
Percussive weapon,Percussive weapons
Perforated disc,Perforated discs
Perforated object,Perforated objects
Perfume bottle,Perfume bottles
Perfume pot,Perfume pots
Periglacial deposit,Periglacial deposits
Personal accessory,Personal accessories
Personal grooming and hygiene item,Personal grooming and hygiene items
Personal hoard,Personal hoards
Personal hygiene container,Personal hygiene containers
Personal ornament,Personal ornaments
Personal symbol,Personal symbols
Pestle,Pestles
Petit tranchet arrowhead,Petit tranchet arrowheads
Petroglyph,Petroglyphs
Pew,Pews
Phalera,Phalerae
Phallic object,Phallic objects
Phial,Phials
Phiale,Phialae
Phylactery,Phylacteries
Phytolith,Phytoliths
Pick,Picks
Pickaxe,Pickaxes
Picture frame,Picture frames
Pier,Piers
Piercing equipment,Piercing equipment
Pigment (unsepcified),Pigments (unspecified)
Pigment container,Pigment containers
Pike,Pikes
Pilaster,Pilasters
Pilgrim badge,Pilgrim badges
Pilgrim bottle,Pilgrim bottles
Pill box,Pill boxes
Pillar,Pillars
Pillar harp,Pillar harps
Pillory,Pillories
Pillow,Pillows
Pilum,Pila
Pin,Pins
Pin beater,Pin beaters
Pin cushion,Pin cushions
Pincers,Pincers
Pinners bone,Pinners bones
Pintle,Pintles
Pip,Pips
Pipe (architectural),Pipes (architectural)
Pipe (music),Pipes (music)
Pipe (smoking),Pipes (smoking)
Pipe cleaner,Pipe cleaners
Pipe holder,Pipe holders
Pipe rack,Pipe racks
Pipe tamper,Pipe tampers
Pipkin,Pipkins
Piscina,Piscinae
Pistol,Pistols
Piston,Pistons
Pitcher,Pitchers
Pitchfork,Pitchforks
Plan,Plans
Plane,Planes
Plank,Planks
Plano convex knife,Plano convex knives
Plant macro remains,Plant macro remains
Plant micro remains,Plant micro remains
Plant remains,Plant remains
Plaque,Plaques
Plaster,Plasters
Plate,Plates
Plate armour,Plate armours
Plate brooch,Plate brooches
Platter,Platters
Playing card,Playing cards
Playing piece,Playing pieces
Plectrum,Plectra
Pliers,Pliers
Plinth,Plinths
Plough,Ploughs
Plough soil,Plough soils
Ploughshare,Ploughshares
Plucked string instrument,Plucked string instruments
Plug,Plugs
Plug bayonet,Plug bayonets
Plumb bob,Plumb bobs
Plumbatum,Plumbata
Plume,Plumes
Poignard,Poignards
Point,Points
Poker,Pokers
Polden hill brooch,Polden hill brooches
Pole,Poles
Pole axe,Pole axes
Polesheath,Polesheaths
Polished axehead,Polished axeheads
Polished knife,Polished knives
Polisher,Polishers
Polishing iron,Polishing irons
Polishing stone,Polishing stones
Polissoir,Polissoirs
Pollen,Pollens
Polyptych,Polyptychs
Pommander,Pommanders
Pommel (saddle),Pommels (saddles)
Porringer,Porringers
Portable shrine,Portable shrines
Portative organ,Portative organs
Porthole,Portholes
Posset pot,Posset pots
Post,Posts
Posy ring,Posy rings
Pot,Pots
Pot boiler,Pot boilers
Pot lid,Pot lids
Pot mend,Pot mends
Potsherd/s,Potsherds
Potters stamp,Potters stamps
Potters tool,Potters tools
Potters wheel,Potters wheels
Pottery,Potteries
Pouch,Pouches
Pounce pot,Pounce pots
Pouncet box,Pouncet boxes
Pounder,Pounders
Powder flask,Powder flasks
Powder horn,Powder horns
Powder measure,Powder measures
Power symbol,Power symbols
Prayer bead,Prayer beads
Prayer book,Prayer books
Prayer scroll,Prayer scrolls
Prayer stick,Prayer sticks
Press,Presses
Pressing and crushing equipment,
Prick spur,Prick spurs
Pricket,Prickets
Pricket lamp,Pricket lamps
Primer,Primers
Priming flask,Priming flasks
Priming horn,Priming horns
Probe,Probes
Processional cross,Processional crosses
Projectile,Projectiles
Projectile weapon,Projectile weapons
Prong,Prongs
Property marker,Property markers
Protective clothing,Protective clothings
Prototype,Prototypes
Protractor,Protractors
Proving mortar,Proving mortars
Pruning hook,Pruning hooks
Pruning knife,Pruning knives
Psaltery,Psalteries
Puddingstone,Puddingstones
Pulley,Pulleys
Pulley insert,Pulley inserts
Pulley wheel,Pulley wheels
Pump,Pumps
Pump housing,Pump housings
Punch,Punches
Punishment and restraint,Punishments and restraints
Puppet,Puppets
Purse,Purses
Purse bar,Purse bars
Purse frame,Purse frames
Purse mount,Purse mounts
Puzzle,Puzzles
Puzzle cup,Puzzle cups
Puzzle jug,Puzzle jugs
Pygmy cup,Pygmy cups
Pyx,Pyxes
Quadrant,Quadrants
Quarrel,Quarrels
Quart,Quarts
Quarterstaff,Quarterstaffs
Quartz,Quartzes
Quartz flake,Quartz flakes
Quern,Querns
Quern roughout,Quern roughouts
Quern stone,Quern stones
Quill,Quills
Quiver,Quivers
Quoit,Quoits
Rail,Rails
Rake,Rakes
Rapier,Rapiers
Rasp,Rasps
Ratchet rattle,Ratchet rattles
Rattle,Rattles
Razor,Razors
Reamer,Reamers
Reaper,Reapers
Reaping hook,Reaping hooks
Reaping knife,Reaping knives
Receiver,Receivers
Recorder,Recorders
Rectangle microlith,Rectangle microliths
Reed blown wind instrument,Reed blown wind instruments
Reed cap,Reed caps
Reed pipe,Reed pipes
Regal,Regals
Rein,Reins
Rein guide,Rein guides
Relief,Reliefs
Religion or ritual,Religions or rituals
Religious or ritual container,Religious or ritual containers
Religious personal accessory,Religious personal accessories
Religious screen,Religious screens
Religious standard,Religious standards
Religious structural object,Religious structural objects
Reliquary,Reliquaries
Reliquary cross,Reliquary crosses
Reptile remains,Reptile remains
Residue,Residues
Resonator,Resonators
Retort,Retorts
Retouched flake,Retouched flakes
Retractors,Retractors
Rhomboid microlith,Rhomboid microliths
Ribbon,Ribbons
Rice bin,Rice bins
Riddle,Riddles
Ridge tile,Ridge tiles
Rifle,Rifles
Rigging spacer,Rigging spacers
Rim sherd,Rim sherds
Ring,Rings
Ring flask,Ring flasks
Ring money (currency),Ring moneys (currency)
Ring money (non currency),Ring moneys (non currency)
Ring pendant,Ring pendants
Rippler,Ripplers
Ritual flail,Ritual flails
Ritual symbol,Ritual symbols
Rivet,Rivets
Road vehicle,Road vehicles
Robe,Robes
Rod,Rods
Rommelpot,Rommelpots
Rood,Roods
Rood screen,Rood screens
Roof finial,Roof finials
Roof louver,Roof louvers
Roof louvre,Roof louvres
Roof slab,Roof slabs
Roof slate,Roof slates
Roof stone,Roof stones
Roof tile,Roof tiles
Roofing nail,Roofing nails
Rope,Ropes
Rosary,Rosaries
Rosette brooch,Rosette brooches
Rotary key,Rotary keys
Rotary quern,Rotary querns
Roughout,Roughouts
Round shot,Round shots
Rounded beaker,Rounded beakers
Rounded bowl,Rounded bowls
Rounded cup,Rounded cups
Rounded jar,Rounded jars
Rounded jug,Rounded jugs
Rounded mug,Rounded mugs
Rove,Roves
Rowel,Rowels
Rowel spur,Rowel spurs
Rowelspur,Rowelspurs
Rowlock,Rowlocks
Rubber,Rubbers
Rubbing stone,Rubbing stones
Rubble,Rubbles
Ruff,Ruffs
Rug,Rugs
Rule,Rules
Ruler,Rulers
Rumbler bell,Rumbler bells
Rune stone,Rune stones
Rush light,Rush lights
Sabaton,Sabatons
Sabre,Sabres
Sack,Sacks
Sacrificial knife,Sacrificial knives
Sacrificial or libational object,Sacrificial or libational objects
Saddle,Saddle querns
Saddle quern,Saddlebows
Saddlebow,Saddles
Safe,Safes
Saggar,Saggars
Salt cellar,Salt cellars
Salt ship,Salt ships
Sample,Samples
Sand glass,Sand glasses
Sandal,Sandals
Sandholder,Sandholders
Sandshaker,Sandshakers
Sandstone,Sandstones
Sanitary ware,Sanitary wares
Sarcophagus,Sarcophagi
Sash,Sashes
Saucepan,Saucepans
Saucer,Saucer brooches
Saucer brooch,Saucer candlesticks
Saucer candlestick,Saucer lamps
Saucer lamp,Saucer shaped lids
Saucer shaped lid,Saucers
Saw,Saws
Scabbard,Scabbards
Scabbard fitting,Scabbard fittings
Scabbard loop,Scabbard loops
Scale armour,Scale armours
Scale pan,Scale pans
Scales,Scales
Scalpel,Scalpels
Scarab,Scarab amulets
Scarab amulet,Scarab rings
Scarab ring,Scarab seals
Scarab seal,Scarabs
Scarf,Scarves
Sceptre,Sceptre heads
Sceptre head,Sceptres
Schalenurne,Schalenurnen
Schist,Schists
Schnelle,Schnellen
Scientific and industrial container,Scientific and industrial containers
Scissors,
Scolds bridle,Scolds bridles
Scoop,Scoops
Scorer,Scorers
Scourge,Scourges
Scramasax,Scramasaxes
Scraper (musical),Scrapers (musical)
Scraper (tool),Scrapers (tools)
Screw,Screws
Scriber,Scribes
Scroll,Scrolls
Sculpture,Sculptures
Scutching knife,Scutching knives
Scythe,Scythes
Seal,Seals
Seal box,Seal boxes
Seal impression,Seal impressions
Seal matrix,Seal matrices
Sealing wax,Sealing waxes
Seashell artefacts,Seashell artefacts
Seat,Seats
Seax,Seaxes
Secateurs,
Secure storage container,Secure storage containers
Sedan chair,Sedan chairs
Sediment,Sediments
Seeds,Seeds
Segmented armour,Segmented armours
Selector grab,Selector grabs
Serrated implement,Serrated implements
Set square,Set squares
Setting,Settings
Sewage residue,Sewage residues
Sextant,Sextants
Shabti,Shabtis
Shackle,Shackles
Shadow box,Shadow boxes
Shafthole adze,Shafthole adzes
Shafthole implement,Shafthole implements
Shale,Shales
Shard,Shards
Share,Shares
Sharpener,Sharpeners
Sharpening equipment,
Shaum,Shaums
Shave,Shaves
Shaving bowl,Shaving bowls
Shaving brush,Shaving brushes
Shaving item,Shaving items
Shawl,Shawls
Shearmans hook,Shearman's hooks
Shears,Shears (plural already)
Sheath,Sheaths
Sheathing,Sheathings
Sheet,Sheets
Shelf,Shelves
Shell,
Shell (object),Shells
Shell artefact/s,Shell artefacts
Shell case,Shell cases
Shelving,
Sherd,Sherds
Shield,Shield bosses
Shield boss,Shield mounts
Shield mount,Shields
Shift,Shifts
Shin guard,Shin guards
Shingle,Shingles
Ship,Ships
Ships log,Ships' logs
Ships timber,Ships' timbers
Shirt,Shirts
Shirt stud,Shirt studs
Shoe,Shoes
Shoe iron,Shoe irons
Shoe making waste,Shoe making wastes
Shoeing nail,Shoeing nails
Shot,Shots
Shotgun,Shotguns
Shoulder plate,Shoulder plates
Shouldered jar,Shouldered jars
Shouldered jug,Shouldered jugs
Shovel,Shovels
Shroud,Shrouds
Shutter,Shutters
Shuttle,Shuttles
Sickle,Sickles
Side scraper,Side scrapers
Sideboard,Sideboards
Sieve,Sieves
Signet ring,Signet rings
Signs or symbols,Signs or symbols (plural already)
Silastone,Silastones
Sill beam,Sill beams
Silt,Silts
Silver,Silvers (can be “silver objects” to clarify)
Sima,Simae
Simple one-piece brooch,Simple one-piece brooches
Single handled bowl,Single handled bowls
Single handled jar,Single handled jars
Single sided comb,Single sided combs
Sinker,Sinkers
Sistrum,Sistra
Skate,Skates
Skewer,Skewers
Ski,Skillets
Skillet,Skins
Skin,Skirts
Skirt,Skis
Skittle,Skittles
Slag,Slags
Slate,Slates
Slate pencil,Slate pencils
Slave chain,Slave chains
Slave collar,Slave collars
Sled,Sleds
Sledge (hammer),Sledges (hammers)
Sledge (vehicle),Sledges (vehicles)
Sledge runner,Sledge runners
Sledgehammer,Sledgehammers
Sleeve,Sleeves
Sleeve clasp,Sleeve clasps
Sleigh bell,Sleigh bells
Slicker,Slickers
Slide key,Slide keys
Slide trumpet,Slide trumpets
Sling (military),Slings (military)
Sling bullet,Sling bullets
Sling shot,Sling shots
Sling stone,Sling stones
Slipper,Slippers
Small long brooch,Small long brooches
Small mammal remains,Small mammal remains (already plural)
Smock,Smocks
Smoothing equipment,Smoothing equipment (mass noun)
Smoothing iron,Smoothing irons
Snaffle,Snaffles
Snaffle bit,Snaffle bits
Snail remains,
Snaphance musket,Snaphance muskets
Snarling iron,Snarling irons
Sock,Socks
Socket bayonet,Socket bayonets
Socketed axehead,Socketed axeheads
Socketed bowl,Socketed bowls
Socketed gouge,Socketed gouges
Socketed spearhead,Socketed spearheads
Soil,Soils
Soldering lamp,Soldering lamps
Sole,Soles
Solifluction deposit,Solifluction deposits
Soundboard,Soundboards
Soundbox,Soundboxes
Sounding lead,Sounding leads
Spacer,Spacers
Spacer bead,Spacer beads
Spacer plate,Spacer plates
Spade,Spades
Spade iron,Spade irons
Spade shoe,Spade shoes
Spangle,Spangles
Spanner,Spanners
Spatula,Spatulas
Speaking tube,Speaking tubes
Spear,Spears
Spear butt,Spear butts
Spear gun,Spear guns
Spear thrower,Spear throwers
Spearhead,Spearheads
Spectacles (animal),
Spectacles (human),
Spheroidal carbonaceous particles (scps),
Spider shot,Spider shots
Spigot,Spigots
Spike,Spikes
Spike lamp,Spike lamps
Spill,Spills
Spindle,Spindles
Spindle whorl,Spindle whorls
Spinning top,Spinning tops
Spiral bead,Spiral beads
Spit,Spits
Spittoon,Spittoons
Split pin,Split pins
Spokeshave,Spokeshaves
Sponge,Sponges
Spoon,Spoons
Spoon auger,Spoon augers
Spoon bit,Spoon bits
Sporting equipment,
Sports and games,
Spout,Spouts
Spouted bowl,Spouted bowls
Spouted pitcher,Spouted pitchers
Spring,Springs
Spring balance,Spring balances
Spud,Spuds
Spur,Spurs
Square,Squares
Square headed brooch,Square headed brooches
Squeezer,Squeezers
Staddle stone,Staddle stones
Staff,Staffs
Staff weapon,Staff weapons
Stained glass (window),Stained glass windows
Stair,Stairs
Stair riser,Stair risers
Stake,Stakes
Stamp,Stamps
Stamped object,Stamped objects
Standfussschale,Standfussschalen
Standing costrel,Standing costrels
Staple,Staples
Statue,Statues
Statuette,Statuettes
Stave,Staves
Steamer,Steamers
Steelyard,Steelyards
Steelyard weight,Steelyard weights
Stemmed beaker,Stemmed beakers
Stemmed goblet,Stemmed goblets
Step,Steps
Stirring rod,Stirring rods
Stirrup,Stirrups
Stirrup strap mount,Stirrup strap mounts
Stirrup terminal,Stirrup terminals
Stocking,Stockings
Stocks,
Stole,Stoles
Stomacher,Stomachers
Stone tool/s,Stone tools
Stool,Stools
Stool pan,Stool pans
Stop (music),Stops (music)
Stopper,Stoppers
Storage bin,Storage bins
Storage container,Storage containers
Stoup (basin),Stoups (basins)
Stoup (drinking vessel),Stoups (drinking vessels)
Stove,Stoves
Stove tile,Stove tiles
Straight end scraper,Straight end scrapers
Straight sided bowl,Straight sided bowls
Strainer,Strainers
Strake,Strakes
Strap,Straps
Strap end,Strap ends
Strap fitting,Strap fittings
Strap guide,Strap guides
Strap hinge,Strap hinges
Strap union,Strap unions
Straw splitter,Straw splitters
Strigil,Strigils
Strike a light,Strike-a-lights
Striking equipment,
String,Strings
String instrument,String instruments
Strop,Strops
Structural timber,Structural timbers
Stud,Studs
Stud fastener,Stud fasteners
Stylus,Styli
Sugar cone mould,Sugar cone moulds
Sugar mould,Sugar moulds
Sun disc,Sun discs
Sundial,Sundials
Surgical instrument,Surgical instruments
Surgical knife,Surgical knives
Surveying staff,Surveying staffs
Swage,Swages
Sword,Swords
Sword belt,Sword belts
Sword blade,Sword blades
Sword chape,Sword chapes
Sword fitting,Sword fittings
Sword guard,Sword guards
Sword mould,Sword moulds
Sword pommel,Sword pommels
Sword pommelguard,Sword pommelguards
Symbol stone,Symbol stones
Symphonie,Symphonies
Syringe,Syringes
Syrinx,Syrinxes
T-shaped brooch,
Tabernacle,Tabernacles
Table,Tables
Table linen,Table linens
Tableman,Tablemen
Tack,Tacks
Tag,Tags
Tailpiece,Tailpieces
Talisman,Talismans
Tally,Tallies
Tally stick,Tally sticks
Tambourine,Tambourines
Tampion,Tampions
Tanged spearhead,Tanged spearheads
Tank,Tanks
Tankard,Tankards
Tap,Tapers
Tap key,Tap keys
Taper,Taps
Tapestry,Tapestries
Targe,Targes
Target,Targets
Tazza,Tazze
Teeth,
Tegula,Tegulae
Telescope,Telescopes
Template,Templates
Tent,Tents
Tenterhook,Tenterhooks
Tephra,Tephras
Terracotta,Terracottas
Terracotta artefact/s,Terracotta artefacts
Terrestrial mollusca remains,
Terret,Terrets
Terret ring,Terret rings
Tessera,Tesserae
Testate amoebae,
Textile,Textiles
Textile equipment,
Thatch weight,Thatch weights
Thatching needle,Thatching needles
Theatre costume,Theatre costumes
Thermometer,Thermometers
Thimble,Thimbles
Thistle brooch,Thistle brooches
Thistle tyg,Thistle tygs
Thread bobbin,Thread bobbins
Thread picker,Thread pickers
Thresher,Threshers
Threshing and winnowing object,Threshing and winnowing objects
Threshing tray,Threshing trays
Throne,Thrones
Throwing axe,Throwing axes
Thumb nail scraper,Thumb nail scrapers
Thumbscrew,Thumbscrews
Thurible,Thuribles
Tiara,Tiaras
Tibia,Tibiae
Tie bar,Tie bars
Tile,Tiles
Till,Tills
Timber dog,Timber dogs
Timbrel,Timbrels
Time capsule,Time capsules
Time measuring instrument,Time measuring instruments
Tin,Tins
Tinder box,Tinder boxes
Tippet (cape),Tippets (capes)
Tippet (stole),Tippets (stoles)
Tobacco bag,Tobacco bags
Tobacco basket,Tobacco baskets
Tobacco box,Tobacco boxes
Tobacco case,Tobacco cases
Tobacco flask,Tobacco flasks
Tobacco holder,Tobacco holders
Tobacco jar,Tobacco jars
Tobacco pipe,Tobacco pipes
Tobacco pot,Tobacco pots
Tobacco pouch,Tobacco pouches
Tobe,Tobes
Toe ring,Toe rings
Toggle,Toggles
Toilet article,Toilet articles
Toilet set,Toilet sets
Token,Tokens
Tomb,Tombs
Tombstone,Tombstones
Tompion,Tompions
Tongs,
Tool by product,Tool by-products
Tool making equipment,
Tools and equipment,
Tooth,
Tooth pick,Tooth picks
Toothbrush,Toothbrushes
Torc,Torcs
Tortoise core,Tortoise cores
Torus,Tori
Touchstone,Touchstones
Toy,Toys
Tranchet axe,Tranchet axes
Tranchet axehead,Tranchet axeheads
Tranchet flake,Tranchet flakes
Transport,Transports
Transverse arrowhead,Transverse arrowheads
Transverse end scraper,Transverse end scrapers
Trap,Traps
Trapeze microlith,Trapeze microliths
Tray,Trays
Trenail,Trenails
Trencher,Trenchers
Trenching tool,Trenching tools
Trial piece,Trial pieces
Triangle,Triangles
Triangular arrowhead,Triangular arrowheads
Triangular microlith,Triangular microliths
Trichterhalskrug,Trichterhalskrüge
Trident,Tridents
Trigger guard,Trigger guards
Tripartite urn,Tripartite urns
Triple vase,Triple vases
Tripod pipkin,Tripod pipkins
Tripod pitcher,Tripod pitchers
Tripod vessel,Tripod vessels
Triptych (religious),Triptychs (religious)
Triptych (written),Triptychs (written)
Trivet,Trivets
Trough,Troughs
Trough quern,Trough querns
Trousers,
Trowel,Trowels
Truck,Trucks
Trumpet,Trumpets
Trumpet brooch,Trumpet brooches
Trunk,Trunks
Trunnel,Trunnels
Tub,Tubs
Tuba,Tubas
Tufa,Tufas
Tufaceous deposit,Tufaceous deposits
Tumbler,Tumbrels
Tumbrel,Tumblers
Tunic,Tunics
Tuning peg,Tuning pegs
Turban,Turbans
Turf cutter,Turf cutters
Tuyere,Tuyeres
Tweezers,
Twist auger,Twist augers
Twist bit,Twist bits
Twist gimlet,Twist gimlets
Two handled bowl,Two handled bowls
Two-piece colchester brooch,Two-piece Colchester brooches
Tyg,Tygs
Tympanum,Tympana
Tyre,Tyres
Tyre hoop,Tyre hoops
Umbo,Umbones
Umbrella,Umbrellas
Unassigned,
Undefined object,Undefined objects
Underwear,
Unguent bottle,Unguent bottles
Unguent pot,Unguent pots
Unidentified object,Unidentified objects
Unknown,
Unlisted find,Unlisted finds
Upright candlestick,Upright candlesticks
Urinal (chamber pot),Urinals (chamber pots)
Urinal (medical),Urinals (medical)
Urn,Urns
Valve,Valves
Valve (music),Valves (music)
Vambrace,Vambraces
Vase,Vases
Vat,Vats
Vault springer,Vault springers
Vehicle,Vehicles
Vehicle component,Vehicle components
Vehicle fitting,Vehicle fittings
Veil,Veils
Vertebrate remains,
Vervel,Vervels
Vessel,Vessels
Vessel component,Vessel components
Vessel lid,Vessel lids
Vice,Vices
Vinaigrette,Vinaigrettes
Violin,Violins
Visor,Visors
Visual communications,
Vitrified dung,
Votive model,Votive models
Votive tank,Votive tanks
Voussoir,Voussoirs
Wager cup,Wager cups
Wagon,Wagons
Waisted beaker,Waisted beakers
Waisted jug,Waisted jugs
Walking stick,Walking sticks
Wall,Walls
Wall anchor,Wall anchors
Wall covering,Wall coverings
Wall feature (mud),Wall features (mud)
Wall feature (stone) mud),"Wall features (stone, mud)"
Wall hanging,Wall hangings
Wall hook,Wall hooks
Wall painting,Wall paintings
Wall plaster,Wall plasters
Wall tablet,Wall tablets
Wall tie,Wall ties
Wallpaper,Wallpapers
War hammer,War hammers
Warming pan,Warming pans
Warping frame,Warping frames
Washer,Washers
Washing and cleansing item,Washing and cleansing items
Washing bowl,Washing bowls
Waste,Wastes
Waste deposit,Waste deposits
Waster,Wasters
Watch,Watches
Watch glass,Watch glasses
Water cooler,Water coolers
Water craft,
Water craft component,Water craft components
Water craft equipment,
Water dropper,Water droppers
Water pipe (architectural),Water pipes (architectural)
Water pipe (smoking),Water pipes (smoking)
Water pipe collar,Water pipe collars
Watering can,Watering cans
Watering pot,Watering pots
Waterlain silt,Waterlain silts
Waterlogged sample,Waterlogged samples
Weapon,Weapons
Weapon and ammunition container,Weapon and ammunition containers
Weather cock,Weather cocks
Weather vane,Weather vanes
Weaving batten,Weaving battens
Weaving comb,Weaving combs
Weaving stick,Weaving sticks
Weaving sword,Weaving swords
Weaving tablet,Weaving tablets
Wedding ring,Wedding rings
Wedge,Wedges
Weeding hook,Weeding hooks
Weft beater,Weft beaters
Weight,Weights
Well,Wells
Well winder,Well winders
Wheat,Wheats
Wheat grain,Wheat grains
Wheel,Wheels
Wheelbarrow,Wheelbarrows
Wheellock musket,Wheellock muskets
Whetstone,Whetstones
Whip,Whips
Whipping post,Whipping posts
Whipping top,Whipping tops
Whistle,Whistles
Wick,Wicks
Wicker-work imprint,Wicker-work imprints
Wig,Wigs
Wig curler,Wig curlers
Wigwam,Wigwams
Wind instrument,Wind instruments
Windchest,Windchests
Winding key,Winding keys
Window,Windows
Window bar,Window bars
Window came,Window cames
Window covering,Window coverings
Window fitting,Window fittings
Window frame,Window frames
Window furniture,
Window glass,Window glasses
Window grille,Window grilles
Window lead,Window leads
Window moulding,Window mouldings
Window sill,Window sills
Wine bottle,Wine bottles
Wine cooler,Wine coolers
Wine glass,Wine glasses
Wineskin,Wineskins
Wing flanged axehead,Wing flanged axeheads
Winged axehead,Winged axeheads
Winnower,Winnowers
Winnowing basket,Winnowing baskets
Winnowing fan,Winnowing fans
Winnowing fork,Winnowing forks
Winnowing tray,Winnowing trays
Wire,Wires
Witch bottle,Witch bottles
Wood,Woods
Wood artefact/s,Wood artefacts
Wood working waste,Wood working wastes
Wool comb,Wool combs
Wool weight,Wool weights
Worked object,Worked objects
Worked teeth,
Wrap,Wraps
Wrench,Wrenches
Wrist band,Wrist bands
Wrist clasp,Wrist clasps
Wrist guard,Wrist guards
Wrist torc,Wrist torcs
Writing and drawing equipment,
Writing box,Writing boxes
Writing brush,Writing brushes
Writing cabinet,Writing cabinets
Writing container,Writing containers
Writing slate,Writing slates
Writing tablet,Writing tablets
Written communications,
Written item,Written items
Yarn twister,Yarn twisters
Yoke (animal),Yokes (animal)
Yoke (human),Yokes (human)
Yoke terminal,Yoke terminals
Zinc,Zincs
