Hierarchy 1 en,Hierarchy 1 alternative en ,Hierarchy 1 description en,Hierarchy 1 scope note en
"
is composed of (forms part of)",P46,The Royal carriage (E22) forms part of the Royal train (E22).,"This property associates an instance of E18 Physical Thing with another instance of Physical Thing that forms part of it. The spatial extent of the composing part is included in the spatial extent of the whole. Component elements, since they are themselves instances of E18 Physical Thing, may be further analysed into sub-components, thereby creating a hierarchy of part decomposition. An instance of E18 Physical Thing may be shared between multiple wholes, for example two buildings may share a common wall. This property does not specify when and for how long a component element resided in the respective whole. If a component is not part of a whole from the beginning of existence or until the end of existence of the whole, the classes E79 Part Addition and E80 Part Removal can be used to document when a component became part of a particular whole and/or when it stopped being a part of it. For the time-span of being part of the respective whole, the component is completely contained in the place the whole occupies. This property is intended to describe specific components that are individually documented, rather than general aspects. Overall descriptions of the structure of an instance of E18 Physical Thing are captured by the P3 has note property. The instances of E57 Material of which an instance of E18 Physical Thing is composed should be documented using P45 consists of (is incorporated in). This property is transitive and asymmetric."
,,The “Hog’s Back” (E24) forms part of the “Fosseway” (E24).,
"
has number of parts",P57,Chess set 233 (E22) has number of parts 33 (E60). (fictitious),"This property documents the number of parts, an instance of E60 Number, of which an instance of E19 Physical Object is composed. This may be used as a method of checking inventory counts with regard to aggregate or collective objects. What constitutes a part or component depends on the context and requirements of the documentation. Normally, the parts documented in this way would not be considered as worthy of individual attention. For a more complete description, objects may be decomposed into their components and constituents using P46 is composed of (forms parts of) and P45 consists of (is incorporated in). This allows each element to be described individually."
"
has section (is located on or within)",P59,,"This property links an area, i.e., an instance of E53 Place to the instance of E18 Physical Thing upon which it is found. This area may either be identified by a name, or by a geometry in terms of a coordinate system adapted to the shape of the respective instance of E18 Physical Thing. Typically, names identifying sections of physical objects are composed of the name of a kind of part and the name of the object itself, such as “The poop deck of H.M.S. Victory”, which is composed of “poop deck” and “H.M.S. Victory”."
falls within (contains),P89,"The area covered by the World Heritage Site of Stonehenge (E53) falls within the area of Salisbury Plain (E53). (Pryor, 2016)","This property identifies an instance of E53 Place that falls wholly within the extent of another instance of E53 Place. It addresses spatial containment only and does not imply any relationship between things or phenomena occupying these places. This property is a part of the fully developed path from E93 Presence through P161 has spatial projection (is spatial projection of), E53 Place, P89 falls within (contains) to E53 Place. This property is transitive and reflexive."
,,,
overlaps with,P121 ,"The territory of the United States as in 2020 (E53) overlaps with the Arctic (E53). (Gannett et al., 1904)","This symmetric property associates an instance of E53 Place with another instance of E53 Place geometrically overlapping it. It does not specify anything about the shared area. This property is purely spatial. It does not imply that phenomena that define, by their extent, places related by P121 overlaps with have ever covered a common area at the same time or even coexisted. In contrast, spatiotemporal  overlaps described by P132 spatiotemporally overlaps are the total of areas simultaneously covered by the related spacetime volumes."
,,The maximal extent of the Kingdom of Greece (1832-1973) (E53) overlaps with the maximal extent of the Republic of Turkey (29th October 1923 to now) (E53).,
borders with,P122 ,Scotland in its 1603 borders (E53) borders with England in its 1603 borders (E53).,"This symmetric property associates an instance of E53 Place with another instance of E53 Place which shares a part of its border. This property is purely spatial. It does not imply that the phenomena that define, by their extent, places related by P122 borders with have ever shared a respective border at the same time or even coexisted. In particular, this may be the case when the respective common border is formed by a natural feature. This property is not transitive. This property is symmetric."
occupies (is occupied by),P156 ,"The Saint Titus reliquary (E22) occupies the space of the Saint Titus reliquary (E53). [The reliquary is currently kept in the Saint Titus Church in Heraklion, Crete since 1966 and contains the skull of Saint Titus.] (Fisher & Garvey, 2010)","This property describes the largest volume in space, an instance of E53 Place, that an instance of E18 Physical Thing has occupied at any time during its existence, with respect to the reference space relative to the physical thing itself. This allows for describing the thing itself as a place that may contain other things, such as a box that may contain coins. In other words, it is the volume that contains all the points which the thing has covered at some time during its existence. The reference space for the associated place must be the one that is permanently at rest (P157 is at rest relative to (provides reference space for)) relative to the physical thing. For instances of E19 Physical Objects it is the one which is at rest relative to the object itself, i.e., which moves together with the object. For instances of E26 Physical Feature it is one which is at rest relative to the physical feature itself and the surrounding matter immediately connected to it. Therefore, there is a 1:1 relation between the instance E18 Physical Thing and the instance of E53 Place it occupies. We include in the occupied space the space filled by the matter of the physical thing and all its inner spaces. This property is equivalent to the fully developed path from E18 Physical Thing through P196 defines, E92 Spacetime Volume, P161 has spatial projection (is spatial projection of) to E53 Place. However, in contrast to P156 occupies (is occupied by), the property P161 has spatial projection (is spatial projection of) does not constrain the reference space of the referred instance of E53 Place. It does not constrain the reference space of the referred instance of E53 Place. It identifies a possibly wider instance of E53 Place at which a thing is or has been for some unspecified time-span. If the reference space of the referred instance of E53 Place is not at rest with respect to the physical thing found there, the physical thing may move away after some time to another place and/or may have been at some other place before. The same holds for the fully developed path from E18 Physical Thing through P196 defines (is defined by), E92 Spacetime Volume, P161 has spatial projection (is spatial projection of) to E53 Place. "
,,"Burg Eltz near Koblenz, Germany (E24) occupies the space within the 1661AD outer walls of Burg Eltz (E53). [The castle (English name: Eltz Castle) underwent a series of expansions starting in the 12th century until it reached its current extent in 1661AD and contains buildings from various periods.]",
"
is at rest relative to (provides reference space for)",P157,"The spatial extent of the municipality of Athens in 2014 (E53) is at rest relative to The Royal Observatory in Greenwich (E25). (Maunder, 1900)","This property associates an instance of E53 Place with the instance of E18 Physical Thing that determines a reference space for this instance of E53 Place by being at rest with respect to this reference space. The relative stability of form of an instance of E18 Physical Thing defines its default reference space. The reference space is not spatially limited to the referred thing. For example, a ship determines a reference space in terms of which other ships in its neighbourhood may be described. Larger constellations of matter, such as continental plates, may comprise many physical features that are at rest with them and define the same reference space. "
,,"The place where Lord Nelson died on H.M.S. Victory (E53) is at rest relative to H.M.S. Victory (E22). (Adkin, 2005)",
contains,P172,The spatial extent of the Acropolis of Athens (E53) contains POINT (37.971431 23.725947) (E94).,"This property describes a minimum spatial extent which is contained within an instance of E53 Place. Since instances of E53 Place may not have precisely known spatial extents, the CIDOC CRM supports statements about minimum spatial extents of instances of E53 Place. This property allows an instance of E53 Places’s minimum spatial extent (i.e., its inner boundary or a point being within a Place) to be assigned an instance of E94 Space Primitive value. This property is a strong shortcut of the fully developed path from E53 Place, P89i contains (falls within), E53 Place, P168 place is defined by (defines place) to E94 Space Primitive."
approximates (is approximated by),P189,"[40°31'17.9""N 21°15'48.3""E] (E53) approximates Kastoria, Greece, TGN ID: 7010880 (E53). [The approximating declarative place with point shape is defined in terms of coordinates taken from https://sws.geonames.org/735927]","This property associates an instance of E53 Place with another instance of E53 Place, which is defined in the same reference space, and which is used to approximate the former. The property does not necessarily state the quality or accuracy of this approximation, but rather indicates the use of the first instance of place to approximate the second. In common documentation practice, find or encounter spots e.g., in archaeology, botany or zoology are often related to the closest village, river or other named place without detailing the relation, e.g., if it is located within the village or in a certain distance of the specified place. In this case the stated “phenomenal” place found in the documentation can be seen as an approximation of the actual encounter spot without more specific knowledge. In more recent documentation often point coordinate information is provided that originates from GPS measurements or georeferencing from a map. This point coordinate information does not state the actual place of the encounter spot but tries to approximate it with a “declarative” place. The accuracy depends on the methodology used when creating the coordinates. It may be dependent on technical limitations like GPS accuracy but also on the method where the GPS location is taken in relation to the measured feature. If the methodology is known a maximum deviation from the measured point can be calculated and the encounter spot or feature may be related to the resulting circle using an instance of P171 at some place within. In more recent documentation often point coordinate information is provided that originates from GPS measurements or georeferencing from a map. This point coordinate information does not state the actual place of the encounter spot but tries to approximate it with a “declarative” place. The accuracy depends on the methodology used when creating the coordinates. It may be dependent on technical limitations like GPS accuracy but also on the method where the GPS location is taken in relation to the measured feature. If the methodology is known a maximum deviation from the measured point can be calculated and the encounter spot or feature may be related to the resulting circle using an instance of P171 at some place within."
,,"[40°31'00.1""N 21°16'00.1""E] (E53) approximates Kastoria, Greece, TGN ID: 7010880 (E53). [The approximating declarative place with point shape is defined in terms of coordinates taken from http://vocab.getty.edu/page/tgn/7010880]",
,,"[40°04'60.0""N 22°21'00.0""E] (E53) approximates Mount Olympus National Park, Greece (E53). [The approximating declarative place with point shape is defined in terms of coordinates taken from https://www.geonames.org/6941814]",
has broader term (has narrower term),P127,"Domain: E55 Type Range:  E55 Type Quantification: many to many (0,n:0,n) Scope note: Examples:  This property identifies a super-Type to which an E55 Type is related.  It allows Types to be organised into hierarchies. This is the sense of ""broader term generic  (BTG)"" as defined in ISO 2788 This property is transitive.  dime (E55) has broader term coin (E55) ",
