Hierarchy 1 en,Hierarchy 1 description en,Hierarchy 2 en,Hierarchy 2 description en,Hierarchy 3 en,Hierarchy 3 description en,Hierarchy 4 en,Hierarchy 4 description en
Hardcopy,"Item in a format suitable for normal reading or viewing, without a computer or other device. For digital files or disks use MACHINE READABLE STORAGE MEDIUM or specific terms.",,,,,,
,,Drafting film,"A heavy grade, water proof plastic film used for the preparation of technical drawings.",,,,
,,Fax,,,,,
,,Paper,"A thin opaque, slightly absorbent material, generally made from processing of plant or other fibres, for use as a medium for writing, drawing and printing.",,,,
,,Photocopy,A photographic reproduction of written or printed material produced by using toner particles under heat and pressure to fuse a copy onto blank paper.,,,,
,,Print out,A hard copy of digital data that has been printed onto paper.,,,,
,,Tracing paper,"A translucent paper, which when laid over an existing image, permits the image to be seen and/or traced.",,,,
,,Waterproof paper,Paper made for writing or drawing underwater.,,,,
Machine readable storage medium,,"Storage medium for information (text, images, files etc) in an encoded digital format.","Optical discs on which programs, data, or music are digitally encoded for a laser beam to scan, decode and transmit to a playback system, computer monitor or television set. [AAT]",,,,
,,Compact disc,Data stored in a format that is meant to be manipulated and read in one or more software systems.,,,,
,,Computer file,A disc capable of holding more data than a conventional CD or CD-Rom. Commonly used as storage medium for film and interactive products.,,,,
,,Digital versatile disc,Thin round flexible disc with magnetic surfaces for storing and retrieving data. [AAT],,,,
,,Floppy disc,"The storage of material (text, images, files etc) in an electromagnetic format.",,,,
,,Magnetic storage medium,A magnetic tape used to record moving images and sound. Use for both cassette and reel tapes.,,,,
,,,,Video tape,,,
,,,,Audio tape,Magnetic tape used to record sound. Includes both cassette and reel tapes.,,
,,Optical disc,Data storage device in disc form that uses lasers to write and access data; can store data in analog or digital form. [AAT],,,,
Visual medium,,Film reel,"Any material that records, holds and communicates information in a primarily visual manner.",,,,
,,Photographic medium,Positive image on continuous film strip suitable for projection of moving images.,,,,
,,,,Black and white negative,The class or material that a photograph is produced upon. [AAT] Use a specific term or terms as appropriate.,,
,,,,Black and white print,A photographic frame of developed black and white film from which a positive print can be produced.,,
,,,,Black and white slide,"A photographic print of a mononchrome image (composed of grey, black and white tones).",,
,,,,Black and white transparency,A photographic slide of a black and white (monochromatic) image.,,
,,,,Colour negative,A positive black and white image on film which can be projected onto a screen when light is shone through it.,,
,,,,Colour print,A photographic frame of developed colour film which can be used to print a photographic image.,,
,,,,Colour slide,"A photographic print of a polychrome image (composed of colours other than, but not exclusive of, black, white or grey tones).",,
,,,,Colour transparency,A photographic slide of a colour (polychromatic) image.,,
,,,,Glass plate,A positive colour image on film which can be projected onto a screen when light is shone through it.,,
,,,,Infrared film,A sheet of glass coated in a light sensitive substance on which a photgraphic image can be developed.,,
,,,,Microform,"Photographic film responsive to infrared radiation. Used to record temperature variations in the subject, indicative of hidden archaeological or architectural features.",,
,,,,,,Microfiche,"A flexible, transparent sheet of film bearing a number of reduced images."
,,,,,,Microfilm,A film strip or roll containing reduced images.
