Hierarchy 1 en,Hierarchy 1 source en,Hierarchy 2 en,Hierarchy 2 source en,Hierarchy 3 en,Hierarchy 3 alternative en ,Hierarchy 3 source en,Hierarchy 4 en,Hierarchy 4 alternative en ,Hierarchy 4 alternative en .1,Hierarchy 4 source en
Crops,"National Research Council. 1996. Lost Crops of Africa: Volume I: Grains. Washington, DC: The National Academies Press. https://doi.org/10.17226/2305. ",,,,,,,,,
,,Cultivated grasses,"National Research Council. 1996. Lost Crops of Africa: Volume I: Grains. Washington, DC: The National Academies Press. https://doi.org/10.17226/2305. ",,,,,,,
,,,,Sugarcane,,"National Research Council. 1996. Lost Crops of Africa: Volume I: Grains. Washington, DC: The National Academies Press. https://doi.org/10.17226/2305. ",,,,
,,,,Desert panic,Panicum laetum,"National Research Council. 1996. Lost Crops of Africa: Volume I: Grains. Washington, DC: The National Academies Press. https://doi.org/10.17226/2305. ",,,,
,,,,Egyptian grass,Dactyloctenium aegyptium,"National Research Council. 1996. Lost Crops of Africa: Volume I: Grains. Washington, DC: The National Academies Press. https://doi.org/10.17226/2305. ",,,,
,,,,,Crowfoot grass,"National Research Council. 1996. Lost Crops of Africa: Volume I: Grains. Washington, DC: The National Academies Press. https://doi.org/10.17226/2305. ",,,,
,,,,Bourgou,Echinochloa stagnina,"National Research Council. 1996. Lost Crops of Africa: Volume I: Grains. Washington, DC: The National Academies Press. https://doi.org/10.17226/2305. ",,,,
,,Cereals and grains,"National Research Council. 1996. Lost Crops of Africa: Volume I: Grains. Washington, DC: The National Academies Press. https://doi.org/10.17226/2305. ",,,,,,,
,,,,Fonio,,"National Research Council. 1996. Lost Crops of Africa: Volume I: Grains. Washington, DC: The National Academies Press. https://doi.org/10.17226/2305. ",,,,
,,,,Kramkram,Kram Kram,"National Research Council. 1996. Lost Crops of Africa: Volume I: Grains. Washington, DC: The National Academies Press. https://doi.org/10.17226/2305. ",,,,
,,,,,Cenchrus biflorus,"National Research Council. 1996. Lost Crops of Africa: Volume I: Grains. Washington, DC: The National Academies Press. https://doi.org/10.17226/2305. ",,,,
,,,,Millet,,"National Research Council. 1996. Lost Crops of Africa: Volume I: Grains. Washington, DC: The National Academies Press. https://doi.org/10.17226/2305. ",,,,
,,,,,,,Pearl millet,,,"National Research Council. 1996. Lost Crops of Africa: Volume I: Grains. Washington, DC: The National Academies Press. https://doi.org/10.17226/2305. "
,,,,,,,Finger millet,,,"National Research Council. 1996. Lost Crops of Africa: Volume I: Grains. Washington, DC: The National Academies Press. https://doi.org/10.17226/2305. "
,,,,,,,Shama millet,Echinochloa colona,,"National Research Council. 1996. Lost Crops of Africa: Volume I: Grains. Washington, DC: The National Academies Press. https://doi.org/10.17226/2305. "
,,,,Sorghum,,"National Research Council. 1996. Lost Crops of Africa: Volume I: Grains. Washington, DC: The National Academies Press. https://doi.org/10.17226/2305. ",,,,
,,,,Tef,Eragrostis tef,"National Research Council. 1996. Lost Crops of Africa: Volume I: Grains. Washington, DC: The National Academies Press. https://doi.org/10.17226/2305. ",,,,
,,,,,,,Wild tef,Eragrostis pilosa,,"National Research Council. 1996. Lost Crops of Africa: Volume I: Grains. Washington, DC: The National Academies Press. https://doi.org/10.17226/2305. "
,,,,Wheat,,"National Research Council. 1996. Lost Crops of Africa: Volume I: Grains. Washington, DC: The National Academies Press. https://doi.org/10.17226/2305. ",,,,
,,,,,,,Emmer,,,"National Research Council. 1996. Lost Crops of Africa: Volume I: Grains. Washington, DC: The National Academies Press. https://doi.org/10.17226/2305. "
,,,,Barley,,"National Research Council. 1996. Lost Crops of Africa: Volume I: Grains. Washington, DC: The National Academies Press. https://doi.org/10.17226/2305. ",,,,
,,,,,,,Irregular barley,,,"National Research Council. 1996. Lost Crops of Africa: Volume I: Grains. Washington, DC: The National Academies Press. https://doi.org/10.17226/2305. "
,,,,Oats,,"National Research Council. 1996. Lost Crops of Africa: Volume I: Grains. Washington, DC: The National Academies Press. https://doi.org/10.17226/2305. ",,,,
,,,,,,,Ethiopian oats,,,"National Research Council. 1996. Lost Crops of Africa: Volume I: Grains. Washington, DC: The National Academies Press. https://doi.org/10.17226/2305. "
,,,,Rice,,"National Research Council. 1996. Lost Crops of Africa: Volume I: Grains. Washington, DC: The National Academies Press. https://doi.org/10.17226/2305. ",,,,
,,,,,,,African rice,,,"National Research Council. 1996. Lost Crops of Africa: Volume I: Grains. Washington, DC: The National Academies Press. https://doi.org/10.17226/2305. "
,,,,,,,Wild rice,Oryza barthii,Oryza longistaminata,"National Research Council. 1996. Lost Crops of Africa: Volume I: Grains. Washington, DC: The National Academies Press. https://doi.org/10.17226/2305. "
,,,,,,,Asian rice,,,"National Research Council. 1996. Lost Crops of Africa: Volume I: Grains. Washington, DC: The National Academies Press. https://doi.org/10.17226/2305. "
,,,,Maize,,"National Research Council. 1996. Lost Crops of Africa: Volume I: Grains. Washington, DC: The National Academies Press. https://doi.org/10.17226/2305. ",,,,
,,Vegetable ,"National Research Council. 1996. Lost Crops of Africa: Volume I: Grains. Washington, DC: The National Academies Press. https://doi.org/10.17226/2305. ",,,,,,,
,,,,Amaranth,Amaranthaceae,"National Research Council. 1996. Lost Crops of Africa: Volume I: Grains. Washington, DC: The National Academies Press. https://doi.org/10.17226/2305. ",,,,
,,,,Legume,Leguminosae,"National Research Council. 1996. Lost Crops of Africa: Volume I: Grains. Washington, DC: The National Academies Press. https://doi.org/10.17226/2305. ",,,,
,,,,,,,Bambara bean,Vigna subterranea,,"National Research Council. 1996. Lost Crops of Africa: Volume I: Grains. Washington, DC: The National Academies Press. https://doi.org/10.17226/2305. "
,,,,,,,Locust bean,Parkia biglobosa,,"National Research Council. 1996. Lost Crops of Africa: Volume I: Grains. Washington, DC: The National Academies Press. https://doi.org/10.17226/2305. "
,,,,,,,Long bean,Vigna unguiculata,,"National Research Council. 1996. Lost Crops of Africa: Volume I: Grains. Washington, DC: The National Academies Press. https://doi.org/10.17226/2305. "
,,,,,,,Marama,Tylosema esculentum,,"National Research Council. 1996. Lost Crops of Africa: Volume I: Grains. Washington, DC: The National Academies Press. https://doi.org/10.17226/2305. "
,,,,,,,Yambean,Sphenostylis stenocarpa,,"National Research Council. 1996. Lost Crops of Africa: Volume I: Grains. Washington, DC: The National Academies Press. https://doi.org/10.17226/2305. "
,,,,,,,Chickpea,,,"National Research Council. 1996. Lost Crops of Africa: Volume I: Grains. Washington, DC: The National Academies Press. https://doi.org/10.17226/2305. "
,,,,,,,Common bean,,,"National Research Council. 1996. Lost Crops of Africa: Volume I: Grains. Washington, DC: The National Academies Press. https://doi.org/10.17226/2305. "
,,,,,,,Groundnut,,,"National Research Council. 1996. Lost Crops of Africa: Volume I: Grains. Washington, DC: The National Academies Press. https://doi.org/10.17226/2305. "
,,,,,,,Pigeonpea,,,"National Research Council. 1996. Lost Crops of Africa: Volume I: Grains. Washington, DC: The National Academies Press. https://doi.org/10.17226/2305. "
,,,,,,,Cowpea,Vigna unguiculata,,"National Research Council. 1996. Lost Crops of Africa: Volume I: Grains. Washington, DC: The National Academies Press. https://doi.org/10.17226/2305. "
,,,,,,,Soybean,,,"National Research Council. 1996. Lost Crops of Africa: Volume I: Grains. Washington, DC: The National Academies Press. https://doi.org/10.17226/2305. "
,,,,,,,Peanut,,,"National Research Council. 1996. Lost Crops of Africa: Volume I: Grains. Washington, DC: The National Academies Press. https://doi.org/10.17226/2305. "
,,,,Celosia,Celosia argentea,"National Research Council. 1996. Lost Crops of Africa: Volume I: Grains. Washington, DC: The National Academies Press. https://doi.org/10.17226/2305. ",,,,
,,,,Baobab,,"National Research Council. 1996. Lost Crops of Africa: Volume I: Grains. Washington, DC: The National Academies Press. https://doi.org/10.17226/2305. ",,,,
,,,,Dika,Irvingia wombolu ,"National Research Council. 1996. Lost Crops of Africa: Volume I: Grains. Washington, DC: The National Academies Press. https://doi.org/10.17226/2305. ",,,,
,,,,,Irvingia gabonensis,"National Research Council. 1996. Lost Crops of Africa: Volume I: Grains. Washington, DC: The National Academies Press. https://doi.org/10.17226/2305. ",,,,
,,,,Eggplant,Solanum aethiopicum,"National Research Council. 1996. Lost Crops of Africa: Volume I: Grains. Washington, DC: The National Academies Press. https://doi.org/10.17226/2305. ",,,,
,,,,Egusi,,"National Research Council. 1996. Lost Crops of Africa: Volume I: Grains. Washington, DC: The National Academies Press. https://doi.org/10.17226/2305. ",,,,
,,,,Enset,Ensete ventricosum,"National Research Council. 1996. Lost Crops of Africa: Volume I: Grains. Washington, DC: The National Academies Press. https://doi.org/10.17226/2305. ",,,,
,,,,Lablab,Lablab purpureus,"National Research Council. 1996. Lost Crops of Africa: Volume I: Grains. Washington, DC: The National Academies Press. https://doi.org/10.17226/2305. ",,,,
,,,,Moringa,Moringa oleifera,"National Research Council. 1996. Lost Crops of Africa: Volume I: Grains. Washington, DC: The National Academies Press. https://doi.org/10.17226/2305. ",,,,
,,,,Native Potatoes,Solenostemon rotundifolius,"National Research Council. 1996. Lost Crops of Africa: Volume I: Grains. Washington, DC: The National Academies Press. https://doi.org/10.17226/2305. ",,,,
,,,,,Plectranthus esculentus,"National Research Council. 1996. Lost Crops of Africa: Volume I: Grains. Washington, DC: The National Academies Press. https://doi.org/10.17226/2305. ",,,,
,,,,Okra,Abelmoschus esculentus,"National Research Council. 1996. Lost Crops of Africa: Volume I: Grains. Washington, DC: The National Academies Press. https://doi.org/10.17226/2305. ",,,,
,,,,Shea,Vitellaria paradoxa,"National Research Council. 1996. Lost Crops of Africa: Volume I: Grains. Washington, DC: The National Academies Press. https://doi.org/10.17226/2305. ",,,,
,,,,Cassava,,"National Research Council. 1996. Lost Crops of Africa: Volume I: Grains. Washington, DC: The National Academies Press. https://doi.org/10.17226/2305. ",,,,
,,,,Yam,,"National Research Council. 1996. Lost Crops of Africa: Volume I: Grains. Washington, DC: The National Academies Press. https://doi.org/10.17226/2305. ",,,,
,,Fruits,"National Research Council. 1996. Lost Crops of Africa: Volume I: Grains. Washington, DC: The National Academies Press. https://doi.org/10.17226/2305. ",,,,,,,
,,,,Balanites ,Desert dates,"National Research Council. 1996. Lost Crops of Africa: Volume I: Grains. Washington, DC: The National Academies Press. https://doi.org/10.17226/2305. ",,,,
,,,,,Lalob,"National Research Council. 1996. Lost Crops of Africa: Volume I: Grains. Washington, DC: The National Academies Press. https://doi.org/10.17226/2305. ",,,,
,,,,Baobab,Adansonia digitata,"National Research Council. 1996. Lost Crops of Africa: Volume I: Grains. Washington, DC: The National Academies Press. https://doi.org/10.17226/2305. ",,,,
,,,,Butterfruit,Bush mango,"National Research Council. 1996. Lost Crops of Africa: Volume I: Grains. Washington, DC: The National Academies Press. https://doi.org/10.17226/2305. ",,,,
,,,,,Safou,"National Research Council. 1996. Lost Crops of Africa: Volume I: Grains. Washington, DC: The National Academies Press. https://doi.org/10.17226/2305. ",,,,
,,,,Carissa,Carissa macrocarpa,"National Research Council. 1996. Lost Crops of Africa: Volume I: Grains. Washington, DC: The National Academies Press. https://doi.org/10.17226/2305. ",,,,
,,,,Horned melon,Cucumis metulifer,"National Research Council. 1996. Lost Crops of Africa: Volume I: Grains. Washington, DC: The National Academies Press. https://doi.org/10.17226/2305. ",,,,
,,,,Kei apple,Dovyalis caffra,"National Research Council. 1996. Lost Crops of Africa: Volume I: Grains. Washington, DC: The National Academies Press. https://doi.org/10.17226/2305. ",,,,
,,,,Marula,Sclerocarya birrea,"National Research Council. 1996. Lost Crops of Africa: Volume I: Grains. Washington, DC: The National Academies Press. https://doi.org/10.17226/2305. ",,,,
,,,,Melon,Muskmelon,"National Research Council. 1996. Lost Crops of Africa: Volume I: Grains. Washington, DC: The National Academies Press. https://doi.org/10.17226/2305. ",,,,
,,,,,Canteloupe,"National Research Council. 1996. Lost Crops of Africa: Volume I: Grains. Washington, DC: The National Academies Press. https://doi.org/10.17226/2305. ",,,,
,,,,,Cucumis melo,"National Research Council. 1996. Lost Crops of Africa: Volume I: Grains. Washington, DC: The National Academies Press. https://doi.org/10.17226/2305. ",,,,
,,,,Tamarind,Tamarindus indica,"National Research Council. 1996. Lost Crops of Africa: Volume I: Grains. Washington, DC: The National Academies Press. https://doi.org/10.17226/2305. ",,,,
,,,,Watermelon,Citrullus lanatus,"National Research Council. 1996. Lost Crops of Africa: Volume I: Grains. Washington, DC: The National Academies Press. https://doi.org/10.17226/2305. ",,,,
,,,,Coffea (coffee bean),,"National Research Council. 1996. Lost Crops of Africa: Volume I: Grains. Washington, DC: The National Academies Press. https://doi.org/10.17226/2305. ",,,,
,,,,Mango,,"National Research Council. 1996. Lost Crops of Africa: Volume I: Grains. Washington, DC: The National Academies Press. https://doi.org/10.17226/2305. ",,,,
,,,,Coconut,,"National Research Council. 1996. Lost Crops of Africa: Volume I: Grains. Washington, DC: The National Academies Press. https://doi.org/10.17226/2305. ",,,,
,,,,Sparse highland flora ,,"National Research Council. 1996. Lost Crops of Africa: Volume I: Grains. Washington, DC: The National Academies Press. https://doi.org/10.17226/2305. ",,,,
Trees,,,,,,,,,,
Shrubs,,,,,,,,,,
Grass,,,,,,,,,,
Other,,,,,,,,,,
