Arches terminology,Universal terminology,User form,1,2,3,4,5,6,7,8,9,10,11,12,13,14,15,16,17,18,19
CIDOC CRM Semantic Node Class,CIDOC CRM Semantic Node Class,,E42 Identifier,E39 Actor,,,,E74 Group,,,,E27 Site,,,E62 String,E66 Formation,E62 String,,E66 Formation,,
CIDOC CRM Node Class,CIDOC CRM Node Class,,E42 Identifier,E41 Appellation,E55 Type,E51 Contact Point,E55 Type,E74 Group,E55 Type,E50 Date,E50 Date,E45 Address,E53 Place,E53 Place,E62 String,E39 Actor,E62 String,E50 Date,E82 Actor Appellation,E50 Date,E50 Date
CIDOC CRM Scope note,CIDOC CRM Scope note,,"This class comprises strings or codes assigned to instances of E1 CRM Entity in order to identify them
uniquely and permanently within the context of one or more organisations. Such codes are often known
as inventory numbers, registration codes, etc. and are typically composed of alphanumeric sequences.
The class E42 Identifier is not normally used for machine-generated identifiers used for automated
processing unless these are also used by human agents","This class comprises signs, either meaningful or not, or arrangements of signs following a specific
syntax, that are used or can be used to refer to and identify a specific instance of some class or category
within a certain context.
Instances of E41 Appellation do not identify things by their meaning, even if they happen to have one,
but instead by convention, tradition, or agreement. Instances of E41 Appellation are cultural constructs;
as such, they have a context, a history, and a use in time and space by some group of users. A given
instance of E41 Appellation can have alternative forms, i.e., other instances of E41 Appellation that are
always regarded as equivalent independent from the thing it denotes.
Specific subclasses of E41 Appellation should be used when instances of E41 Appellation of a
characteristic form are used for particular objects. Instances of E49 Time Appellation, for example,
which take the form of instances of E50 Date, can be easily recognised","This class comprises concepts denoted by terms from thesauri and controlled vocabularies used to
characterize and classify instances of CRM classes. Instances of E55 Type represent concepts in
contrast to instances of E41 Appellation which are used to name instances of CRM classes.
E55 Type is the CRM’s interface to domain specific ontologies and thesauri. These can be represented
in the CRM as subclasses of E55 Type, forming hierarchies of terms, i.e. instances of E55 Type linked
via P127 has broader term (has narrower term). Such hierarchies may be extended with additional
properties","This class comprises identifiers employed, or understood, by communication services to direct
communications to an instance of E39 Actor. These include E-mail addresses, telephone numbers, post
office boxes, Fax numbers, URLs etc. Most postal addresses can be considered both as instances of
E44 Place Appellation and E51 Contact Point. In such cases the subclass E45 Address should be used. URLs are addresses used by machines to access another machine through an http request. Since the
accessed machine acts on behalf of the E39 Actor providing the machine, URLs are considered as
instances of E51 Contact Point to that E39 Actor.","This class comprises concepts denoted by terms from thesauri and controlled vocabularies used to
characterize and classify instances of CRM classes. Instances of E55 Type represent concepts in
contrast to instances of E41 Appellation which are used to name instances of CRM classes.
E55 Type is the CRM’s interface to domain specific ontologies and thesauri. These can be represented
in the CRM as subclasses of E55 Type, forming hierarchies of terms, i.e. instances of E55 Type linked
via P127 has broader term (has narrower term). Such hierarchies may be extended with additional
properties","This class comprises institutions or groups of people that have obtained a legal recognition as a group
and can act collectively as agents.
This means that they can perform actions, own property, create or destroy things and can be held
collectively responsible for their actions like individual people. The term 'personne morale' is often
used for this in French","This class comprises any sort of name, number, code or symbol characteristically used to identify an E39 Actor.
An E39 Actor will typically have more than one E82 Actor Appellation, and instances of E82 Actor
Appellation in turn may have alternative representations. The distinction between corporate and
personal names, which is particularly important in library applications, should be made by explicitly
linking the E82 Actor Appellation to an instance of either E21 Person or E74 Group/E40 Legal Body.
If this is not possible, the distinction can be made through the use of the P2 has type mechanism","This class comprises specific forms of E49 Time Appellation.
Dates may vary in their degree of precision.","This class comprises specific forms of E49 Time Appellation.
Dates may vary in their degree of precision.","This class comprises identifiers expressed in coding systems for places, such as postal addresses used
for mailing.
An E45 Address can be considered both as the name of an E53 Place and as an E51 Contact Point for
an E39 Actor. This dual aspect is reflected in the multiple inheritance. However, some forms of mailing addresses, such as a postal box, are only instances of E51 Contact Point, since they do not identify any
particular Place. These should not be documented as instances of E45 Address","This class comprises extents in space, in particular on the surface of the earth, in the pure sense of
physics: independent from temporal phenomena and matter.
The instances of E53 Place are usually determined by reference to the position of “immobile” objects
such as buildings, cities, mountains, rivers, or dedicated geodetic marks. A Place can be determined by combining a frame of reference and a location with respect to this frame. It may be identified by one or
more instances of E44 Place Appellation.
It is sometimes argued that instances of E53 Place are best identified by global coordinates or absolute
reference systems. However, relative references are often more relevant in the context of cultural
documentation and tend to be more precise. In particular, we are often interested in position in relation
to large, mobile objects, such as ships. For example, the Place at which Nelson died is known with
reference to a large mobile object – H.M.S Victory. A resolution of this Place in terms of absolute
coordinates would require knowledge of the movements of the vessel and the precise time of death,
either of which may be revised, and the result would lack historical and cultural relevance.
Any object can serve as a frame of reference for E53 Place determination. The model foresees the
notion of a ""section"" of an E19 Physical Object as a valid E53 Place determination","This class comprises extents in space, in particular on the surface of the earth, in the pure sense of
physics: independent from temporal phenomena and matter.
The instances of E53 Place are usually determined by reference to the position of “immobile” objects
such as buildings, cities, mountains, rivers, or dedicated geodetic marks. A Place can be determined by combining a frame of reference and a location with respect to this frame. It may be identified by one or
more instances of E44 Place Appellation.
It is sometimes argued that instances of E53 Place are best identified by global coordinates or absolute
reference systems. However, relative references are often more relevant in the context of cultural
documentation and tend to be more precise. In particular, we are often interested in position in relation
to large, mobile objects, such as ships. For example, the Place at which Nelson died is known with
reference to a large mobile object – H.M.S Victory. A resolution of this Place in terms of absolute
coordinates would require knowledge of the movements of the vessel and the precise time of death,
either of which may be revised, and the result would lack historical and cultural relevance.
Any object can serve as a frame of reference for E53 Place determination. The model foresees the
notion of a ""section"" of an E19 Physical Object as a valid E53 Place determination","This class comprises the instances of E59 Primitive Values used for documentation such as free text
strings, bitmaps, vector graphics, etc.
E62 String is not further elaborated upon within the model","This class comprises people, either individually or in groups, who have the potential to perform intentional actions of kinds for which someone may be held responsible.  (Definition of the CIDOC Conceptual Reference Model version 6.2)
 
The CRM does not attempt to model the inadvertent actions of such actors. Individual people should be documented as instances of E21 Person, whereas groups should be documented as instances of either E74 Group or its subclass E40 Legal Body.
 
Examples:
London and Continental Railways (E40)
the Governor of the Bank of England in 1975 (E21)
Sir Ian McKellan (E21)","This class comprises the instances of E59 Primitive Values used for documentation such as free text
strings, bitmaps, vector graphics, etc.
E62 String is not further elaborated upon within the model","This class comprises specific forms of E49 Time Appellation.
Dates may vary in their degree of precision.","This class comprises any sort of name, number, code or symbol characteristically used to identify an E39 Actor.
An E39 Actor will typically have more than one E82 Actor Appellation, and instances of E82 Actor
Appellation in turn may have alternative representations. The distinction between corporate and
personal names, which is particularly important in library applications, should be made by explicitly
linking the E82 Actor Appellation to an instance of either E21 Person or E74 Group/E40 Legal Body.
If this is not possible, the distinction can be made through the use of the P2 has type mechanism.","This class comprises specific forms of E49 Time Appellation.
Dates may vary in their degree of precision.","This class comprises specific forms of E49 Time Appellation.
Dates may vary in their degree of precision."
Semantic Node (card),Group,Group,Identifiers,Actor,,,,Association,,,,Location,,,Description,Recording details,,,Uploading details,,
Node (En),Metadata (En),Metadata (En),MAEASaM ID,Name,Name type,Contact information,Actor type,Associated with,Nature of association,Start date,End date,Address,Country,Geometry (WKT),Description,Recorder,Comment,Created at,Uploader,Uploaded at,Last modified at
Node (Fr),Metadata (Fr),Metadata (Fr),MAEASaM ID,Nom,Type de nom,Coordonnées,Type d'acteur,Associé à,Nature de l'association,Date de début,Date de fin,Adresse,Pays,Géométrie,Description,Enregistreur,Commentaire,Date de l'enregistrement,Auteur du téléversement,Date de téléversement,Dernière modification d'enregistrement
Node (Ar),Metadata (Ar),Metadata (Ar),MAEASaM ID,الاسم,نوع الاسم,معلومات الاتصال,نوع الجهة الفاعلة,مرتبط بـ,طبيعة الارتباط,تاريخ البدء,تاريخ الانتهاء,العنوان,البلد,الشكل الهندسي (WKT),الوصف,المسجّل,ملاحظة,تاريخ إنشاء المورد,اسم الرافع,تاريخ الرفع,تاريخ آخر تعديل للمورد
Node (Pt),Metadata (Pt),Metadata (Pt),MAEASaM ID,Nome,Tipo de nome,Informações de contacto,Tipo de ator,Associado a,Natureza da associação,Data de início,Data de fim,Endereço,País,Geometria (WKT),Descrição,Responsável pelo registo,Comentário,Data de criação do recurso,Responsável pelo carregamento,Data de carregamento,Data da última modificação
Data Type,Data Type,Data Type,String,String,Concept-list,String,Concept-list,Resource-Instance-List,Concept-list,EDTF,EDTF,String,String,GeoJSON-feature-collection,String,Resource-Instance-List,String,Date,Resource-Instance-List,Date,Date
Collection,Collection,Collection,N/A,N/A,Name type (cv),N/A,Actor type (cv),Actor (rm),Nature of association (cv),N/A,N/A,N/A,N/A,N/A,N/A,Actor (rm),N/A,N/A,Actor (rm),N/A,N/A
,Necessity,Necessity,Mandatory,Mandatory,Mandatory,Optional,Mandatory,Mandatory,Mandatory,Mandatory,Optional,Optional,Optional,Optional,Optional,Mandatory,Optional,Mandatory,Mandatory,Mandatory,Mandatory
,Cardinality,Cardinality,1,1..n,1..n,0..n,1..n,1..n,1..n,1,0..1,0..n,0..n,0..n,0..1,1..n,0..n,1,1,1,1
,Dublin Core Equivalent,Dublin Core Equivalent,http://purl.org/dc/terms/identifier,http://purl.org/dc/terms/title,http://purl.org/dc/terms/type,No direct equivalent,http://purl.org/dc/terms/type,http://purl.org/dc/terms/relation,http://purl.org/dc/terms/type,http://purl.org/dc/terms/date,http://purl.org/dc/terms/date,No direct equivalent,http://purl.org/dc/terms/coverage,http://purl.org/dc/terms/spatial,http://purl.org/dc/terms/description,http://purl.org/dc/terms/contributor,http://purl.org/dc/terms/description,http://purl.org/dc/terms/created,http://purl.org/dc/terms/contributor,http://purl.org/dc/terms/dateSubmitted,http://purl.org/dc/terms/modified
,Operational Info,Operational Info,Primary Key,N/A,N/A,N/A,N/A,Foreign Key,N/A,N/A,N/A,N/A,N/A,N/A,N/A,Foreign Key,N/A,N/A,Foreign Key,Auto-Populated,Auto-Populated
MAEASaM Scope Note (En),Definition (En),Definition (En),A unique identifier assigned to each resource. Format: ACT-8-digit number (e.g. ACT-00000003).,The name the actor is generally referred to as. An entry can have multiple name values with different name types - e.g. a person may have a primary name they are referred to as and an alternative name.,"The type of the name recorded in the ""Name"" field - e.g. Primary name, Alternative name, Local name. An actor can have several names, each with its own name type (e.g. a person may be referred to by a primary name and an alternative name).","Information related to how the individual can be contacted. This can be either email, cellular phone, landline telephone, etc.","The type of actor which this resource represents - e.g. a member of the MAEASaM team (a type of person), or a museum (a type of institution). Controlled by a hierarchical thesaurus (only certain values valid).","Whether this actor is associated with another actor, and which actor it is associated with.",The type of association the actor had with the other actor.,This records the date at which the actor became associated with the other actor.,This records the date at which the actor ended its association with the other actor.,"A text description of the location of this actor - for institutions this might be the address of the institution, or for people this might be where they are based professionally (not personal addresses). This does not need to be extremely detailed (or even included at all) if details cannot be provided or if an actor does not want to provide them.",The name of the country in which the actor is physically situated.,The coordinates (WGS 84 format) of the place indicated by the address.,"A basic description of the nature of the actor, if this is considered useful.",The name of the individual responsible for creating the resource record.,Any additional information relevant to this resource that the recorder feels should be documented.,The date on which the resource record was created in the database.,The name of the individual that uploaded this resource record to Arches.,The date on which this resource record was added to Arches.,The most recent date on which the resource record was modified.
,Input Instructions (En),Input Instructions (En),Please enter the information as free text.,Please enter the information as free text.,"Please write the term exactly as recorded in the ""Name type (cv)"" controlled vocabulary.",Please enter the information as free text.,"Please write the term exactly as recorded in the ""Actor type (cv)"" controlled vocabulary.","Please write the MAEASaM ID of the relevant record from the ""Actor (rm)"" resource instance.","Please write the term exactly as recorded in the ""Nature of association (cv)"" controlled vocabulary.",Please enter the date using the Extended Date/Time Format (EDTF) standard (https://www.loc.gov/standards/datetime/). Avoid the combined '%' qualifier - a known Arches issue drops it on save; '?' and '~' alone work fine.,Please enter the date using the Extended Date/Time Format (EDTF) standard (https://www.loc.gov/standards/datetime/). Avoid the combined '%' qualifier - a known Arches issue drops it on save; '?' and '~' alone work fine.,Please enter the information as free text.,Please enter the information as free text.,Please provide the geometry as coordinates in Well-Known Text (WKT) format.,Please enter the information as free text.,"Please write the MAEASaM ID of the relevant record from the ""Actor (rm)"" resource instance.",Please enter the information as free text.,Please enter the date in ISO format (YYYY-MM-DD).,"Please write the MAEASaM ID of the relevant record from the ""Actor (rm)"" resource instance.",This field is automatically populated by the system. Leave this field blank.,This field is automatically populated by the system. Leave this field blank.
MAEASaM Scope Note (Fr),Definition (Fr),Definition (Fr),Identifiant unique attribué à chaque ressource saisie.,"Le nom sous lequel l'acteur est généralement désigné. Une entrée peut avoir plusieurs valeurs de nom avec différents types de nom - par exemple, une personne peut avoir un nom principal sous lequel elle est désignée et un nom alternatif.","Le type du nom enregistré dans le champ « Name » - par exemple Primary name, Alternative name, Local name. Un acteur peut avoir plusieurs noms, chacun avec son propre type de nom (par exemple, une personne peut être désignée par un nom principal et un nom alternatif).","Informations permettant de contacter la personne. Il peut s'agir d'une adresse électronique, d'un téléphone portable, d'un téléphone fixe, etc.","Le type d'acteur que cette ressource représente - par exemple, un membre de l'équipe MAEASaM (un type de personne), ou un musée (un type d'institution). Contrôlé par un thésaurus hiérarchique (seules certaines valeurs sont valables)","Indique si cet acteur est associé à un autre acteur, et à quel acteur il est associé.",Le type d'association que l'acteur a eu avec l'autre acteur.,Enregistre la date à laquelle l'acteur a été associé à l'autre acteur.,Enregistre la date à laquelle l'acteur a mis fin à son association avec l'autre acteur.,"Une description textuelle de la localisation de cet acteur - pour les institutions, il peut s'agir de l'adresse de l'institution, ou pour les personnes, il peut s'agir de l'endroit où elles sont basées professionnellement (pas d'adresse personnelle). Il n'est pas nécessaire que cette description soit extrêmement détaillée (ni même qu'elle soit incluse du tout) si les détails ne peuvent pas être fournis ou si l'acteur ne souhaite pas les fournir.",Le nom du pays dans lequel l'acteur est physiquement situé.,Les coordonnées (format WGS 84) du lieu indiqué par l'adresse,"Une description de base de la nature de l'acteur, si cela est jugé utile.",Le nom de la personne responsable de la création de l'enregistrement de la ressource.,Tout commentaire supplémentaire nécessaire à la description complète de cet acteur ou de son entrée ici,La date à laquelle l'enregistrement de la ressource a été créé dans la base de données.,Le nom de la personne ayant téléversé cet enregistrement de ressource dans Arches.,La date à laquelle cet enregistrement de ressource a été ajouté dans Arches.,La date la plus récente à laquelle l'enregistrement de la ressource a été modifié.
MAEASaM Scope  Note (Ar),Definition (Ar),Definition (Ar),معرّف فريد يُسند إلى كل مورد. الصيغة: ACT متبوعًا برقم من 8 خانات (مثال: ACT-00000003).,الاسم الذي تُعرف به الجهة الفاعلة عادةً. يمكن أن يتضمن السجل عدة أسماء بأنواع أسماء مختلفة - على سبيل المثال، قد يكون للشخص اسم رئيسي يُعرف به واسم بديل.,"نوع الاسم المسجّل في حقل ""Name"" - مثل Primary name وAlternative name وLocal name. يمكن أن يكون للجهة الفاعلة عدة أسماء، لكل منها نوع اسم خاص به (مثلًا قد يُشار إلى شخص باسم رئيسي واسم بديل).",معلومات حول كيفية التواصل مع الشخص، مثل البريد الإلكتروني أو الهاتف المحمول أو الهاتف الأرضي وغيرها.,نوع الجهة الفاعلة التي يمثلها هذا المورد - مثل عضو في فريق MAEASaM (نوع من الأشخاص) أو متحف (نوع من المؤسسات). يُضبط بواسطة مكنز هرمي (تُقبل قيم محددة فقط).,ما إذا كانت هذه الجهة الفاعلة مرتبطة بجهة فاعلة أخرى، وما هي الجهة المرتبطة بها.,نوع الارتباط الذي كان للجهة الفاعلة مع الجهة الفاعلة الأخرى.,يسجّل التاريخ الذي أصبحت فيه الجهة الفاعلة مرتبطة بالجهة الفاعلة الأخرى.,يسجّل التاريخ الذي أنهت فيه الجهة الفاعلة ارتباطها بالجهة الفاعلة الأخرى.,وصف نصي لموقع هذه الجهة الفاعلة - بالنسبة للمؤسسات قد يكون عنوان المؤسسة، وبالنسبة للأشخاص قد يكون مكان عملهم المهني (وليس العنوان الشخصي). لا يلزم أن يكون هذا الوصف مفصلًا للغاية (أو حتى أن يُدرج أصلًا) إذا تعذّر تقديم التفاصيل أو إذا لم ترغب الجهة الفاعلة في تقديمها.,اسم البلد الذي تقع فيه الجهة الفاعلة فعليًا.,إحداثيات المكان المشار إليه في العنوان (بصيغة WGS 84).,وصف أساسي لطبيعة الجهة الفاعلة، إذا اعتُبر ذلك مفيدًا.,اسم الشخص المسؤول عن إنشاء سجل المورد.,أي معلومات إضافية ذات صلة بهذا المورد يرى المسجّل أنه ينبغي توثيقها.,التاريخ الذي أُنشئ فيه سجل المورد في قاعدة البيانات.,اسم الشخص الذي رفع سجل المورد هذا إلى Arches.,التاريخ الذي أُضيف فيه سجل المورد هذا إلى Arches.,أحدث تاريخ عُدّل فيه سجل المورد.
MAEASaM Scope  Note (Pt),Definition (Pt),Definition (Pt),"Identificador único atribuído a cada recurso. Formato: ACT seguido de um número de 8 dígitos (por exemplo, ACT-00000003).","O nome pelo qual o ator é geralmente designado. Um registo pode ter vários nomes com diferentes tipos de nome - por exemplo, uma pessoa pode ter um nome principal pelo qual é designada e um nome alternativo.","O tipo do nome registado no campo ""Name"" - por exemplo, Primary name, Alternative name, Local name. Um ator pode ter vários nomes, cada um com o seu próprio tipo de nome (por exemplo, uma pessoa pode ser designada por um nome principal e um nome alternativo).","Informações sobre a forma de contactar a pessoa. Pode tratar-se de correio eletrónico, telemóvel, telefone fixo, etc.","O tipo de ator que este recurso representa - por exemplo, um membro da equipa MAEASaM (um tipo de pessoa) ou um museu (um tipo de instituição). Controlado por um tesauro hierárquico (apenas determinados valores são válidos).",Indica se este ator está associado a outro ator e a qual ator está associado.,O tipo de associação que o ator teve com o outro ator.,Regista a data em que o ator passou a estar associado ao outro ator.,Regista a data em que o ator terminou a sua associação com o outro ator.,"Uma descrição textual da localização deste ator - para instituições, pode ser o endereço da instituição; para pessoas, pode ser o local onde exercem a sua atividade profissional (não endereços pessoais). Esta descrição não precisa de ser muito detalhada (nem sequer incluída) se não for possível fornecer os dados ou se o ator não os quiser fornecer.",O nome do país onde o ator está fisicamente situado.,As coordenadas (formato WGS 84) do local indicado pelo endereço.,"Uma descrição básica da natureza do ator, caso se considere útil.",O nome da pessoa responsável pela criação do registo do recurso.,Qualquer informação adicional relevante para este recurso que o responsável pelo registo considere que deve ser documentada.,A data em que o registo do recurso foi criado na base de dados.,O nome da pessoa que carregou este registo do recurso no Arches.,A data em que este registo do recurso foi adicionado ao Arches.,A data mais recente em que o registo do recurso foi modificado.
Example 1,Example 1,Example 1,ACT-00000003,University of Pretoria,Primary name,john.smith@contact.com,University,ACT-00000002,Project institution,2019-03-01,2024-12-31,"Lynnwood Rd, Hatfield, Pretoria, 0002",South Africa,,"Public research university in Pretoria, South Africa; MAEASaM partner institution.",ACT-00000072,Contact details confirmed with the institution in 2025.,2026-09-01,ACT-00000056,This field is automatically populated by the system. Leave this field blank,This field is automatically populated by the system. Leave this field blank
Example 2,Example 2,Example 2,ACT-00000005,University of Cambridge,Primary name,jane.smith@contact.com,University,ACT-00000002,Project institution,2015-01-01,2020-06-30,The Old Schools Trinity Ln Cambridge CB2 1TN United Kingdom,United Kingdom,,"Collegiate research university in Cambridge, United Kingdom; MAEASaM partner institution.",,,,ACT-00000056,,
,,,,,,,,,,,,,,,,,,,,,
,Data Type Legend,,Country ,Code (ISO 3166-1 alpha-3),,Language,Code (ISO 639-1),,,,,,,,,,,,,,
,String,,Benin,BEN,,English,en,,,,,,,,,,,,,,
,Semantic,,Botswana,BWA,,French,fr,,,,,,,,,,,,,,
,GeoJSON-feature-collection,,Democratic Republic of the Congo,COD,,Arabic,ar,,,,,,,,,,,,,,
,Date/EDTF,,Ethiopia,ETH,,Portuguese,pt,,,,,,,,,,,,,,
,Resource-Instance-List,,Ghana,GHA,,,,,,,,,,,,,,,,,
,Number,,Guinea-Bissau,GNB,,,,,,,,,,,,,,,,,
,Concept-list,,Kenya,KEN,,,,,,,,,,,,,,,,,
,Node,,Mali,MLI,,,,,,,,,,,,,,,,,
,URL,,Mozambique,MOZ,,,,,,,,,,,,,,,,,
,Boolean,,Nigeria,NGA,,,,,,,,,,,,,,,,,
,File-list,,Senegal,SEN,,,,,,,,,,,,,,,,,
,,,Sudan,SDN,,,,,,,,,,,,,,,,,
,,,Tanzania,TZA,,,,,,,,,,,,,,,,,
,,,The Gambia,GMB,,,,,,,,,,,,,,,,,
,,,Togo,TGO,,,,,,,,,,,,,,,,,
,,,Zimbabwe,ZWE,,,,,,,,,,,,,,,,,
,,,,,,,,,,,,,,,,,,,,,
,,,Abbreviation,Meaning,,,,,,,,,,,,,,,,,
,,,cv,Concept-list,,,,,,,,,,,,,,,,,
,,,rm,Resource model,,,,,,,,,,,,,,,,,
