Arches terminology,Universal terminology,User form,1,2,3,4,5,6,7,8,9,10,11,12,13,14,15,16,17,18,19,20,21,22,23,24
CIDOC CRM Semantic Node Class,CIDOC CRM Semantic Node Class,,E42 Identifier,,,,E53 Place,,E73 Information object,,,,,,,E30 Right,,,,,E66 Formation,,,E66 Formation,,
CIDOC CRM Node Class,CIDOC CRM Node Class,,E42 Identifier,E42 Identifier,E42 Identifier,E42 Identifier,E53 Place,E17 Type Assignment,E17 Type Assignment,E84 Information Carrier,E60 Number,E53 Place,E60 Number,E53 Place,E60 Number,E55 Type,E55 Type,E1 CRM Entity,E62 String,E62 String,E39 Actor,E62 String,E50 Date,E82 Actor Appellation,E50 Date,E50 Date
CIDOC CRM Scope note,CIDOC CRM Scope note,,"This class comprises strings or codes assigned to instances of E1 CRM Entity in order to identify them
uniquely and permanently within the context of one or more organisations. Such codes are often known
as inventory numbers, registration codes, etc. and are typically composed of alphanumeric sequences.
The class E42 Identifier is not normally used for machine-generated identifiers used for automated
processing unless these are also used by human agents","This class comprises strings or codes assigned to instances of E1 CRM Entity in order to identify them
uniquely and permanently within the context of one or more organisations. Such codes are often known
as inventory numbers, registration codes, etc. and are typically composed of alphanumeric sequences.
The class E42 Identifier is not normally used for machine-generated identifiers used for automated
processing unless these are also used by human agents","This class comprises strings or codes assigned to instances of E1 CRM Entity in order to identify them
uniquely and permanently within the context of one or more organisations. Such codes are often known
as inventory numbers, registration codes, etc. and are typically composed of alphanumeric sequences.
The class E42 Identifier is not normally used for machine-generated identifiers used for automated
processing unless these are also used by human agents","This class comprises strings or codes assigned to instances of E1 CRM Entity in order to identify them
uniquely and permanently within the context of one or more organisations. Such codes are often known
as inventory numbers, registration codes, etc. and are typically composed of alphanumeric sequences.
The class E42 Identifier is not normally used for machine-generated identifiers used for automated
processing unless these are also used by human agents","This class comprises extents in space, in particular on the surface of the earth, in the pure sense of
physics: independent from temporal phenomena and matter.
The instances of E53 Place are usually determined by reference to the position of “immobile” objects
such as buildings, cities, mountains, rivers, or dedicated geodetic marks. A Place can be determined by combining a frame of reference and a location with respect to this frame. It may be identified by one or
more instances of E44 Place Appellation.
It is sometimes argued that instances of E53 Place are best identified by global coordinates or absolute
reference systems. However, relative references are often more relevant in the context of cultural
documentation and tend to be more precise. In particular, we are often interested in position in relation
to large, mobile objects, such as ships. For example, the Place at which Nelson died is known with
reference to a large mobile object – H.M.S Victory. A resolution of this Place in terms of absolute
coordinates would require knowledge of the movements of the vessel and the precise time of death,
either of which may be revised, and the result would lack historical and cultural relevance.
Any object can serve as a frame of reference for E53 Place determination. The model foresees the
notion of a ""section"" of an E19 Physical Object as a valid E53 Place determination","This class comprises the actions of classifying items of whatever kind. Such items include objects,
specimens, people, actions and concepts.
This class allows for the documentation of the context of classification acts in cases where the value of
the classification depends on the personal opinion of the classifier, and the date that the classification
was made. This class also encompasses the notion of ""determination,"" i.e. the systematic and molecular
identification of a specimen in biology","This class comprises the actions of classifying items of whatever kind. Such items include objects,
specimens, people, actions and concepts.
This class allows for the documentation of the context of classification acts in cases where the value of
the classification depends on the personal opinion of the classifier, and the date that the classification
was made. This class also encompasses the notion of ""determination,"" i.e. the systematic and molecular
identification of a specimen in biology","This class comprises all instances of E22 Man-Made Object that are explicitly designed to act as
persistent physical carriers for instances of E73 Information Object.
An E84 Information Carrier may or may not contain information, e.g., a diskette. Note that any E18
Physical Thing may carry information, such as an E34 Inscription. However, unless it was specifically
designed for this purpose, it is not an Information Carrier. Therefore the property P128 carries (is
carried by) applies to E18 Physical Thing in general.","This class comprises any encoding of computable (algebraic) values such as integers, real numbers,
complex numbers, vectors, tensors etc., including intervals of these values to express limited precision.
Numbers are fundamentally distinct from identifiers in continua, such as instances of E50 Date and E47
Spatial Coordinate, even though their encoding may be similar. Instances of E60 Number can be
combined with each other in algebraic operations to yield other instances of E60 Number, e.g., 1+1=2.
Identifiers in continua may be combined with numbers expressing distances to yield new identifiers,
e.g., 1924-01-31 + 2 days = 1924-02-02. Cf. E54 Dimension","This class comprises extents in space, in particular on the surface of the earth, in the pure sense of
physics: independent from temporal phenomena and matter.
The instances of E53 Place are usually determined by reference to the position of “immobile” objects
such as buildings, cities, mountains, rivers, or dedicated geodetic marks. A Place can be determined by combining a frame of reference and a location with respect to this frame. It may be identified by one or
more instances of E44 Place Appellation.
It is sometimes argued that instances of E53 Place are best identified by global coordinates or absolute
reference systems. However, relative references are often more relevant in the context of cultural
documentation and tend to be more precise. In particular, we are often interested in position in relation
to large, mobile objects, such as ships. For example, the Place at which Nelson died is known with
reference to a large mobile object – H.M.S Victory. A resolution of this Place in terms of absolute
coordinates would require knowledge of the movements of the vessel and the precise time of death,
either of which may be revised, and the result would lack historical and cultural relevance.
Any object can serve as a frame of reference for E53 Place determination. The model foresees the
notion of a ""section"" of an E19 Physical Object as a valid E53 Place determination","This class comprises any encoding of computable (algebraic) values such as integers, real numbers,
complex numbers, vectors, tensors etc., including intervals of these values to express limited precision.
Numbers are fundamentally distinct from identifiers in continua, such as instances of E50 Date and E47
Spatial Coordinate, even though their encoding may be similar. Instances of E60 Number can be
combined with each other in algebraic operations to yield other instances of E60 Number, e.g., 1+1=2.
Identifiers in continua may be combined with numbers expressing distances to yield new identifiers,
e.g., 1924-01-31 + 2 days = 1924-02-02. Cf. E54 Dimension","This class comprises extents in space, in particular on the surface of the earth, in the pure sense of
physics: independent from temporal phenomena and matter.
The instances of E53 Place are usually determined by reference to the position of “immobile” objects
such as buildings, cities, mountains, rivers, or dedicated geodetic marks. A Place can be determined by combining a frame of reference and a location with respect to this frame. It may be identified by one or
more instances of E44 Place Appellation.
It is sometimes argued that instances of E53 Place are best identified by global coordinates or absolute
reference systems. However, relative references are often more relevant in the context of cultural
documentation and tend to be more precise. In particular, we are often interested in position in relation
to large, mobile objects, such as ships. For example, the Place at which Nelson died is known with
reference to a large mobile object – H.M.S Victory. A resolution of this Place in terms of absolute
coordinates would require knowledge of the movements of the vessel and the precise time of death,
either of which may be revised, and the result would lack historical and cultural relevance.
Any object can serve as a frame of reference for E53 Place determination. The model foresees the
notion of a ""section"" of an E19 Physical Object as a valid E53 Place determination","This class comprises any encoding of computable (algebraic) values such as integers, real numbers,
complex numbers, vectors, tensors etc., including intervals of these values to express limited precision.
Numbers are fundamentally distinct from identifiers in continua, such as instances of E50 Date and E47
Spatial Coordinate, even though their encoding may be similar. Instances of E60 Number can be
combined with each other in algebraic operations to yield other instances of E60 Number, e.g., 1+1=2.
Identifiers in continua may be combined with numbers expressing distances to yield new identifiers,
e.g., 1924-01-31 + 2 days = 1924-02-02. Cf. E54 Dimension",This class comprises concepts denoted by terms from thesauri and controlled vocabularies used to characterize and classify instances of CRM classes.,This class comprises concepts denoted by terms from thesauri and controlled vocabularies used to characterize and classify instances of CRM classes.,"This class comprises all things in the universe of discourse of the CIDOC Conceptual Reference Model. It is an abstract concept providing for three general properties: 1. Identification by name or appellation, and in particular by a preferred identifier 2. Classification by type, allowing further refinement of the specific subclass an instance belongs to 3. Attachment of free text for the expression of anything not captured by formal properties With the exception of E59 Primitive Value, all other classes within the CRM are directly or indirectly specialisations of E1 CRM Entity.","This class comprises the instances of E59 Primitive Values used for documentation such as free text
strings, bitmaps, vector graphics, etc.
E62 String is not further elaborated upon within the mode","This class comprises the instances of E59 Primitive Values used for documentation such as free text
strings, bitmaps, vector graphics, etc.
E62 String is not further elaborated upon within the mode","This class comprises people, either individually or in groups, who have the potential to perform intentional actions of kinds for which someone may be held responsible.  (Definition of the CIDOC Conceptual Reference Model version 6.2)
 
The CRM does not attempt to model the inadvertent actions of such actors. Individual people should be documented as instances of E21 Person, whereas groups should be documented as instances of either E74 Group or its subclass E40 Legal Body.
 
Examples:
London and Continental Railways (E40)
the Governor of the Bank of England in 1975 (E21)
Sir Ian McKellan (E21)","This class comprises the instances of E59 Primitive Values used for documentation such as free text
strings, bitmaps, vector graphics, etc.
E62 String is not further elaborated upon within the mode","This class comprises specific forms of E49 Time Appellation.
Dates may vary in their degree of precision.","This class comprises any sort of name, number, code or symbol characteristically used to identify an E39 Actor.
An E39 Actor will typically have more than one E82 Actor Appellation, and instances of E82 Actor
Appellation in turn may have alternative representations. The distinction between corporate and
personal names, which is particularly important in library applications, should be made by explicitly
linking the E82 Actor Appellation to an instance of either E21 Person or E74 Group/E40 Legal Body.
If this is not possible, the distinction can be made through the use of the P2 has type mechanism.","This class comprises specific forms of E49 Time Appellation.
Dates may vary in their degree of precision.","This class comprises specific forms of E49 Time Appellation.
Dates may vary in their degree of precision."
Semantic Node (card),Group,Group,Identifiers,,,,Geometry,,Related resource models,,,,,,,Copyright/Access,,,,,Recording details,,,Uploading details,,
Node (En),Metadata (En),Metadata (En),MAEASaM ID,Grid square long,Grid square short,SASES ID,Geometry (WKT),Remote sensing survey progress status,Map status,Related maps,Number of maps,Related sites,Number of sites,Related remote sensing sites,Number of remote sensing sites,Licence,Access level,Rights holder,Rights Notes,Preferred Citation,Recorder,Comment,Created at,Uploader,Uploaded at,Last modified at
Node (Fr),Metadata (Fr),Metadata (Fr),MAEASaM ID,Carré de grille (long),Carré de grille (court),Identifiant SASES,Géométrie (WKT),État d'avancement de la prospection par télédétection,Statut de la carte,Cartes associées,Nombre de cartes,Sites associés,Nombre de sites,Sites de télédétection associés,Nombre de sites de télédétection,Licence,Niveau d’accès,Titulaire des droits,Informations sur les droits d'auteur,Citation recommandée,Enregistreur,Commentaire,Date de l'enregistrement,Auteur du téléversement,Date de téléversement,Dernière modification d'enregistrement
Node (Ar),Metadata (Ar),Metadata (Ar),MAEASaM ID,مربع الشبكة (طويل),مربع الشبكة (قصير),معرّف SASES,الشكل الهندسي (WKT),حالة تقدّم مسح الاستشعار عن بُعد,حالة الخريطة,الخرائط المرتبطة,عدد الخرائط,المواقع المرتبطة,عدد المواقع,مواقع الاستشعار عن بُعد المرتبطة,عدد مواقع الاستشعار عن بُعد,الترخيص,مستوى الوصول,صاحب الحقوق,ملاحظات الحقوق,الاستشهاد المفضّل,المسجّل,ملاحظة,تاريخ إنشاء المورد,اسم الرافع,تاريخ الرفع,تاريخ آخر تعديل للمورد
Node (Pt),Metadata (Pt),Metadata (Pt),MAEASaM ID,Quadrícula da grelha (longo),Quadrícula da grelha (curto),ID SASES,Geometria (WKT),Estado de progresso do levantamento por deteção remota,Estado do mapa,Mapas relacionados,Número de mapas,Sítios relacionados,Número de sítios,Sítios de deteção remota relacionados,Número de sítios de deteção remota,Licença,Nível de acesso,Titular dos direitos,Notas sobre direitos,Citação preferencial,Responsável pelo registo,Comentário,Data de criação do recurso,Responsável pelo carregamento,Data de carregamento,Data da última modificação
Data Type,Data Type,Data Type,String,String,String,String,GeoJSON-feature-collection,Concept-list,Concept-list,Resource-Instance-List,Number,Resource-Instance-List,Number,Resource-Instance-List,Number,Concept-list,Concept-list,Resource-Instance-List,String,String,Resource-Instance-List,String,Date,Resource-Instance-List,Date,Date
Collection,Collection,Collection,N/A,N/A,N/A,N/A,N/A,Remote sensing survey progress (cv),Map status (cv),Map (rm),N/A,Site (rm),N/A,Remote sensing (rm),N/A,Licences (cv),Access levels (cv),Actor (rm),N/A,N/A,Actor (rm),N/A,N/A,Actor (rm),N/A,N/A
,Necessity,Necessity,Mandatory,Mandatory,Mandatory,Mandatory,Mandatory,Mandatory,Mandatory if applicable,Mandatory if applicable,Mandatory if applicable,Mandatory if applicable,Mandatory if applicable,Mandatory if applicable,Mandatory if applicable,Mandatory,Mandatory,Mandatory,Optional,Mandatory,Mandatory,Optional,Mandatory,Mandatory,Mandatory,Mandatory
,Cardinality,Cardinality,1,1,1,1,1..n,1,1..n,0..n,0..1,0..n,0..1,0..n,0..1,1,1,1..n,0..1,1,1..n,0..n,1,1,1,1
,Dublin Core Equivalent,Dublin Core Equivalent,http://purl.org/dc/terms/identifier,http://purl.org/dc/terms/identifier,http://purl.org/dc/terms/identifier,http://purl.org/dc/terms/identifier,http://purl.org/dc/terms/spatial,No direct equivalent,No direct equivalent,http://purl.org/dc/terms/relation,No direct equivalent,http://purl.org/dc/terms/relation,No direct equivalent,http://purl.org/dc/terms/relation,No direct equivalent,http://purl.org/dc/terms/license,http://purl.org/dc/terms/accessRights,http://purl.org/dc/terms/rightsHolder,http://purl.org/dc/terms/rights,http://purl.org/dc/terms/bibliographicCitation,http://purl.org/dc/terms/contributor,http://purl.org/dc/terms/description,http://purl.org/dc/terms/created,http://purl.org/dc/terms/contributor,http://purl.org/dc/terms/dateSubmitted,http://purl.org/dc/terms/modified
,Operational Info,Operational Info,Primary Key,N/A,N/A,N/A,N/A,N/A,Derived,Derived,Derived,Derived,Derived,Derived,Derived,N/A,N/A,Foreign Key,N/A,Auto-Populated,Foreign Key,N/A,N/A,Foreign Key,Auto-Populated,Auto-Populated
MAEASaM Scope Note (En),Definition (En),Definition (En),A unique identifier assigned to each resource. Format: GRID-8-digit number (e.g. GRID-00016993).,"The name of the grid square, based on the coordinates of its centroid at a precision of 3 decimal places (e.g. E32.625S18.125).","The name of the grid square, based on the coordinates of its centroid at a precision of 1 decimal place (e.g. E32.6S18.1).",The Standardised Site Enumeration System (SASES) identifier of the grid square.,"The geometry of the grid square in WKT format, used to upload and display the square in Arches.",The current status of the remote sensing survey within the grid square.,The digitisation status of the map associated with the grid square.,The map or maps associated with the grid square.,The number of maps associated with the grid square.,The site records linked to the map associated with the grid square.,The number of sites within the grid square.,The remote sensing sites identified within the grid square.,The number of remote sensing sites identified within the grid square.,The licence under which the digital resource may be used or reused.,The level of access permitted for the digital resource.,The person or organisation holding or managing rights associated with the resource.,"Additional information about rights, permissions, restrictions, or copyright status that is not captured by the other rights and access fields.",The recommended citation to use when referring to or reusing the resource.,The name of the individual responsible for creating the resource record.,Any additional information relevant to this resource that the recorder feels should be documented.,The date on which the resource record was created in the database.,The name of the individual that uploaded this resource record to Arches.,The date on which this resource record was added to Arches.,The most recent date on which the resource record was modified.
,Input Instructions (En),Input Instructions (En),Please enter the information as free text.,Please enter the information as free text.,Please enter the information as free text.,Please enter the information as free text.,Please provide the geometry as coordinates in Well-Known Text (WKT) format.,"Please write the term exactly as recorded in the ""Remote sensing survey progress (cv)"" controlled vocabulary.",This field is automatically derived from the linked resource record(s). Leave this field blank.,This field is automatically derived from the linked resource record(s). Leave this field blank.,This field is automatically derived from the linked resource record(s). Leave this field blank.,This field is automatically derived from the linked resource record(s). Leave this field blank.,This field is automatically derived from the linked resource record(s). Leave this field blank.,This field is automatically derived from the linked resource record(s). Leave this field blank.,This field is automatically derived from the linked resource record(s). Leave this field blank.,"Please write the term exactly as recorded in the ""Licences (cv)"" controlled vocabulary.","Please write the term exactly as recorded in the ""Access levels (cv)"" controlled vocabulary.","Please write the MAEASaM ID of the relevant record from the ""Actor (rm)"" resource instance.",Please enter the information as free text.,This field is automatically populated by the system. Leave this field blank.,"Please write the MAEASaM ID of the relevant record from the ""Actor (rm)"" resource instance.",Please enter the information as free text.,Please enter the date in ISO format (YYYY-MM-DD).,"Please write the MAEASaM ID of the relevant record from the ""Actor (rm)"" resource instance.",This field is automatically populated by the system. Leave this field blank.,This field is automatically populated by the system. Leave this field blank.
MAEASaM Scope Note (Fr),Definition (Fr),Definition (Fr),Identifiant unique attribué à chaque ressource saisie.,"Le nom du carré de grille, fondé sur les coordonnées de son centroïde avec une précision de 3 décimales (par exemple E32.625S18.125).","Le nom du carré de grille, fondé sur les coordonnées de son centroïde avec une précision d'une décimale (par exemple E32.6S18.1).",L'identifiant du Standardised Site Enumeration System (SASES) du carré de grille.,"La géométrie du carré de grille au format WKT, utilisée pour charger et afficher le carré dans Arches.",L'état actuel de la prospection par télédétection dans le carré de grille.,Le statut de numérisation de la carte associée au carré de grille.,La ou les cartes associées au carré de grille.,Le nombre de cartes associées au carré de grille.,Les enregistrements de sites liés à la carte associée au carré de grille.,Le nombre de sites situés dans le carré de grille.,Les sites de télédétection identifiés dans le carré de grille.,Le nombre de sites de télédétection identifiés dans le carré de grille.,La licence en vertu de laquelle la ressource numérique peut être utilisée ou réutilisée.,Le niveau d'accès autorisé pour la ressource numérique.,La personne ou l'organisation détenant ou gérant les droits associés à la ressource.,"Informations complémentaires sur les droits, autorisations, restrictions ou le statut relatif aux droits d'auteur, non couvertes par les autres champs relatifs aux droits et à l'accès.",La citation recommandée pour faire référence à la ressource ou la réutiliser.,Le nom de la personne responsable de la création de l'enregistrement de la ressource.,Tout commentaire supplémentaire nécessaire à la description complète de cet acteur ou de son entrée ici,La date à laquelle l'enregistrement de la ressource a été créé dans la base de données.,Le nom de la personne ayant téléversé cet enregistrement de ressource dans Arches.,La date à laquelle cet enregistrement de ressource a été ajouté dans Arches.,La date la plus récente à laquelle l'enregistrement de la ressource a été modifié.
MAEASaM Scope  Note (Ar),Definition (Ar),Definition (Ar),معرّف فريد يُسند إلى كل مورد. الصيغة: GRID متبوعًا برقم من 8 خانات (مثال: GRID-00016993).,اسم مربع الشبكة، استنادًا إلى إحداثيات مركزه بدقة 3 منازل عشرية (مثال: E32.625S18.125).,اسم مربع الشبكة، استنادًا إلى إحداثيات مركزه بدقة منزلة عشرية واحدة (مثال: E32.6S18.1).,معرّف نظام الترقيم القياسي للمواقع (SASES) الخاص بمربع الشبكة.,الشكل الهندسي لمربع الشبكة بصيغة WKT، ويُستخدم لرفع المربع وعرضه في Arches.,الحالة الراهنة لمسح الاستشعار عن بُعد داخل مربع الشبكة.,حالة رقمنة الخريطة المرتبطة بمربع الشبكة.,الخريطة أو الخرائط المرتبطة بمربع الشبكة.,عدد الخرائط المرتبطة بمربع الشبكة.,سجلات المواقع المرتبطة بالخريطة المرتبطة بمربع الشبكة.,عدد المواقع الواقعة داخل مربع الشبكة.,مواقع الاستشعار عن بُعد التي تم تحديدها داخل مربع الشبكة.,عدد مواقع الاستشعار عن بُعد التي تم تحديدها داخل مربع الشبكة.,الترخيص الذي يمكن بموجبه استخدام المورد الرقمي أو إعادة استخدامه.,مستوى الوصول المسموح به إلى المورد الرقمي.,الشخص أو المؤسسة التي تملك الحقوق المرتبطة بالمورد أو تديرها.,معلومات إضافية عن الحقوق أو الأذونات أو القيود أو وضع حقوق النشر لا تغطيها حقول الحقوق والوصول الأخرى.,الاستشهاد الموصى باستخدامه عند الإشارة إلى المورد أو إعادة استخدامه.,اسم الشخص المسؤول عن إنشاء سجل المورد.,أي معلومات إضافية ذات صلة بهذا المورد يرى المسجّل أنه ينبغي توثيقها.,التاريخ الذي أُنشئ فيه سجل المورد في قاعدة البيانات.,اسم الشخص الذي رفع سجل المورد هذا إلى Arches.,التاريخ الذي أُضيف فيه سجل المورد هذا إلى Arches.,أحدث تاريخ عُدّل فيه سجل المورد.
MAEASaM Scope  Note (Pt),Definition (Pt),Definition (Pt),"Identificador único atribuído a cada recurso. Formato: GRID seguido de um número de 8 dígitos (por exemplo, GRID-00016993).","O nome da quadrícula da grelha, com base nas coordenadas do seu centroide com uma precisão de 3 casas decimais (por exemplo, E32.625S18.125).","O nome da quadrícula da grelha, com base nas coordenadas do seu centroide com uma precisão de 1 casa decimal (por exemplo, E32.6S18.1).",O identificador do Standardised Site Enumeration System (SASES) da quadrícula da grelha.,"A geometria da quadrícula da grelha em formato WKT, utilizada para carregar e apresentar a quadrícula no Arches.",O estado atual do levantamento por deteção remota na quadrícula da grelha.,O estado de digitalização do mapa associado à quadrícula da grelha.,O mapa ou mapas associados à quadrícula da grelha.,O número de mapas associados à quadrícula da grelha.,Os registos de sítios ligados ao mapa associado à quadrícula da grelha.,O número de sítios localizados na quadrícula da grelha.,Os sítios de deteção remota identificados na quadrícula da grelha.,O número de sítios de deteção remota identificados na quadrícula da grelha.,A licença ao abrigo da qual o recurso digital pode ser utilizado ou reutilizado.,O nível de acesso permitido ao recurso digital.,A pessoa ou organização que detém ou gere os direitos associados ao recurso.,"Informação adicional sobre direitos, autorizações, restrições ou estatuto de direitos de autor não abrangida pelos outros campos de direitos e acesso.",A citação recomendada a utilizar ao referir ou reutilizar o recurso.,O nome da pessoa responsável pela criação do registo do recurso.,Qualquer informação adicional relevante para este recurso que o responsável pelo registo considere que deve ser documentada.,A data em que o registo do recurso foi criado na base de dados.,O nome da pessoa que carregou este registo do recurso no Arches.,A data em que este registo do recurso foi adicionado ao Arches.,A data mais recente em que o registo do recurso foi modificado.
Example 1,Example 1,Example 1,GRID-00016993,E32.625S18.125,E32.6S18.1,JqIs,"POLYGON ((32.5 -18,32.75 -18,32.75 -18.25,32.5 -18.25,32.5 -18))",Completed,Georeferenced,ZWE-MAP-000001,1,SITE-ZWE-00000434,1,"RS-ZWE-00001077,RS-ZWE-00001078,RS-ZWE-00001079 etc.",1361,CC BY-SA,Open access,ACT-00000072,,,ACT-00000056,Grid square split at the country border; see the neighbouring square for the rest of the area.,2026-01-27,ACT-00000056,This field is automatically populated by the system. Leave this field blank,This field is automatically populated by the system. Leave this field blank
Example 2,Example 2,Example 2,GRID-00017131,E32.375S18.625,E32.3S18.6,JsIr,"POLYGON ((32.25 -18.5,32.5 -18.5,32.5 -18.75,32.25 -18.75,32.25 -18.5))",In Progress,,,,,,"RS-ZWE-00002928,RS-ZWE-00002929,RS-ZWE-00002930 etc.",45,,,,,,ACT-00000056,,2026-01-27,ACT-00000056,,
,,,,,,,,,,,,,,,,,,,,,,,,,,
,Data Type Legend,,Country ,Code,,Language,Code (ISO 639-1),,,,,,,,,,,,,,,,,,,
,String,,Benin,BEN,,English,en,,,,,,,,,,,,,,,,,,,
,Semantic,,Botswana,BWA,,French,fr,,,,,,,,,,,,,,,,,,,
,GeoJSON-feature-collection,,Democratic Republic of the Congo,COD,,Arabic,ar,,,,,,,,,,,,,,,,,,,
,Date,,Ethiopia,ETH,,Portugeuse,pt,,,,,,,,,,,,,,,,,,,
,Resource-Instance-List,,Ghana,GHA,,,,,,,,,,,,,,,,,,,,,,
,Number,,Guinea-Bissau,GNB,,,,,,,,,,,,,,,,,,,,,,
,Concept-list,,Kenya,KEN,,,,,,,,,,,,,,,,,,,,,,
,Node,,Mali,MLI,,,,,,,,,,,,,,,,,,,,,,
,URL,,Mozambique,MOZ,,,,,,,,,,,,,,,,,,,,,,
,Boolean,,Nigeria,NGA,,,,,,,,,,,,,,,,,,,,,,
,File-list,,Senegal,SEN,,,,,,,,,,,,,,,,,,,,,,
,,,Sudan,SDN,,,,,,,,,,,,,,,,,,,,,,
,,,Tanzania,TZA,,,,,,,,,,,,,,,,,,,,,,
,,,The Gambia,GMB,,,,,,,,,,,,,,,,,,,,,,
,,,Togo,TGO,,,,,,,,,,,,,,,,,,,,,,
,,,Zimbabwe,ZWE,,,,,,,,,,,,,,,,,,,,,,
,,,,,,,,,,,,,,,,,,,,,,,,,,
,,,Abbreviation,Meaning,,,,,,,,,,,,,,,,,,,,,,
,,,cv,Concept-list,,,,,,,,,,,,,,,,,,,,,,
,,,rm,Resource model,,,,,,,,,,,,,,,,,,,,,,
