Arches terminology,Universal terminology,User form,1,2,3,4,5,6,7,8,9,10,11,12,13,14,15,16,17,18,19,20,21,22,23,24,25
CIDOC CRM Semantic Node Class,CIDOC CRM Semantic Node Class,,E42 Identifier,,E31 Document,,,,,,,,,,,,,,,E30 Right,,E39 Actor,E62 String,E50 Date,E66 Formation,,
CIDOC CRM Node Class,CIDOC CRM Node Class,,E42 Identifier,E42 Identifier,E55 Type,E35 Title,E39 Actor,E74 Group,E50 Date,E31 Document,E31 Document,E42 Identifier,E42 Identifier,E42 Identifier,E62 String,E62 String,E51 Contact Point,E56 Language,E62 String,E30 Right,E30 Right,E39 Actor,E62 String,E50 Date,E82 Actor Appellation,E50 Date,E50 Date
CIDOC CRM Scope note,CIDOC CRM Scope note,,"This class comprises strings or codes assigned to instances of E1 CRM Entity in order to identify them uniquely and permanently within the context of one or more organisations. Such codes are often known as inventory numbers, registration codes, etc. and are typically composed of alphanumeric sequences. The class E42 Identifier is not normally used for machine-generated identifiers used for automated processing unless these are also used by human agent.","This class comprises strings or codes assigned to instances of E1 CRM Entity in order to identify them uniquely and permanently within the context of one or more organisations. Such codes are often known as inventory numbers, registration codes, etc. and are typically composed of alphanumeric sequences. The class E42 Identifier is not normally used for machine-generated identifiers used for automated processing unless these are also used by human agent.","This class comprises concepts denoted by terms from thesauri and controlled vocabularies used to
characterize and classify instances of CRM classes. Instances of E55 Type represent concepts in
contrast to instances of E41 Appellation which are used to name instances of CRM classes.
E55 Type is the CRM’s interface to domain specific ontologies and thesauri. These can be represented
in the CRM as subclasses of E55 Type, forming hierarchies of terms, i.e. instances of E55 Type linked
via P127 has broader term (has narrower term). Such hierarchies may be extended with additional
properties","This class comprises the names assigned to works, such as texts, artworks or pieces of music. Titles are proper noun phrases or verbal phrases, and should not be confused with generic object names
such as “chair”, “painting” or “book” (the latter are common nouns that stand for instances of E55
Type). Titles may be assigned by the creator of the work itself, or by a social group.
This class also comprises the translations of titles that are used as surrogates for the original titles in
different social contexts.","This class comprises people, either individually or in groups, who have the potential to perform
intentional actions of kinds for which someone may be held responsible.
The CRM does not attempt to model the inadvertent actions of such actors. Individual people should be
documented as instances of E21 Person, whereas groups should be documented as instances of either
E74 Group or its subclass E40 Legal Body.","This class comprises any gatherings or organizations of E39 Actors that act collectively or in a similar
way due to any form of unifying relationship. In the wider sense this class also comprises official
positions which used to be regarded in certain contexts as one actor, independent of the current holder
of the office, such as the president of a country. In such cases, it may happen that the Group never had
more than one member. A joint pseudonym (i.e., a name that seems indicative of an individual but
that is actually used as a persona by two or more people) is a particular case of E74 Group A gathering of people becomes an E74 Group when it exhibits organizational characteristics usually
typified by a set of ideas or beliefs held in common, or actions performed together. These might be
communication, creating some common artifact, a common purpose such as study, worship, business,
sports, etc. Nationality can be modelled as membership in an E74 Group (cf. HumanML markup).
Married couples and other concepts of family are regarded as particular examples of E74 Group.","This class comprises specific forms of E49 Time Appellation.
Dates may vary in their degree of precision.","his class comprises identifiable immaterial items that make propositions about reality.
These propositions may be expressed in text, graphics, images, audiograms, videograms or by other
similar means. Documentation databases are regarded as a special case of E31 Document. This class
should not be confused with the term “document” in Information Technology, which is compatible
with E73 Information Object.","his class comprises identifiable immaterial items that make propositions about reality.
These propositions may be expressed in text, graphics, images, audiograms, videograms or by other
similar means. Documentation databases are regarded as a special case of E31 Document. This class
should not be confused with the term “document” in Information Technology, which is compatible
with E73 Information Object.","This class comprises strings or codes assigned to instances of E1 CRM Entity in order to identify them uniquely and permanently within the context of one or more organisations. Such codes are often known as inventory numbers, registration codes, etc. and are typically composed of alphanumeric sequences. The class E42 Identifier is not normally used for machine-generated identifiers used for automated processing unless these are also used by human agent.","This class comprises strings or codes assigned to instances of E1 CRM Entity in order to identify them uniquely and permanently within the context of one or more organisations. Such codes are often known as inventory numbers, registration codes, etc. and are typically composed of alphanumeric sequences. The class E42 Identifier is not normally used for machine-generated identifiers used for automated processing unless these are also used by human agent.","This class comprises strings or codes assigned to instances of E1 CRM Entity in order to identify them uniquely and permanently within the context of one or more organisations. Such codes are often known as inventory numbers, registration codes, etc. and are typically composed of alphanumeric sequences. The class E42 Identifier is not normally used for machine-generated identifiers used for automated processing unless these are also used by human agent.","This class comprises the instances of E59 Primitive Values used for documentation such as free text
strings, bitmaps, vector graphics, etc.
E62 String is not further elaborated upon within the mode","This class comprises the instances of E59 Primitive Values used for documentation such as free text
strings, bitmaps, vector graphics, etc.
E62 String is not further elaborated upon within the mode","This class comprises identifiers employed, or understood, by communication services to direct
communications to an instance of E39 Actor. These include E-mail addresses, telephone numbers, post
office boxes, Fax numbers, URLs etc. Most postal addresses can be considered both as instances of
E44 Place Appellation and E51 Contact Point. In such cases the subclass E45 Address should be used. URLs are addresses used by machines to access another machine through an http request. Since the
accessed machine acts on behalf of the E39 Actor providing the machine, URLs are considered as
instances of E51 Contact Point to that E39 Actor.","This class is a specialization of E55 Type and comprises the natural languages in the sense of concepts.
This type is used categorically in the model without reference to instances of it, i.e. the Model does not
foresee the description of instances of instances of E56 Language, e.g.: “instances of Mandarin
Chinese”.
It is recommended that internationally or nationally agreed codes and terminology are used to denote
instances of E56 Language, such as those defined in ISO 639:1988","This class comprises the instances of E59 Primitive Values used for documentation such as free text
strings, bitmaps, vector graphics, etc.
E62 String is not further elaborated upon within the mode","This class comprises legal privileges concerning material and immaterial things or their derivatives.
These include reproduction and property rights.","This class comprises legal privileges concerning material and immaterial things or their derivatives.
These include reproduction and property rights.","This class comprises people, either individually or in groups, who have the potential to perform intentional actions of kinds for which someone may be held responsible.  (Definition of the CIDOC Conceptual Reference Model version 6.2)
 
The CRM does not attempt to model the inadvertent actions of such actors. Individual people should be documented as instances of E21 Person, whereas groups should be documented as instances of either E74 Group or its subclass E40 Legal Body.
 
Examples:
London and Continental Railways (E40)
the Governor of the Bank of England in 1975 (E21)
Sir Ian McKellan (E21)","This class comprises the instances of E59 Primitive Values used for documentation such as free text
strings, bitmaps, vector graphics, etc.
E62 String is not further elaborated upon within the mode","This class comprises specific forms of E49 Time Appellation.
Dates may vary in their degree of precision","This class comprises any sort of name, number, code or symbol characteristically used to identify an E39 Actor.
An E39 Actor will typically have more than one E82 Actor Appellation, and instances of E82 Actor
Appellation in turn may have alternative representations. The distinction between corporate and
personal names, which is particularly important in library applications, should be made by explicitly
linking the E82 Actor Appellation to an instance of either E21 Person or E74 Group/E40 Legal Body.
If this is not possible, the distinction can be made through the use of the P2 has type mechanism.","This class comprises specific forms of E49 Time Appellation.
Dates may vary in their degree of precision","This class comprises specific forms of E49 Time Appellation.
Dates may vary in their degree of precision"
Semantic Node (card),Group,Group,Identifiers,,Publication information,,,,,,,,,,,,,,,Copyright/Access,,Recording details,,,Uploading details,,
Node (En),Metadata (En),Metadata (En),MAEASaM ID,Zotero Key,Resource type,Title of resource,Author,Publisher,Year of publication,Book or journal information,Book or journal edition,DOI,ISBN,ISSN,Page numbers,Volume,URL,Language,Abstract Note,Copyright,APA Reference,Recorder,Comment,Created at,Uploader,Uploaded at,Last modified at
Node (Fr),Metadata (Fr),Metadata (Fr),MAEASaM ID,Clé Zotero,Type de la ressource,Titre de la ressource,Auteur,Éditeur,Année de publication,Informations sur les livres ou les revues,Édition d'un livre ou d'une revue,DOI,ISBN,ISSN,Numéros de page,Volume,URL,Langue,Résumé,Droits d'auteur,Référence APA,Enregistreur,Commentaire,Ressource créée à,Auteur du téléversement,Date de téléversement,Dernière modification de la ressource
Node (Ar),Metadata (Ar),Metadata (Ar),MAEASaM ID,مفتاح Zotero,نوع المورد,عنوان المورد,المؤلف,الناشر,سنة النشر,معلومات الكتاب أو المجلة,طبعة الكتاب أو المجلة,DOI,ISBN,ISSN,أرقام الصفحات,المجلد,URL,اللغة,الملخص,حقوق النشر,مرجع APA,المسجّل,ملاحظة,تاريخ إنشاء المورد,اسم الرافع,تاريخ الرفع,تاريخ آخر تعديل للمورد
Node (Pt),Metadata (Pt),Metadata (Pt),MAEASaM ID,Chave Zotero,Tipo de recurso,Título do recurso,Autor,Editora,Ano de publicação,Informação do livro ou revista,Edição do livro ou revista,DOI,ISBN,ISSN,Números de página,Volume,URL,Língua,Resumo,Direitos de autor,Referência APA,Responsável pelo registo,Comentário,Data de criação do recurso,Responsável pelo carregamento,Data de carregamento,Data da última modificação
Data Type,Data Type,Data Type,String,String,Concept-list,String,String,String,EDTF,String,String,String,String,String,String,String,String,Concept-list,String,String,String,Resource-Instance-List,String,Date,Resource-Instance-List,Date,Date
Collection,Collection,Collection,N/A,N/A,Resource type (cv),N/A,N/A,N/A,N/A,N/A,N/A,N/A,N/A,N/A,N/A,N/A,N/A,Languages (cv),N/A,N/A,N/A,Actor (rm),N/A,N/A,Actor (rm),N/A,N/A
,Necessity,Necessity,Mandatory,Mandatory,Mandatory,Mandatory,Mandatory,Strongly recommended,Strongly recommended,Strongly recommended,Strongly recommended,Strongly recommended,Strongly recommended,Strongly recommended,Strongly recommended,Strongly recommended,Strongly recommended,Strongly recommended,Strongly recommended,Strongly recommended,Strongly recommended,Mandatory,Strongly recommended,Mandatory,Mandatory,Mandatory,Mandatory
,Cardinality,Cardinality,1,1,1,1,1,0..1,0..1,0..1,0..1,0..1,0..1,0..1,0..1,0..1,0..1,0..n,0..1,0..1,0..1,1..n,0..1,1,1,1,1
,Dublin Core Equivalent,Dublin Core Equivalent,http://purl.org/dc/terms/identifier,http://purl.org/dc/terms/identifier,http://purl.org/dc/terms/type,http://purl.org/dc/terms/title,http://purl.org/dc/terms/creator,http://purl.org/dc/terms/publisher,http://purl.org/dc/terms/date,http://purl.org/dc/terms/isPartOf,http://purl.org/dc/terms/hasVersion,http://purl.org/dc/terms/identifier,http://purl.org/dc/terms/identifier,http://purl.org/dc/terms/identifier,http://purl.org/dc/terms/description,http://purl.org/dc/terms/description,http://purl.org/dc/terms/identifier,http://purl.org/dc/terms/language,http://purl.org/dc/terms/description,http://purl.org/dc/terms/rights,http://purl.org/dc/terms/bibliographicCitation,http://purl.org/dc/terms/contributor,http://purl.org/dc/terms/description,http://purl.org/dc/terms/created,http://purl.org/dc/terms/contributor,http://purl.org/dc/terms/dateSubmitted,http://purl.org/dc/terms/modified
,Operational Info,Operational Info,Primary Key,N/A,N/A,N/A,N/A,N/A,N/A,N/A,N/A,N/A,N/A,N/A,N/A,N/A,N/A,N/A,N/A,N/A,N/A,Foreign Key,N/A,N/A,Foreign Key,Auto-Populated,Auto-Populated
MAEASaM Scope Note (En),Definition (En),Definition (En),A unique identifier assigned to each resource. Format: INFO-8-digit number (e.g. INFO-00000004).,"The unique identifier (key) assigned to this reference by Zotero, used to track or sync the record with the Zotero reference management library.","The type of information resource being recorded - e.g. Journal article, Book, Webpage, Map.",The title of the publication.,The name of the writer of the publication.,"The organisation or person responsible for publishing the resource (e.g. a publishing house, a journal publisher or a heritage institution).",The specific year in which the resource was officially released.,"The name of the book or journal in which this resource was published, if applicable (e.g. the journal title for an article, or the book title for a chapter).",The version or form of the book that has been published.,"Digital Object Identifier, a unique alphanumeric string assigned to a resource for persistent identification and access online.","International Standard Book Number (ISBN), a unique identifier for books.","International Standard Serial Number (ISSN), a unique identifier for serial publications.",The page range within the book or journal where this resource can be found (e.g. 12-34).,"The volume number of the journal or book series in which this resource was published, if applicable.","A web link to an online version of the resource, if one is available.",The language used for the intellectual content of the resource.,A short summary or abstract of the resource's content.,"A statement about copyright or other rights and restrictions associated with the resource, or a hyperlink to such a statement.","The complete reference for the resource, formatted according to the American Psychological Association (APA) citation style.",The name of the individual responsible for creating the resource record.,Any additional information relevant to this resource that the recorder feels should be documented.,The date on which the resource record was created in the database.,The name of the individual that uploaded this resource record to Arches.,The date on which this resource record was added to Arches.,The most recent date on which the resource record was modified.
,Input Instructions (En),Input Instructions (En),Please enter the information as free text.,Please enter the information as free text.,"Please write the term exactly as recorded in the ""Resource type (cv)"" controlled vocabulary.",Please enter the information as free text.,Please enter the information as free text.,Please enter the information as free text.,Please enter the date using the Extended Date/Time Format (EDTF) standard (https://www.loc.gov/standards/datetime/). Avoid the combined '%' qualifier - a known Arches issue drops it on save; '?' and '~' alone work fine.,Please enter the information as free text.,Please enter the information as free text.,Please enter the information as free text.,Please enter the information as free text.,Please enter the information as free text.,Please enter the information as free text.,Please enter the information as free text.,Please enter the information as free text.,"Please write the term exactly as recorded in the ""Languages (cv)"" controlled vocabulary.",Please enter the information as free text.,Please enter the information as free text.,Please enter the information as free text.,"Please write the MAEASaM ID of the relevant record from the ""Actor (rm)"" resource instance.",Please enter the information as free text.,Please enter the date in ISO format (YYYY-MM-DD).,"Please write the MAEASaM ID of the relevant record from the ""Actor (rm)"" resource instance.",This field is automatically populated by the system. Leave this field blank.,This field is automatically populated by the system. Leave this field blank.
MAEASaM Scope Note (Fr),Definition (Fr),Definition (Fr),Identifiant unique attribué à chaque ressource. Format : INFO suivi d'un nombre à 8 chiffres (par exemple INFO-00000004).,"L'identifiant unique (clé) attribué à cette référence par Zotero, utilisé pour suivre ou synchroniser l'enregistrement avec la bibliothèque de gestion de références Zotero.","Le type de ressource d'information enregistrée - par exemple Journal article, Book, Webpage, Map.",Le titre de la publication.,Le nom de l'auteur de la publication.,"L'organisation ou la personne responsable de la publication de la ressource (par exemple une maison d'édition, l'éditeur d'une revue ou une institution patrimoniale).",L'année précise au cours de laquelle la ressource a été officiellement publiée.,"Le nom du livre ou de la revue dans lequel cette ressource a été publiée, le cas échéant (par exemple le titre de la revue pour un article, ou le titre du livre pour un chapitre).",La version ou la forme du livre qui a été publiée.,"Digital Object Identifier (identifiant d'objet numérique), une chaîne alphanumérique unique attribuée à une ressource pour son identification pérenne et son accès en ligne.","International Standard Book Number (ISBN), un identifiant unique pour les livres.","International Standard Serial Number (ISSN), un identifiant unique pour les publications en série.",L'intervalle de pages du livre ou de la revue où se trouve cette ressource (par exemple 12-34).,"Le numéro de volume de la revue ou de la collection d'ouvrages dans laquelle cette ressource a été publiée, le cas échéant.","Un lien web vers une version en ligne de la ressource, si elle existe.",La langue utilisée pour le contenu intellectuel de la ressource.,Un bref résumé du contenu de la ressource.,"Une déclaration relative aux droits d'auteur ou à d'autres droits et restrictions associés à la ressource, ou un lien hypertexte vers une telle déclaration.","La référence complète de la ressource, mise en forme selon le style de citation de l'American Psychological Association (APA).",Le nom de la personne responsable de la création de l'enregistrement de la ressource.,Tout commentaire supplémentaire nécessaire à la description complète de cet acteur ou de son entrée ici,La date à laquelle l'enregistrement de la ressource a été créé dans la base de données.,Le nom de la personne ayant téléversé cet enregistrement de ressource dans Arches.,La date à laquelle cet enregistrement de ressource a été ajouté dans Arches.,La date la plus récente à laquelle l'enregistrement de la ressource a été modifié.
MAEASaM Scope  Note (Ar),Definition (Ar),Definition (Ar),معرّف فريد يُسند إلى كل مورد. الصيغة: INFO متبوعًا برقم من 8 خانات (مثال: INFO-00000004).,المعرّف الفريد (المفتاح) الذي يُسنده Zotero لهذا المرجع، ويُستخدم لتتبّع السجل أو مزامنته مع مكتبة إدارة المراجع Zotero.,نوع مورد المعلومات المسجّل - مثل Journal article وBook وWebpage وMap.,عنوان المنشور.,اسم كاتب المنشور.,المؤسسة أو الشخص المسؤول عن نشر المورد (مثل دار نشر أو ناشر مجلة أو مؤسسة تراثية).,السنة المحددة التي صدر فيها المورد رسميًا.,اسم الكتاب أو المجلة التي نُشر فيها هذا المورد، إن وُجد (مثل عنوان المجلة بالنسبة لمقال، أو عنوان الكتاب بالنسبة لفصل).,إصدار الكتاب أو الشكل الذي نُشر به.,Digital Object Identifier (معرّف الكائن الرقمي)، وهو سلسلة أبجدية رقمية فريدة تُسند إلى مورد لتحديد هويته بشكل دائم والوصول إليه عبر الإنترنت.,الرقم الدولي المعياري للكتاب (ISBN)، وهو معرّف فريد للكتب.,الرقم الدولي المعياري للدوريات (ISSN)، وهو معرّف فريد للمنشورات الدورية.,نطاق الصفحات في الكتاب أو المجلة حيث يوجد هذا المورد (مثل 12-34).,رقم مجلد المجلة أو سلسلة الكتب التي نُشر فيها هذا المورد، إن وُجد.,رابط إلكتروني إلى نسخة من المورد متاحة على الإنترنت، إن وُجدت.,اللغة المستخدمة في المحتوى الفكري للمورد.,ملخص قصير أو خلاصة لمحتوى المورد.,بيان بشأن حقوق النشر أو غيرها من الحقوق والقيود المرتبطة بالمورد، أو رابط إلى مثل هذا البيان.,المرجع الكامل للمورد، منسّقًا وفق أسلوب الاستشهاد الخاص بالجمعية الأمريكية لعلم النفس (APA).,اسم الشخص المسؤول عن إنشاء سجل المورد.,أي معلومات إضافية ذات صلة بهذا المورد يرى المسجّل أنه ينبغي توثيقها.,التاريخ الذي أُنشئ فيه سجل المورد في قاعدة البيانات.,اسم الشخص الذي رفع سجل المورد هذا إلى Arches.,التاريخ الذي أُضيف فيه سجل المورد هذا إلى Arches.,أحدث تاريخ عُدّل فيه سجل المورد.
MAEASaM Scope  Note (Pt),Definition (Pt),Definition (Pt),"Identificador único atribuído a cada recurso. Formato: INFO seguido de um número de 8 dígitos (por exemplo, INFO-00000004).","O identificador único (chave) atribuído a esta referência pelo Zotero, utilizado para acompanhar ou sincronizar o registo com a biblioteca de gestão de referências Zotero.","O tipo de recurso de informação registado - por exemplo, Journal article, Book, Webpage, Map.",O título da publicação.,O nome do autor da publicação.,"A organização ou pessoa responsável pela publicação do recurso (por exemplo, uma editora, o editor de uma revista ou uma instituição patrimonial).",O ano específico em que o recurso foi oficialmente publicado.,"O nome do livro ou da revista em que este recurso foi publicado, se aplicável (por exemplo, o título da revista no caso de um artigo, ou o título do livro no caso de um capítulo).",A versão ou forma do livro que foi publicada.,"Digital Object Identifier (identificador de objeto digital), uma cadeia alfanumérica única atribuída a um recurso para a sua identificação persistente e acesso em linha.","International Standard Book Number (ISBN), um identificador único para livros.","International Standard Serial Number (ISSN), um identificador único para publicações em série.","O intervalo de páginas no livro ou na revista onde este recurso se encontra (por exemplo, 12-34).","O número do volume da revista ou da coleção de livros em que este recurso foi publicado, se aplicável.","Uma ligação web para uma versão em linha do recurso, se existir.",A língua utilizada no conteúdo intelectual do recurso.,Um breve resumo do conteúdo do recurso.,"Uma declaração sobre os direitos de autor ou outros direitos e restrições associados ao recurso, ou uma hiperligação para essa declaração.","A referência completa do recurso, formatada de acordo com o estilo de citação da American Psychological Association (APA).",O nome da pessoa responsável pela criação do registo do recurso.,Qualquer informação adicional relevante para este recurso que o responsável pelo registo considere que deve ser documentada.,A data em que o registo do recurso foi criado na base de dados.,O nome da pessoa que carregou este registo do recurso no Arches.,A data em que este registo do recurso foi adicionado ao Arches.,A data mais recente em que o registo do recurso foi modificado.
Example 1,Example 1,Example 1,INFO-00000003,2J4WJX34,Journal article,"Animal economies and Islamic conversion in eastern Ethiopia: zooarchaeological analyses from Harlaa, Harar and Ganda Harla","Gaastra, Jane S.; Insoll, Timothy",,2020,Journal of African Archaeology,2,10.1163/21915784-20200008,,"1612-1651, 2191-5784",181-208,18,https://brill.com/view/journals/jaa/18/2/article-p181_3.xml,,"Excavations at three urban sites, Harlaa, Harar, and Ganda Harla, in eastern Ethiopia have recovered substantial assemblages of faunal remains. These, the first to be analysed from Islamic contexts in the country, were studied to reconstruct animal economies, and to assess if it was possible to identify Islamic conversion or the presence of Muslims in archaeological contexts through examining butchery practices and diet via the species present.",,,ACT-00000057,Year of publication taken from the publisher's website; the PDF gives no date.,2026-04-10,ACT-00000056,This field is automatically populated by the system. Leave this field blank,This field is automatically populated by the system. Leave this field blank
Example 2,Example 2,Example 2,INFO-00000004,2X4P9P4C,Journal article,"A reassessment of the Middle and Later Stone Age lithic assemblages from Aladi Springs, southern Afar Rift, Ethiopia","Gossa, Tegenu; Sahle, Yonatan; Negash, Agazi",Department of National Museum and Monuments (DNMM)-Botswana,2012,Azania: Archaeological Research in Africa,2,10.1080/0067270X.2012.676314,,"0067-270X, 1945-5534",210-222,47,http://www.tandfonline.com/doi/abs/10.1080/0067270X.2012.676314,English,"The survey form includes basic data about the site location and description, directions to the site and its state of conservation. The site card contains a summary of this info.",© Republic of Botswana 1973,,,,2026-04-10,,,
,,,,,,,,,,,,,,,,,,,,,,,,,,,
,,,,,,,,,,,,,,,,,,,,,,,,,,,
,,Country ,Code,,,,,,,,,,,,,,,,,,,,,,,,
Data Type Legend,,Benin,BEN,,,,,,,,,,,,,,,,,,,,,,,,
String,,Botswana,BWA,,,,,,,,,,,,,,,,,,,,,,,,
Semantic,,Democratic Republic of the Congo,COD,,,,,,,,,,,,,,,,,,,,,,,,
GeoJSON-feature-collection,,Ethiopia,ETH,,,,,,,,,,,,,,,,,,,,,,,,
Date,,Ghana,GHA,,,,,,,,,,,,,,,,,,,,,,,,
Resource-Instance-List,,Guinea-Bissau,GNB,,,,,,,,,,,,,,,,,,,,,,,,
Number,,Kenya,KEN,,,,,,,,,,,,,,,,,,,,,,,,
Concept-list,,Mali,MLI,,,,,,,,,,,,,,,,,,,,,,,,
Node,,Mozambique,MOZ,,,,,,,,,,,,,,,,,,,,,,,,
URL,,Nigeria,NGA,,,,,,,,,,,,,,,,,,,,,,,,
Boolean,,Senegal,SEN,,,,,,,,,,,,,,,,,,,,,,,,
File-list,,Sudan,SDN,,,,,,,,,,,,,,,,,,,,,,,,
,,Tanzania,TZA,,,,,,,,,,,,,,,,,,,,,,,,
,,The Gambia,GMB,,,,,,,,,,,,,,,,,,,,,,,,
,,Togo,TGO,,,,,,,,,,,,,,,,,,,,,,,,
,,Zimbabwe,ZWE,,,,,,,,,,,,,,,,,,,,,,,,
