Arches terminology,Universal terminology,User form,1,2,3,4,5,6,7,8,9,10,11,12,13,14,15,16,17,18,19,20,21,22,23,24,25,26,27,28,29,30,31,32,33,34,35,36,37,38,39,40,41,42,43,44,45,46,47,48,49,50,51,52,53,54
CIDOC CRM Semantic Node Class,CIDOC CRM Semantic Node Class,,E42 Identifier,,,E41 Appellation,,,,,,,,,,,,,,,,,,,,,,,,,,,,,,,,,,,,,,,,E30 Right,,,,,E66 Formation,,,E66 Formation,,
CIDOC CRM Node Class,CIDOC CRM Node Class,,E42 Identifier,E42 Identifier,E55 Type,E35 Title,E42 Identifier,E62 String,E62 String,E62 String,E62 String,E62 String,E55 Type,E55 Type,E62 String,E42 Identifier,E62 String,E62 String,E82 Actor Appellation,E50 Date,E62 String,E53 Place,E62 String,E55 Type,E55 Type,E62 String,E62 String,E62 String,E62 String,E62 String,E55 Type,E62 String,E62 String,E82 Actor Appellation,E50 Date,E62 String,E82 Actor Appellation,E50 Date,E62 String,E82 Actor Appellation,E50 Date,E55 Type,E62 String,E62 String,E62 String,E55 Type,E55 Type,E1 CRM Entity,E62 String,E62 String,E39 Actor,E62 String,E50 Date,E82 Actor Appellation,E50 Date,E50 Date
CIDOC CRM Scope note,CIDOC CRM Scope note,,"This class comprises strings or codes assigned to instances of E1 CRM Entity in order to identify them uniquely and permanently within the context of one or more organisations. Such codes are often known as inventory numbers, registration codes, etc. and are typically composed of alphanumeric sequences. The class E42 Identifier is not normally used for machine-generated identifiers used for automated processing unless these are also used by human agent.",,,"This class comprises the names assigned to works, such as texts, artworks or pieces of music. Titles are proper noun phrases or verbal phrases, and should not be confused with generic object names
such as “chair”, “painting” or “book” (the latter are common nouns that stand for instances of E55
Type). Titles may be assigned by the creator of the work itself, or by a social group.
This class also comprises the translations of titles that are used as surrogates for the original titles in
different social contexts.",,,,,,,,,,,,,,,,,,,,,,,,,,,,,,,,,,,,,,,,,,,,,,,,,,
Semantic Node (card),Group,Group,Identifiers,,,Map details,,,,,,,,,,File location,,,Publication information,,,Cartographic information,,,,,,,,,,,Digitisation status,,,,,,,,,,Digital transformation details,,,Copyright/Access,,,,,Recording details,,,Uploading details,,
Node (En),Metadata (En),Metadata (En),MAEASaM ID,Local ID,Geographical identifier,Map name,Sheet code,Series,Edition,Scale,Map material,Map dimensions,Map type,Map condition,Description,Digital file name,Digital file path,Physical file place,Publisher,Publication year,Sheet history,Grid,Projection,Ellipsoid,Unit of measure,Meridian of,Latitude of,Scale factor,False co-ords,False co-ords of origin,Datum,Annotation,Is digitised?,Digitisation person,Digitisation date,Is georeferenced?,Georeference person,Georeference date,Is clipped?,Clipping person,Clipping date,Digitisation method,Digitisation tool,Color detail,File resolution,Licence,Access level,Rights holder,Rights Notes,Preferred Citation,Recorder,Comment,Created at,Uploader,Uploaded at,Last modified at
Node (Fr),Metadata (Fr),Metadata (Fr),MAEASaM ID,ID Local,Identifiant géographique,Nom de la carte,Code de la feuille,Série,Edition,Echelle,Matériau,Dimensions,Type de carte,Condition de la carte,Description,Nom du fichier digitalisé,Chemin d'accès au fichier numérique,Emplacement physique,Edition,Année d'édition,Historique de la feuille,Grille,Projection,Ellipsoïde,Unité de mesure,Méridien de,Latitude de,Facteur d'échelle,Fausses coordonnées,Fausses coordonnées d'origine,Datum,Annotation,Digitalisée ?,Auteur de la digitalisation,Date de digitalisation,Géoréférencée ?,Auteur du géoréférencement,Date de géoréférencement,Rognée ?,Auteur du rognage,Date de rognage,Méthode de digitalisation,Outil de digitalisation,Détail couleur,Résolution du fichier,Licence,Niveau d’accès,Titulaire des droits,Informations sur les droits d'auteur,Citation recommandée,Enregistreur,Commentaire,Date de l'enregistrement,Auteur du téléversement,Date de téléversement,Dernière modification d'enregistrement
Node (Ar),Metadata (Ar),Metadata (Ar),معرّف MAEASaM,المعرّف المحلي,المعرّف الجغرافي,اسم الخريطة,رمز الورقة,السلسلة,الطبعة,مقياس الرسم,مادة الخريطة,أبعاد الخريطة,نوع الخريطة,حالة الخريطة,الوصف,اسم الملف الرقمي,مسار الملف الرقمي,مكان الملف المادي,الناشر,سنة النشر,تاريخ الورقة,الشبكة,الإسقاط,الإهليلج المرجعي,وحدة القياس,خط الزوال المركزي,دائرة العرض الأصلية,معامل مقياس الرسم,الإحداثيات الكاذبة,الإحداثيات الكاذبة لنقطة الأصل,المرجع الجيوديسي,التعليقات التوضيحية,هل تمت الرقمنة؟,الشخص المسؤول عن الرقمنة,تاريخ الرقمنة,هل تم الإسناد الجغرافي؟,الشخص المسؤول عن الإسناد الجغرافي,تاريخ الإسناد الجغرافي,هل تم القص؟,الشخص المسؤول عن القص,تاريخ القص,طريقة الرقمنة,أداة الرقمنة,تفاصيل الألوان,دقة الملف,الترخيص,مستوى الوصول,صاحب الحقوق,ملاحظات الحقوق,الاستشهاد المفضّل,المسجّل,ملاحظة,تاريخ إنشاء المورد,اسم الرافع,تاريخ الرفع,تاريخ آخر تعديل للمورد
Node (Pt),Metadata (Pt),Metadata (Pt),ID MAEASaM,ID local,Identificador geográfico,Nome do mapa,Código da folha,Série,Edição,Escala,Material do mapa,Dimensões do mapa,Tipo de mapa,Condição do mapa,Descrição,Nome do ficheiro digital,Caminho do ficheiro digital,Localização do ficheiro físico,Editora,Ano de publicação,Histórico da folha,Grelha,Projeção,Elipsoide,Unidade de medida,Meridiano central,Latitude de origem,Fator de escala,Coordenadas falsas,Coordenadas falsas da origem,Datum geodésico,Anotação,Foi digitalizado?,Pessoa responsável pela digitalização,Data da digitalização,Foi georreferenciado?,Pessoa responsável pelo georreferenciamento,Data do georreferenciamento,Foi recortado?,Pessoa responsável pelo recorte,Data do recorte,Método de digitalização,Ferramenta de digitalização,Detalhes de cor,Resolução do ficheiro,Licença,Nível de acesso,Titular dos direitos,Notas sobre direitos,Citação preferencial,Responsável pelo registo,Comentário,Data de criação do recurso,Responsável pelo carregamento,Data de carregamento,Data da última modificação
Data Type,Data Type,Data Type,String,String,Concept-list,String,String,String,String,String,String,String,Concept-list,Concept-list,String,String,String,String,String,EDTF,String,Resource-Instance-List,String,Concept-list,Concept-list,String,String,String,String,String,Concept-list,String,Boolean,String,EDTF,Boolean,String,EDTF,Boolean,String,EDTF,Concept-list,String,String,String,Concept-list,Concept-list,Resource-Instance-List,String,String,Resource-Instance-List,String,Date,Resource-Instance-List,Date,Date
Collection,Collection,Collection,N/A,N/A,Countries (cv),N/A,N/A,N/A,N/A,N/A,N/A,N/A,Map types (cv),Document conditions (cv),N/A,N/A,N/A,N/A,N/A,N/A,N/A,Grid (rm),N/A,Ellipsoid (cv),Measurement units (cv),N/A,N/A,N/A,N/A,N/A,Datum (cv),N/A,N/A,N/A,N/A,N/A,N/A,N/A,N/A,N/A,N/A,Digitisation methods (cv),N/A,N/A,N/A,Licences (cv),Access levels (cv),Actor (rm),N/A,N/A,Actor (rm),N/A,N/A,Actor (rm),N/A,N/A
,Necessity,Necessity,Mandatory,Strongly recommended,Mandatory,Mandatory,Mandatory,Mandatory,Mandatory,Mandatory,Strongly recommended,Strongly recommended,Strongly recommended,Strongly recommended,Optional,Mandatory,Mandatory,Mandatory,Mandatory,Mandatory,Strongly recommended,Mandatory,Mandatory,Mandatory,Strongly recommended,Strongly recommended,Strongly recommended,Strongly recommended,Strongly recommended,Strongly recommended,Mandatory,Strongly recommended,Mandatory,Mandatory if (Is digitised?),Mandatory if (Is digitised?),Mandatory,Mandatory if (Is georeferenced?),Mandatory if (Is georeferenced?),Strongly recommended,Mandatory if (Is clipped?),Mandatory if (Is clipped?),Mandatory,Mandatory,Optional,Optional,Mandatory,Mandatory,Mandatory,Optional,Mandatory,Mandatory,Optional,Mandatory,Mandatory,Mandatory,Mandatory
,Cardinality,Cardinality,1,0..n,1..n,1,1,1,1,1..n,0..1,0..1,0..1,0..1,0..1,1,1,1,1,1,0..1,1..n,1,1,0..1,0..1,0..1,0..1,0..1,0..1,1,0..1,1,1..n,1,1,1..n,1,0..1,1..n,1,1,1,0..1,0..1,1,1,1..n,0..1,1,1..n,0..n,1,1,1,1
,Dublin Core Equivalent,Dublin Core Equivalent,http://purl.org/dc/terms/identifier,http://purl.org/dc/terms/identifier,http://purl.org/dc/terms/spatial,http://purl.org/dc/terms/title,http://purl.org/dc/terms/identifier,http://purl.org/dc/terms/relation,http://purl.org/dc/terms/hasVersion,http://purl.org/dc/terms/format,http://purl.org/dc/terms/format,http://purl.org/dc/terms/extent,http://purl.org/dc/terms/type,No direct equivalent,http://purl.org/dc/terms/description,http://purl.org/dc/terms/identifier,No direct equivalent,No direct equivalent,http://purl.org/dc/terms/publisher,http://purl.org/dc/terms/date,http://purl.org/dc/terms/provenance,http://purl.org/dc/terms/relation,No direct equivalent,No direct equivalent,http://purl.org/dc/terms/format,No direct equivalent,No direct equivalent,No direct equivalent,No direct equivalent,No direct equivalent,No direct equivalent,http://purl.org/dc/terms/description,No direct equivalent,http://purl.org/dc/terms/contributor,http://purl.org/dc/terms/date,No direct equivalent,http://purl.org/dc/terms/contributor,http://purl.org/dc/terms/date,No direct equivalent,http://purl.org/dc/terms/contributor,http://purl.org/dc/terms/date,http://purl.org/dc/terms/format,http://purl.org/dc/terms/format,http://purl.org/dc/terms/format,http://purl.org/dc/terms/extent,http://purl.org/dc/terms/license,http://purl.org/dc/terms/accessRights,http://purl.org/dc/terms/rightsHolder,http://purl.org/dc/terms/rights,http://purl.org/dc/terms/bibliographicCitation,http://purl.org/dc/terms/contributor,http://purl.org/dc/terms/description,http://purl.org/dc/terms/created,http://purl.org/dc/terms/contributor,http://purl.org/dc/terms/dateSubmitted,http://purl.org/dc/terms/modified
,Operational Info,Operational Info,Primary Key,N/A,N/A,N/A,N/A,N/A,N/A,N/A,N/A,N/A,N/A,N/A,N/A,N/A,N/A,N/A,N/A,N/A,N/A,Foreign Key,N/A,N/A,N/A,N/A,N/A,N/A,N/A,N/A,N/A,N/A,N/A,N/A,N/A,N/A,N/A,N/A,N/A,N/A,N/A,N/A,N/A,N/A,N/A,N/A,N/A,Foreign Key,N/A,Auto-Populated,Foreign Key,N/A,N/A,Foreign Key,Auto-Populated,Auto-Populated
MAEASaM Scope Note (En),Definition (En),Definition (En),A unique identifier assigned to each resource. Format: [3-letter country code]-MAP-6-digit number (e.g. KEN-MAP-000001).,"Local identifier used to describe the map, such as a research institute catalogue number, inventory number, or other local reference.","The country covered by the map, as an ISO 3166-1 alpha-3 code (e.g. KEN).",A name used to identify the map resource.,"A code used to identify a specific map sheet within a series, collection, or catalogue. It is generally written on the map.",The series or map series to which the resource belongs. It is generally written on the map.,The edition or version of the map as stated on the resource. It is generally written on the map.,"Numerical scale value of the map. It is generally written on the map. It should be expressed as a fractional scale, such as 1:50,000.",The physical material or support on which the original map is recorded.,The physical dimensions of the original map or map sheet.,"The type of map (e.g. Modern, Historical).",The physical condition of the original map at the time of recording.,A free-text description providing additional information about the map resource that is not captured by other metadata fields.,The name of the digital file representing the map resource.,The storage path or location of the digital file within the repository or file system.,"The physical location where the original map or physical file is held, such as an archive, room, shelf, or box.",The person or organisation responsible for publishing the map. It is generally written on the map.,The date in which the map was published or issued. It is generally written on the map.,"Information about the history, revisions, changes, or provenance of the map sheet. It is generally written on the map.",The MAEASaM grid square or squares covered by the map.,The cartographic projection used to represent the mapped area. It is generally written on the map.,The reference spheroid or ellipsoid used by the map’s coordinate reference system. It is generally written on the map.,The unit of measurement used by the map or its coordinate reference system. It is generally written on the map.,The central meridian used by the map’s coordinate reference system. It is generally written on the map.,The latitude of origin used by the map’s coordinate reference system. It is generally written on the map.,The scale factor used by the map’s coordinate reference system. It is generally written on the map.,The false easting and/or false northing values used by the map’s coordinate reference system. It is generally written on the map.,The false coordinate values associated with the origin of the map’s coordinate reference system. It is generally written on the map.,The geodetic datum used by the map’s coordinate reference system. It is generally written on the map.,"Text, labels, symbols, or other annotations shown on the original map.",Indicates whether the digitisation of the map has been completed.,The person or people responsible for the digitisation process.,Date on which the digitisation process was completed.,Indicates whether the georeferencing of the digital map has been completed.,The person or people responsible for georeferencing the digital map.,Date on which georeferencing of the digital map was completed.,Indicates whether the digital map has been clipped or cropped as part of digital processing.,The person or people responsible for clipping or cropping the digital map.,Date on which clipping or cropping of the digital map was completed.,"The method used to create the digital representation of the original map, such as scanning or photography.","The scanner, camera, or other recording equipment used to create the digital representation.",Information about the colour characteristics or colour depth of the digital file.,"The resolution of the digital file, such as spatial resolution or scanning resolution, as applicable.",The licence under which the digital resource may be used or reused.,The level of access permitted for the digital resource.,The person or organisation holding or managing rights associated with the resource.,"Additional information about rights, permissions, restrictions, or copyright status that is not captured by the other rights and access fields.",The recommended citation to use when referring to or reusing the resource.,The name of the individual responsible for creating the resource record.,Any additional information relevant to this resource that the recorder feels should be documented.,The date on which the resource record was created in the database.,The name of the individual that uploaded this resource record to Arches.,The date on which this resource record was added to Arches.,The most recent date on which the resource record was modified.
,Input Instructions (En),Input Instructions (En),Please enter the information as free text.,Please enter the information as free text.,"Please write the term exactly as recorded in the ""Countries (cv)"" controlled vocabulary.",Please enter the information as free text.,Please enter the information as free text.,Please enter the information as free text.,Please enter the information as free text.,Please enter the information as free text.,Please enter the information as free text.,Please enter the information as free text.,"Please write the term exactly as recorded in the ""Map types (cv)"" controlled vocabulary.","Please write the term exactly as recorded in the ""Document conditions (cv)"" controlled vocabulary.",Please enter the information as free text.,Please enter the information as free text.,Please enter the information as free text.,Please enter the information as free text.,Please enter the information as free text.,Please enter the date using the Extended Date/Time Format (EDTF) standard (https://www.loc.gov/standards/datetime/). Avoid the combined '%' qualifier - a known Arches issue drops it on save; '?' and '~' alone work fine.,Please enter the information as free text.,"Please write the MAEASaM ID of the relevant record from the ""Grid (rm)"" resource instance.",Please enter the information as free text.,"Please write the term exactly as recorded in the ""Ellipsoid (cv)"" controlled vocabulary.","Please write the term exactly as recorded in the ""Measurement units (cv)"" controlled vocabulary.",Please enter the information as free text.,Please enter the information as free text.,Please enter the information as free text.,Please enter the information as free text.,Please enter the information as free text.,"Please write the term exactly as recorded in the ""Datum (cv)"" controlled vocabulary.",Please enter the information as free text.,"Please enter either ""Yes"" or ""No"" as the value.",Please enter the information as free text.,Please enter the date using the Extended Date/Time Format (EDTF) standard (https://www.loc.gov/standards/datetime/). Avoid the combined '%' qualifier - a known Arches issue drops it on save; '?' and '~' alone work fine.,"Please enter either ""Yes"" or ""No"" as the value.",Please enter the information as free text.,Please enter the date using the Extended Date/Time Format (EDTF) standard (https://www.loc.gov/standards/datetime/). Avoid the combined '%' qualifier - a known Arches issue drops it on save; '?' and '~' alone work fine.,"Please enter either ""Yes"" or ""No"" as the value.",Please enter the information as free text.,Please enter the date using the Extended Date/Time Format (EDTF) standard (https://www.loc.gov/standards/datetime/). Avoid the combined '%' qualifier - a known Arches issue drops it on save; '?' and '~' alone work fine.,"Please write the term exactly as recorded in the ""Digitisation methods (cv)"" controlled vocabulary.",Please enter the information as free text.,Please enter the information as free text.,Please enter the information as free text.,"Please write the term exactly as recorded in the ""Licences (cv)"" controlled vocabulary.","Please write the term exactly as recorded in the ""Access levels (cv)"" controlled vocabulary.","Please write the MAEASaM ID of the relevant record from the ""Actor (rm)"" resource instance.",Please enter the information as free text.,This field is automatically populated by the system. Leave this field blank.,"Please write the MAEASaM ID of the relevant record from the ""Actor (rm)"" resource instance.",Please enter the information as free text.,Please enter the date in ISO format (YYYY-MM-DD).,"Please write the MAEASaM ID of the relevant record from the ""Actor (rm)"" resource instance.",This field is automatically populated by the system. Leave this field blank.,This field is automatically populated by the system. Leave this field blank.
MAEASaM Scope Note (Fr),Definition (Fr),Definition (Fr),Identifiant unique attribué à chaque ressource saisie.,"Identifiant local utilisé pour décrire la carte, tel qu'un numéro de catalogue d'un institut de recherche, un numéro d'inventaire, ou une autre référence locale.","Le pays couvert par la carte, sous la forme d'un code ISO 3166-1 alpha-3 (par exemple KEN).",Un nom utilisé pour identifier la ressource cartographique.,"Un code utilisé pour identifier une feuille de carte spécifique au sein d'une série, d'une collection ou d'un catalogue. Il est généralement inscrit sur la carte.",La série ou collection de cartes à laquelle appartient la ressource. Elle est généralement indiquée sur la carte.,L'édition ou la version de la carte telle qu'indiquée sur la ressource. Elle est généralement inscrite sur la carte.,"Valeur numérique de l'échelle de la carte. Elle est généralement inscrite sur la carte et doit être exprimée sous forme d'échelle fractionnaire, par exemple 1:50 000.",Le support ou matériau physique sur lequel la carte originale a été réalisée.,Les dimensions physiques de la carte originale ou de la feuille de carte.,"Le type de carte (par exemple Modern, Historical).",L'état physique de la carte originale au moment de son enregistrement.,Description libre fournissant des informations complémentaires sur la ressource cartographique non couvertes par les autres champs de métadonnées.,Le nom du fichier numérique représentant la ressource cartographique.,Le chemin d'accès ou l'emplacement de stockage du fichier numérique au sein du dépôt ou du système de fichiers.,"Le lieu physique où est conservée la carte originale ou le fichier physique, tel qu'une archive, une salle, une étagère ou une boîte.",La personne ou l'organisation responsable de la publication de la carte. Elle est généralement indiquée sur la carte.,La date à laquelle la carte a été publiée ou diffusée. Elle est généralement indiquée sur la carte.,"Informations sur l'historique, les révisions, les modifications ou la provenance de la feuille de carte. Elles sont généralement indiquées sur la carte.",Le ou les carrés de la grille MAEASaM couverts par la carte.,La projection cartographique utilisée pour représenter la zone cartographiée. Elle est généralement indiquée sur la carte.,Le sphéroïde ou ellipsoïde de référence utilisé par le système de référence de coordonnées de la carte. Il est généralement indiqué sur la carte.,L'unité de mesure utilisée par la carte ou son système de référence de coordonnées. Elle est généralement indiquée sur la carte.,Le méridien central utilisé par le système de référence de coordonnées de la carte. Il est généralement indiqué sur la carte.,La latitude d'origine utilisée par le système de référence de coordonnées de la carte. Elle est généralement indiquée sur la carte.,Le facteur d'échelle utilisé par le système de référence de coordonnées de la carte. Il est généralement indiqué sur la carte.,Les valeurs de fausse abscisse et/ou de fausse ordonnée utilisées par le système de référence de coordonnées de la carte. Elles sont généralement indiquées sur la carte.,Les valeurs de coordonnées fictives associées à l'origine du système de référence de coordonnées de la carte.,Le système géodésique utilisé par le système de référence de coordonnées de la carte.,"Texte, étiquettes, symboles ou autres annotations figurant sur la carte originale.",Indique si la numérisation de la carte a été effectuée.,La ou les personnes responsables du processus de numérisation.,Date à laquelle le processus de numérisation a été achevé.,Indique si le géoréférencement de la carte numérique a été effectué.,La ou les personnes responsables du géoréférencement de la carte numérique.,Date à laquelle le géoréférencement de la carte numérique a été achevé.,Indique si la carte numérique a été rognée ou recadrée dans le cadre du traitement numérique.,La ou les personnes responsables du rognage ou du recadrage de la carte numérique.,Date à laquelle le rognage ou le recadrage de la carte numérique a été achevé.,"La méthode utilisée pour créer la représentation numérique de la carte originale, telle que la numérisation par scanner ou la photographie.","Le scanner, l'appareil photo ou tout autre équipement d'enregistrement utilisé pour créer la représentation numérique.",Informations sur les caractéristiques colorimétriques ou la profondeur de couleur du fichier numérique.,"La résolution du fichier numérique, telle que la résolution spatiale ou la résolution de numérisation, selon le cas.",La licence en vertu de laquelle la ressource numérique peut être utilisée ou réutilisée.,Le niveau d'accès autorisé pour la ressource numérique.,La personne ou l'organisation détenant ou gérant les droits associés à la ressource.,"Informations complémentaires sur les droits, autorisations, restrictions ou le statut relatif aux droits d'auteur, non couvertes par les autres champs relatifs aux droits et à l'accès.",La citation recommandée pour faire référence à la ressource ou la réutiliser.,Le nom de la personne responsable de la création de l'enregistrement de la ressource.,Toute information complémentaire relative à la ressource que la personne ayant effectué l'enregistrement juge utile de documenter.,La date à laquelle l'enregistrement de la ressource a été créé dans la base de données.,Le nom de la personne ayant téléversé cet enregistrement de ressource dans Arches.,La date à laquelle cet enregistrement de ressource a été ajouté dans Arches.,La date la plus récente à laquelle l'enregistrement de la ressource a été modifié.
MAEASaM Scope  Note (Ar),Definition (Ar),Definition (Ar),معرّف فريد يُسند إلى كل مورد. الصيغة: [رمز البلد المكوّن من 3 أحرف]-MAP-رقم من 6 خانات (مثال: KEN-MAP-000001).,معرّف محلي يُستخدم لوصف الخريطة، مثل رقم الفهرس لدى معهد بحثي أو رقم الجرد أو أي مرجع محلي آخر.,البلد الذي تغطيه الخريطة، بصيغة رمز ISO 3166-1 alpha-3 (مثال: KEN).,اسم يُستخدم لتعريف مورد الخريطة.,رمز يُستخدم لتحديد ورقة خريطة معيّنة ضمن سلسلة أو مجموعة أو فهرس. يكون عادةً مكتوبًا على الخريطة.,السلسلة أو سلسلة الخرائط التي ينتمي إليها المورد. تكون عادةً مكتوبة على الخريطة.,طبعة الخريطة أو نسختها كما هي مذكورة على المورد. تكون عادةً مكتوبة على الخريطة.,"القيمة العددية لمقياس رسم الخريطة. تكون عادةً مكتوبة على الخريطة. ويجب التعبير عنها بمقياس كسري، مثل 1:50,000.",المادة المادية أو الحامل الذي سُجّلت عليه الخريطة الأصلية.,الأبعاد المادية للخريطة الأصلية أو ورقة الخريطة.,نوع الخريطة (مثل Modern وHistorical).,الحالة المادية للخريطة الأصلية وقت تسجيلها.,وصف نصي حر يقدّم معلومات إضافية عن مورد الخريطة لا تغطيها حقول البيانات الوصفية الأخرى.,اسم الملف الرقمي الذي يمثّل مورد الخريطة.,مسار التخزين أو موقع الملف الرقمي داخل المستودع أو نظام الملفات.,الموقع المادي الذي تُحفظ فيه الخريطة الأصلية أو الملف المادي، مثل الأرشيف أو الغرفة أو الرف أو الصندوق.,الشخص أو المؤسسة المسؤولة عن نشر الخريطة. يكون عادةً مكتوبًا على الخريطة.,التاريخ الذي نُشرت فيه الخريطة أو صدرت. يكون عادةً مكتوبًا على الخريطة.,معلومات عن تاريخ ورقة الخريطة أو مراجعاتها أو التغييرات عليها أو مصدرها. تكون عادةً مكتوبة على الخريطة.,مربّع أو مربّعات شبكة MAEASaM التي تغطيها الخريطة.,الإسقاط الخرائطي المستخدم لتمثيل المنطقة المرسومة. يكون عادةً مكتوبًا على الخريطة.,الكرة الإهليلجية أو الإهليلج المرجعي الذي يستخدمه نظام الإحداثيات المرجعي للخريطة. يكون عادةً مكتوبًا على الخريطة.,وحدة القياس التي تستخدمها الخريطة أو نظام الإحداثيات المرجعي الخاص بها. تكون عادةً مكتوبة على الخريطة.,خط الزوال المركزي الذي يستخدمه نظام الإحداثيات المرجعي للخريطة. يكون عادةً مكتوبًا على الخريطة.,دائرة عرض الأصل التي يستخدمها نظام الإحداثيات المرجعي للخريطة. تكون عادةً مكتوبة على الخريطة.,معامل المقياس الذي يستخدمه نظام الإحداثيات المرجعي للخريطة. يكون عادةً مكتوبًا على الخريطة.,قيم الإزاحة الشرقية الكاذبة و/أو الإزاحة الشمالية الكاذبة التي يستخدمها نظام الإحداثيات المرجعي للخريطة. تكون عادةً مكتوبة على الخريطة.,قيم الإحداثيات الكاذبة المرتبطة بنقطة أصل نظام الإحداثيات المرجعي للخريطة. تكون عادةً مكتوبة على الخريطة.,المرجع الجيوديسي الذي يستخدمه نظام الإحداثيات المرجعي للخريطة. يكون عادةً مكتوبًا على الخريطة.,النصوص أو التسميات أو الرموز أو غيرها من التعليقات التوضيحية الظاهرة على الخريطة الأصلية.,يشير إلى ما إذا كانت رقمنة الخريطة قد اكتملت.,الشخص أو الأشخاص المسؤولون عن عملية الرقمنة.,التاريخ الذي اكتملت فيه عملية الرقمنة.,يشير إلى ما إذا كان الإسناد الجغرافي للخريطة الرقمية قد اكتمل.,الشخص أو الأشخاص المسؤولون عن الإسناد الجغرافي للخريطة الرقمية.,التاريخ الذي اكتمل فيه الإسناد الجغرافي للخريطة الرقمية.,يشير إلى ما إذا كانت الخريطة الرقمية قد قُصّت أو اقتُطعت كجزء من المعالجة الرقمية.,الشخص أو الأشخاص المسؤولون عن قص الخريطة الرقمية أو اقتطاعها.,التاريخ الذي اكتمل فيه قص الخريطة الرقمية أو اقتطاعها.,الطريقة المستخدمة لإنشاء التمثيل الرقمي للخريطة الأصلية، مثل المسح الضوئي أو التصوير الفوتوغرافي.,الماسح الضوئي أو الكاميرا أو غيرها من معدات التسجيل المستخدمة لإنشاء التمثيل الرقمي.,معلومات عن خصائص الألوان أو عمق الألوان في الملف الرقمي.,دقة الملف الرقمي، مثل الدقة المكانية أو دقة المسح الضوئي، حسب الحالة.,الترخيص الذي يمكن بموجبه استخدام المورد الرقمي أو إعادة استخدامه.,مستوى الوصول المسموح به إلى المورد الرقمي.,الشخص أو المؤسسة التي تملك الحقوق المرتبطة بالمورد أو تديرها.,معلومات إضافية عن الحقوق أو الأذونات أو القيود أو وضع حقوق النشر لا تغطيها حقول الحقوق والوصول الأخرى.,الاستشهاد الموصى باستخدامه عند الإشارة إلى المورد أو إعادة استخدامه.,اسم الشخص المسؤول عن إنشاء سجل المورد.,أي معلومات إضافية ذات صلة بهذا المورد يرى المسجّل أنه ينبغي توثيقها.,التاريخ الذي أُنشئ فيه سجل المورد في قاعدة البيانات.,اسم الشخص الذي رفع سجل المورد هذا إلى Arches.,التاريخ الذي أُضيف فيه سجل المورد هذا إلى Arches.,أحدث تاريخ عُدّل فيه سجل المورد.
MAEASaM Scope  Note (Pt),Definition (Pt),Definition (Pt),"Identificador único atribuído a cada recurso. Formato: [código do país com 3 letras]-MAP-número de 6 dígitos (por exemplo, KEN-MAP-000001).","Identificador local utilizado para descrever o mapa, como o número de catálogo de um instituto de investigação, o número de inventário ou outra referência local.","O país abrangido pelo mapa, sob a forma de um código ISO 3166-1 alfa-3 (por exemplo, KEN).",Um nome utilizado para identificar o recurso cartográfico.,"Um código utilizado para identificar uma folha específica do mapa dentro de uma série, coleção ou catálogo. Geralmente está escrito no mapa.",A série ou série cartográfica a que o recurso pertence. Geralmente está escrita no mapa.,A edição ou versão do mapa tal como indicada no recurso. Geralmente está escrita no mapa.,"O valor numérico da escala do mapa. Geralmente está escrito no mapa. Deve ser expresso como escala fracionária, por exemplo 1:50 000.",O material ou suporte físico em que o mapa original está registado.,As dimensões físicas do mapa original ou da folha do mapa.,"O tipo de mapa (por exemplo, Modern, Historical).",O estado físico do mapa original no momento do registo.,Uma descrição em texto livre que fornece informação adicional sobre o recurso cartográfico não abrangida pelos outros campos de metadados.,O nome do ficheiro digital que representa o recurso cartográfico.,O caminho de armazenamento ou a localização do ficheiro digital no repositório ou no sistema de ficheiros.,"O local físico onde o mapa original ou o ficheiro físico está guardado, como um arquivo, uma sala, uma prateleira ou uma caixa.",A pessoa ou organização responsável pela publicação do mapa. Geralmente está escrita no mapa.,A data em que o mapa foi publicado ou emitido. Geralmente está escrita no mapa.,"Informação sobre a história, revisões, alterações ou proveniência da folha do mapa. Geralmente está escrita no mapa.",O quadrado ou quadrados da grelha MAEASaM abrangidos pelo mapa.,A projeção cartográfica utilizada para representar a área cartografada. Geralmente está escrita no mapa.,O esferoide ou elipsoide de referência utilizado pelo sistema de referência de coordenadas do mapa. Geralmente está escrito no mapa.,A unidade de medida utilizada pelo mapa ou pelo seu sistema de referência de coordenadas. Geralmente está escrita no mapa.,O meridiano central utilizado pelo sistema de referência de coordenadas do mapa. Geralmente está escrito no mapa.,A latitude de origem utilizada pelo sistema de referência de coordenadas do mapa. Geralmente está escrita no mapa.,O fator de escala utilizado pelo sistema de referência de coordenadas do mapa. Geralmente está escrito no mapa.,Os valores de falsa abcissa (false easting) e/ou falsa ordenada (false northing) utilizados pelo sistema de referência de coordenadas do mapa. Geralmente estão escritos no mapa.,Os valores das coordenadas falsas associados à origem do sistema de referência de coordenadas do mapa. Geralmente estão escritos no mapa.,O datum geodésico utilizado pelo sistema de referência de coordenadas do mapa. Geralmente está escrito no mapa.,"Textos, legendas, símbolos ou outras anotações presentes no mapa original.",Indica se a digitalização do mapa foi concluída.,A pessoa ou pessoas responsáveis pelo processo de digitalização.,Data em que o processo de digitalização foi concluído.,Indica se o georreferenciamento do mapa digital foi concluído.,A pessoa ou pessoas responsáveis pelo georreferenciamento do mapa digital.,Data em que o georreferenciamento do mapa digital foi concluído.,Indica se o mapa digital foi recortado como parte do processamento digital.,A pessoa ou pessoas responsáveis pelo recorte do mapa digital.,Data em que o recorte do mapa digital foi concluído.,"O método utilizado para criar a representação digital do mapa original, como a digitalização por scanner ou a fotografia.","O scanner, a câmara ou outro equipamento de registo utilizado para criar a representação digital.",Informação sobre as características de cor ou a profundidade de cor do ficheiro digital.,"A resolução do ficheiro digital, como a resolução espacial ou a resolução de digitalização, conforme aplicável.",A licença ao abrigo da qual o recurso digital pode ser utilizado ou reutilizado.,O nível de acesso permitido ao recurso digital.,A pessoa ou organização que detém ou gere os direitos associados ao recurso.,"Informação adicional sobre direitos, autorizações, restrições ou estatuto de direitos de autor não abrangida pelos outros campos de direitos e acesso.",A citação recomendada a utilizar ao referir ou reutilizar o recurso.,O nome da pessoa responsável pela criação do registo do recurso.,Qualquer informação adicional relevante para este recurso que o responsável pelo registo considere que deve ser documentada.,A data em que o registo do recurso foi criado na base de dados.,O nome da pessoa que carregou este registo do recurso no Arches.,A data em que este registo do recurso foi adicionado ao Arches.,A data mais recente em que o registo do recurso foi modificado.
Example 1,Example 1,Example 1,KEN-MAP-000001,122_4_ISHIARA,KEN,ISHIARA,122/4,Y731,8-SK,1:50000,Paper,Not written,Modern,Good,,KEN_MAP_000001.jpg,path/to/folder/KEN_MAP_000001.jpg,"BIAE Office, 3rd Floor, Map Archives, Shelf 4",Survey of Kenya,1976,"Edition I constructed, drawn and photographed by Directorate of Overseas Survey, 1953 (D.C.S. 423)., Field Survey Data supplied by Survey of Kenya and D.O.S., Air Photography by R.A.F. January-March 1948.",,Transverse Mercator,Clarke 1880 (Modified),Metre (m),39 00` East of Greenwich,Equator,0.9996,,"5000000m Easting, 10000000m Northing",Arc 1960,,Yes,Orhun Ugur,2026-08-27,No,,,No,,,Scanner,CONTEX HD5450,RGB 24 BIT,600 DPI,CC BY-SA,Open access,ACT-00000072,,,ACT-00000072,,2026-09-01,ACT-00000056,This field is automatically populated by the system. Leave this field blank,This field is automatically populated by the system. Leave this field blank
Example 2,Example 2,Example 2,SDN-MAP-000001,,SDN,"The Survey Office, Khartoum",,,,,,,Historical,,,,,,,,,,,,,,,,,,,,Yes,Orhun Ugur,2026-08-27,Yes,Orhun Ugur,2026-08-28,Yes,Orhun Ugur,2026-08-29,Scanner,CONTEX HD5450,RGB 24 BIT,600 DPI,,,,,,,,,,,
,,,,,,,,,,,,,,,,,,,,,,,,,,,,,,,,,,,,,,,,,,,,,,,,,,,,,,,,
,,,,,,,,,,,,,,,,,,,,,,,,,,,,,,,,,,,,,,,,,,,,,,,,,,,,,,,,
,,,,,,,,,,,,,,,,,,,,,,,,,,,,,,,,,,,,,,,,,,,,,,,,,,,,,,,,
,,,,,,,,,,,,,,,,,,,,,,,,,,,,,,,,,,,,,,,,,,,,,,,,,,,,,,,,
,Data Type Legend,,Country ,Code,,,,,,,,,,,,,,,,,,,,,,,,,,,,,,,,,,,,,,,,,,,,,,,,,,,,
,String,,Benin,BEN,,,,,,,,,,,,,,,,,,,,,,,,,,,,,,,,,,,,,,,,,,,,,,,,,,,,
,Semantic,,Botswana,BWA,,,,,,,,,,,,,,,,,,,,,,,,,,,,,,,,,,,,,,,,,,,,,,,,,,,,
,Geometry,,Democratic Republic of the Congo,COD,,,,,,,,,,,,,,,,,,,,,,,,,,,,,,,,,,,,,,,,,,,,,,,,,,,,
,Date,,Ethiopia,ETH,,,,,,,,,,,,,,,,,,,,,,,,,,,,,,,,,,,,,,,,,,,,,,,,,,,,
,Resource-Instance-List,,Ghana,GHA,,,,,,,,,,,,,,,,,,,,,,,,,,,,,,,,,,,,,,,,,,,,,,,,,,,,
,Number,,Guinea-Bissau,GNB,,,,,,,,,,,,,,,,,,,,,,,,,,,,,,,,,,,,,,,,,,,,,,,,,,,,
,Concept-list (name of CV),,Kenya,KEN,,,,,,,,,,,,,,,,,,,,,,,,,,,,,,,,,,,,,,,,,,,,,,,,,,,,
,Node,,Mali,MLI,,,,,,,,,,,,,,,,,,,,,,,,,,,,,,,,,,,,,,,,,,,,,,,,,,,,
,URL,,Mozambique,MOZ,,,,,,,,,,,,,,,,,,,,,,,,,,,,,,,,,,,,,,,,,,,,,,,,,,,,
,Boolean,,Nigeria,NGA,,,,,,,,,,,,,,,,,,,,,,,,,,,,,,,,,,,,,,,,,,,,,,,,,,,,
,File-list,,Senegal,SEN,,,,,,,,,,,,,,,,,,,,,,,,,,,,,,,,,,,,,,,,,,,,,,,,,,,,
,,,Sudan,SDN,,,,,,,,,,,,,,,,,,,,,,,,,,,,,,,,,,,,,,,,,,,,,,,,,,,,
,,,Tanzania,TZA,,,,,,,,,,,,,,,,,,,,,,,,,,,,,,,,,,,,,,,,,,,,,,,,,,,,
,,,The Gambia,GMB,,,,,,,,,,,,,,,,,,,,,,,,,,,,,,,,,,,,,,,,,,,,,,,,,,,,
,,,Togo,TGO,,,,,,,,,,,,,,,,,,,,,,,,,,,,,,,,,,,,,,,,,,,,,,,,,,,,
,,,Zimbabwe,ZWE,,,,,,,,,,,,,,,,,,,,,,,,,,,,,,,,,,,,,,,,,,,,,,,,,,,,
