Arches terminology,Universal terminology,User form,1,2,3,4,5,6,7,8,9,10,11,12,13,14,15,16,17,18,19,20,21,22,23,24,25,26,27,28,29,30,31,32,33,34,35,36,37,38,39,40,41,42,43,44,45,46,47,48,49,50,51,52,53,54,55,56,57,58,59,60,61
CIDOC CRM Semantic Node Class,CIDOC CRM Semantic Node Class,,E42 Identifier,E7 Activity,E50 Date,E82,,,E53 Place,,,,,,,,E4 Period,E16 Measurement,,,,E41 Appellation,,E41 Appellation,E55,,,E17 Type Assignment,,,,,,,,,,,E17 Type Assignment,,,,,,,,,,,,,E62 String,,,,,,,,,,,
CIDOC CRM Node Class,CIDOC CRM Node Class,,E42 Identifier,E7 Activity,E50 Date,E82 Actor Appellation,E53 Place,E55 Type,E26 Physical Feature,E53 Place,E17 Type Assignment,E55 Type,E7 Activity,E55 Type,E55 Type,E27 Site,E4 Period,E58 Measurement Unit,E55 Type,E16 Measurement,E53 Place,E53 Place,E41 Appellation,E41 Appellation,E55 Type,E55 Type,E50 Date,E39 Actor,E55 Type,E50 Date,E16 Measurement,E3 Condition State,E50 Date,E39 Actor,E50 Date,E55 Type,E55 Type,E55 Type,E17 Type Assignment,E17 Type Assignment,E62 String,E62 String,E50 Date,E39 Actor,E50 Date,E17 Type Assignment,E55 Type,E17 Type Assignment,E17 Type Assignment,E62 String,E62 String,E62 String,E55 Type,E55 Type,E1 CRM Entity,E62 String,E62 String,E39 Actor,E62 String,E50 Date,E82 Actor Appellation,E50 Date,E50 Date
CIDOC CRM Scope note,CIDOC CRM Scope note,,"This class comprises strings or codes assigned to instances of E1 CRM Entity in order to identify them uniquely and permanently within the context of one or more organisations. Such codes are often known as inventory numbers, registration codes, etc. and are typically composed of alphanumeric sequences. The class E42 Identifier is not normally used for machine-generated identifiers used for automated processing unless these are also used by human agent. The class E42 Identifier is not normally used for machine-generated identifiers used for automated processing unless these are also used by human agent.","This class comprises actions intentionally carried out by instances of E39 Actor that result in changes
of state in the cultural, social, or physical systems documented.
This notion includes complex, composite and long-lasting actions such as the building of a settlement
or a war, as well as simple, short-lived actions such as the opening of a door.","This class comprises specific forms of E49 Time Appellation. (Definition of the CIDOC Conceptual Reference Model version 6.2.2)
 
Dates may vary in their degree of precision.","Comprises names, numbers, or codes used to identify an E39 Actor (Person or Group)","This class comprises extents in space, in particular on the surface of the earth, in the pure sense of
physics: independent from temporal phenomena and matter.
The instances of E53 Place are usually determined by reference to the position of “immobile” objects
such as buildings, cities, mountains, rivers, or dedicated geodetic marks. A Place can be determined by combining a frame of reference and a location with respect to this frame. It may be identified by one or
more instances of E44 Place Appellation.
It is sometimes argued that instances of E53 Place are best identified by global coordinates or absolute
reference systems. However, relative references are often more relevant in the context of cultural
documentation and tend to be more precise. In particular, we are often interested in position in relation
to large, mobile objects, such as ships. For example, the Place at which Nelson died is known with
reference to a large mobile object – H.M.S Victory. A resolution of this Place in terms of absolute
coordinates would require knowledge of the movements of the vessel and the precise time of death,
either of which may be revised, and the result would lack historical and cultural relevance.
Any object can serve as a frame of reference for E53 Place determination. The model foresees the
notion of a ""section"" of an E19 Physical Object as a valid E53 Place determination","This class comprises concepts denoted by terms from thesauri and controlled vocabularies used to
characterize and classify instances of CRM classes. Instances of E55 Type represent concepts in
contrast to instances of E41 Appellation which are used to name instances of CRM classes.
E55 Type is the CRM’s interface to domain specific ontologies and thesauri. These can be represented
in the CRM as subclasses of E55 Type, forming hierarchies of terms, i.e. instances of E55 Type linked
via P127 has broader term (has narrower term). Such hierarchies may be extended with additional
properties.","This class comprises identifiable features that are physically attached in an integral way to particular
physical objects.
Instances of E26 Physical Feature share many of the attributes of instances of E19 Physical Object.
They may have a one-, two- or three-dimensional geometric extent, but there are no natural borders that
separate them completely in an objective way from the carrier objects. For example, a doorway is a
feature but the door itself, being attached by hinges, is not.
Instances of E26 Physical Feature can be features in a narrower sense, such as scratches, holes, reliefs,
surface colours, reflection zones in an opal crystal or a density change in a piece of wood. In the wider
sense, they are portions of particular objects with partially imaginary borders, such as the core of the
Earth, an area of property on the surface of the Earth, a landscape or the head of a contiguous marble
statue. They can be measured and dated, and it is sometimes possible to state who or what is or was
responsible for them. They cannot be separated from the carrier object, but a segment of the carrier
object may be identified (or sometimes removed) carrying the complete feature","This class comprises extents in space, in particular on the surface of the earth, in the pure sense of
physics: independent from temporal phenomena and matter.
The instances of E53 Place are usually determined by reference to the position of “immobile” objects
such as buildings, cities, mountains, rivers, or dedicated geodetic marks. A Place can be determined by combining a frame of reference and a location with respect to this frame. It may be identified by one or
more instances of E44 Place Appellation.
It is sometimes argued that instances of E53 Place are best identified by global coordinates or absolute
reference systems. However, relative references are often more relevant in the context of cultural
documentation and tend to be more precise. In particular, we are often interested in position in relation
to large, mobile objects, such as ships. For example, the Place at which Nelson died is known with
reference to a large mobile object – H.M.S Victory. A resolution of this Place in terms of absolute
coordinates would require knowledge of the movements of the vessel and the precise time of death,
either of which may be revised, and the result would lack historical and cultural relevance","This class comprises the actions of classifying items of whatever kind. Such items include objects,
specimens, people, actions and concepts.
This class allows for the documentation of the context of classification acts in cases where the value of
the classification depends on the personal opinion of the classifier, and the date that the classification
was made. This class also encompasses the notion of ""determination,"" i.e. the systematic and molecular
identification of a specimen in biology","This class comprises concepts denoted by terms from thesauri and controlled vocabularies used to
characterize and classify instances of CRM classes. Instances of E55 Type represent concepts in
contrast to instances of E41 Appellation which are used to name instances of CRM classes.
E55 Type is the CRM’s interface to domain specific ontologies and thesauri. These can be represented
in the CRM as subclasses of E55 Type, forming hierarchies of terms, i.e. instances of E55 Type linked
via P127 has broader term (has narrower term). Such hierarchies may be extended with additional
properties.","This class comprises actions intentionally carried out by instances of E39 Actor that result in changes
of state in the cultural, social, or physical systems documented.
This notion includes complex, composite and long-lasting actions such as the building of a settlement
or a war, as well as simple, short-lived actions such as the opening of a door.","This class comprises actions intentionally carried out by instances of E39 Actor that result in changes
of state in the cultural, social, or physical systems documented.
This notion includes complex, composite and long-lasting actions such as the building of a settlement
or a war, as well as simple, short-lived actions such as the opening of a door.","This class comprises concepts denoted by terms from thesauri and controlled vocabularies used to
characterize and classify instances of CRM classes. Instances of E55 Type represent concepts in
contrast to instances of E41 Appellation which are used to name instances of CRM classes.
E55 Type is the CRM’s interface to domain specific ontologies and thesauri. These can be represented
in the CRM as subclasses of E55 Type, forming hierarchies of terms, i.e. instances of E55 Type linked
via P127 has broader term (has narrower term). Such hierarchies may be extended with additional
properties.","This class comprises pieces of land or sea floor.
In contrast to the purely geometric notion of E53 Place, this class describes constellations of matter on
the surface of the Earth or other celestial body, which can be represented by photographs, paintings and
maps.
Instances of E27 Site are composed of relatively immobile material items and features in a particular
configuration at a particular location.","This class comprises sets of coherent phenomena or cultural manifestations occurring in time and
space.
It is the social or physical coherence of these phenomena that identify an E4 Period and not the
associated spatiotemporal extent. This extent is only the “ground” or space in an abstract physical sense
that the actual process of growth, spread and retreat has covered. Consequently, different periods can
overlap and coexist in time and space, such as when a nomadic culture exists in the same area and time
as a sedentary culture. This also means that overlapping land use rights, common among first nations,
amounts to overlapping periods","This class is a specialization of E55 Type and comprises the types of measurement units: feet, inches,
centimetres, litres, lumens, etc. This type is used categorically in the model without reference to instances of it, i.e. the Model does not
foresee the description of instances of instances of E58 Measurement Unit, e.g.: “instances of cm”.
Système International (SI) units or internationally recognized non-SI terms should be used whenever
possible. (ISO 1000:1992). Archaic Measurement Units used in historical records should be preserved.",This class comprises concepts denoted by terms from thesauri and controlled vocabularies used to characterize and classify instances of CRM classes.,"This class comprises actions measuring physical properties and other values that can be determined by
a systematic procedure","This class comprises extents in space, in particular on the surface of the earth, in the pure sense of
physics: independent from temporal phenomena and matter.
The instances of E53 Place are usually determined by reference to the position of “immobile” objects
such as buildings, cities, mountains, rivers, or dedicated geodetic marks. A Place can be determined by combining a frame of reference and a location with respect to this frame. It may be identified by one or
more instances of E44 Place Appellation.
It is sometimes argued that instances of E53 Place are best identified by global coordinates or absolute
reference systems. However, relative references are often more relevant in the context of cultural
documentation and tend to be more precise. In particular, we are often interested in position in relation
to large, mobile objects, such as ships. For example, the Place at which Nelson died is known with
reference to a large mobile object – H.M.S Victory. A resolution of this Place in terms of absolute
coordinates would require knowledge of the movements of the vessel and the precise time of death,
either of which may be revised, and the result would lack historical and cultural relevance","This class comprises extents in space, in particular on the surface of the earth, in the pure sense of
physics: independent from temporal phenomena and matter.
The instances of E53 Place are usually determined by reference to the position of “immobile” objects
such as buildings, cities, mountains, rivers, or dedicated geodetic marks. A Place can be determined by combining a frame of reference and a location with respect to this frame. It may be identified by one or
more instances of E44 Place Appellation.
It is sometimes argued that instances of E53 Place are best identified by global coordinates or absolute
reference systems. However, relative references are often more relevant in the context of cultural
documentation and tend to be more precise. In particular, we are often interested in position in relation
to large, mobile objects, such as ships. For example, the Place at which Nelson died is known with
reference to a large mobile object – H.M.S Victory. A resolution of this Place in terms of absolute
coordinates would require knowledge of the movements of the vessel and the precise time of death,
either of which may be revised, and the result would lack historical and cultural relevance","This class comprises signs, either meaningful or not, or arrangements of signs following a specific syntax, that are used or can be used to refer to and identify a specific instance of some class or category within a certain context.
 
Instances of E41 Appellation do not identify things by their meaning, even if they happen to have one, but instead by convention, tradition, or agreement. Instances of E41 Appellation are cultural constructs; as such, they have a context, a history, and a use in time and space by some group of users. A given instance of E41 Appellation can have alternative forms, i.e., other instances of E41 Appellation that are always regarded as equivalent independent from the thing it denotes. 
 
Specific subclasses of E41 Appellation should be used when instances of E41 Appellation of a characteristic form are used for particular objects. Instances of E49 Time Appellation, for example, which take the form of instances of E50 Date, can be easily recognised.","This class comprises signs, either meaningful or not, or arrangements of signs following a specific syntax, that are used or can be used to refer to and identify a specific instance of some class or category within a certain context.
 
Instances of E41 Appellation do not identify things by their meaning, even if they happen to have one, but instead by convention, tradition, or agreement. Instances of E41 Appellation are cultural constructs; as such, they have a context, a history, and a use in time and space by some group of users. A given instance of E41 Appellation can have alternative forms, i.e., other instances of E41 Appellation that are always regarded as equivalent independent from the thing it denotes. 
 
Specific subclasses of E41 Appellation should be used when instances of E41 Appellation of a characteristic form are used for particular objects. Instances of E49 Time Appellation, for example, which take the form of instances of E50 Date, can be easily recognised.","This class comprises concepts denoted by terms from thesauri and controlled vocabularies used to
characterize and classify instances of CRM classes. Instances of E55 Type represent concepts in
contrast to instances of E41 Appellation which are used to name instances of CRM classes.
E55 Type is the CRM’s interface to domain specific ontologies and thesauri. These can be represented
in the CRM as subclasses of E55 Type, forming hierarchies of terms, i.e. instances of E55 Type linked
via P127 has broader term (has narrower term). Such hierarchies may be extended with additional
properties.","This class comprises concepts denoted by terms from thesauri and controlled vocabularies used to
characterize and classify instances of CRM classes. Instances of E55 Type represent concepts in
contrast to instances of E41 Appellation which are used to name instances of CRM classes.
E55 Type is the CRM’s interface to domain specific ontologies and thesauri. These can be represented
in the CRM as subclasses of E55 Type, forming hierarchies of terms, i.e. instances of E55 Type linked
via P127 has broader term (has narrower term). Such hierarchies may be extended with additional
properties.","This class comprises identifiers employed, or understood, by communication services to direct
communications to an instance of E39 Actor. These include E-mail addresses, telephone numbers, post
office boxes, Fax numbers, URLs etc. Most postal addresses can be considered both as instances of
E44 Place Appellation and E51 Contact Point. In such cases the subclass E45 Address should be used.","This class comprises people, either individually or in groups, who have the potential to perform
intentional actions of kinds for which someone may be held responsible.","This class comprises concepts denoted by terms from thesauri and controlled vocabularies used to
characterize and classify instances of CRM classes. Instances of E55 Type represent concepts in
contrast to instances of E41 Appellation which are used to name instances of CRM classes.
E55 Type is the CRM’s interface to domain specific ontologies and thesauri. These can be represented
in the CRM as subclasses of E55 Type, forming hierarchies of terms, i.e. instances of E55 Type linked
via P127 has broader term (has narrower term). Such hierarchies may be extended with additional
properties.","This class comprises identifiers employed, or understood, by communication services to direct
communications to an instance of E39 Actor. These include E-mail addresses, telephone numbers, post
office boxes, Fax numbers, URLs etc. Most postal addresses can be considered both as instances of
E44 Place Appellation and E51 Contact Point. In such cases the subclass E45 Address should be used.","This class comprises actions measuring physical properties and other values that can be determined by
a systematic procedure","This class comprises the states of objects characterised by a certain condition over a time-span.
An instance of this class describes the prevailing physical condition of any material object or feature
during a specific E52 Time Span. In general, the time-span for which a certain condition can be
asserted may be shorter than the real time-span, for which this condition held.
The nature of that condition can be described using P2 has type. For example, the E3 Condition State
“condition of the SS Great Britain between 22 September 1846 and 27 August 1847” can be
characterized as E55 Type “wrecked”","This class comprises identifiers employed, or understood, by communication services to direct
communications to an instance of E39 Actor. These include E-mail addresses, telephone numbers, post
office boxes, Fax numbers, URLs etc. Most postal addresses can be considered both as instances of
E44 Place Appellation and E51 Contact Point. In such cases the subclass E45 Address should be used.","This class comprises people, either individually or in groups, who have the potential to perform
intentional actions of kinds for which someone may be held responsible.","This class comprises identifiers employed, or understood, by communication services to direct communications to an instance of E39 Actor. These include E-mail addresses, telephone numbers, post office boxes, Fax numbers, URLs etc. Most postal addresses can be considered both as instances of E44 Place Appellation and E51 Contact Point. In such cases the subclass E45 Address should be used.","This class comprises concepts denoted by terms from thesauri and controlled vocabularies used to
characterize and classify instances of CRM classes. Instances of E55 Type represent concepts in
contrast to instances of E41 Appellation which are used to name instances of CRM classes.
E55 Type is the CRM’s interface to domain specific ontologies and thesauri. These can be represented
in the CRM as subclasses of E55 Type, forming hierarchies of terms, i.e. instances of E55 Type linked
via P127 has broader term (has narrower term). Such hierarchies may be extended with additional
properties.","This class comprises concepts denoted by terms from thesauri and controlled vocabularies used to
characterize and classify instances of CRM classes. Instances of E55 Type represent concepts in
contrast to instances of E41 Appellation which are used to name instances of CRM classes.
E55 Type is the CRM’s interface to domain specific ontologies and thesauri. These can be represented
in the CRM as subclasses of E55 Type, forming hierarchies of terms, i.e. instances of E55 Type linked
via P127 has broader term (has narrower term). Such hierarchies may be extended with additional
properties.","This class comprises concepts denoted by terms from thesauri and controlled vocabularies used to
characterize and classify instances of CRM classes. Instances of E55 Type represent concepts in
contrast to instances of E41 Appellation which are used to name instances of CRM classes.
E55 Type is the CRM’s interface to domain specific ontologies and thesauri. These can be represented
in the CRM as subclasses of E55 Type, forming hierarchies of terms, i.e. instances of E55 Type linked
via P127 has broader term (has narrower term). Such hierarchies may be extended with additional
properties.","This class comprises the actions of classifying items of whatever kind. Such items include objects,
specimens, people, actions and concepts.
This class allows for the documentation of the context of classification acts in cases where the value of
the classification depends on the personal opinion of the classifier, and the date that the classification
was made. This class also encompasses the notion of ""determination,"" i.e. the systematic and molecular
identification of a specimen in biology","This class comprises the actions of classifying items of whatever kind. Such items include objects,
specimens, people, actions and concepts.
This class allows for the documentation of the context of classification acts in cases where the value of
the classification depends on the personal opinion of the classifier, and the date that the classification
was made. This class also encompasses the notion of ""determination,"" i.e. the systematic and molecular
identification of a specimen in biology","This class comprises the instances of E59 Primitive Values used for documentation such as free text
strings, bitmaps, vector graphics, etc.","This class comprises the instances of E59 Primitive Values used for documentation such as free text
strings, bitmaps, vector graphics, etc.
E62 String is not further elaborated upon within the mode","This class comprises identifiers employed, or understood, by communication services to direct communications to an instance of E39 Actor. These include E-mail addresses, telephone numbers, post office boxes, Fax numbers, URLs etc. Most postal addresses can be considered both as instances of E44 Place Appellation and E51 Contact Point. In such cases the subclass E45 Address should be used.","This class comprises people, either individually or in groups, who have the potential to perform
intentional actions of kinds for which someone may be held responsible.","This class comprises identifiers employed, or understood, by communication services to direct communications to an instance of E39 Actor. These include E-mail addresses, telephone numbers, post office boxes, Fax numbers, URLs etc. Most postal addresses can be considered both as instances of E44 Place Appellation and E51 Contact Point. In such cases the subclass E45 Address should be used.","This class comprises the actions of classifying items of whatever kind. Such items include objects,
specimens, people, actions and concepts.
This class allows for the documentation of the context of classification acts in cases where the value of
the classification depends on the personal opinion of the classifier, and the date that the classification
was made. This class also encompasses the notion of ""determination,"" i.e. the systematic and molecular
identification of a specimen in biology","This class comprises concepts denoted by terms from thesauri and controlled vocabularies used to
characterize and classify instances of CRM classes. Instances of E55 Type represent concepts in
contrast to instances of E41 Appellation which are used to name instances of CRM classes.
E55 Type is the CRM’s interface to domain specific ontologies and thesauri. These can be represented
in the CRM as subclasses of E55 Type, forming hierarchies of terms, i.e. instances of E55 Type linked
via P127 has broader term (has narrower term). Such hierarchies may be extended with additional
properties.","This class comprises the actions of classifying items of whatever kind. Such items include objects,
specimens, people, actions and concepts.
This class allows for the documentation of the context of classification acts in cases where the value of
the classification depends on the personal opinion of the classifier, and the date that the classification
was made. This class also encompasses the notion of ""determination,"" i.e. the systematic and molecular
identification of a specimen in biology","This class comprises the actions of classifying items of whatever kind. Such items include objects,
specimens, people, actions and concepts.
This class allows for the documentation of the context of classification acts in cases where the value of
the classification depends on the personal opinion of the classifier, and the date that the classification
was made. This class also encompasses the notion of ""determination,"" i.e. the systematic and molecular
identification of a specimen in biology","This class comprises the instances of E59 Primitive Values used for documentation such as free text
strings, bitmaps, vector graphics, etc.","This class comprises the instances of E59 Primitive Values used for documentation such as free text
strings, bitmaps, vector graphics, etc.","This class comprises the instances of E59 Primitive Values used for documentation such as free text
strings, bitmaps, vector graphics, etc.
E62 String is not further elaborated upon within the model",This class comprises concepts denoted by terms from thesauri and controlled vocabularies used to characterize and classify instances of CRM classes.,This class comprises concepts denoted by terms from thesauri and controlled vocabularies used to characterize and classify instances of CRM classes.,"This class comprises all things in the universe of discourse of the CIDOC Conceptual Reference Model. It is an abstract concept providing for three general properties: 1. Identification by name or appellation, and in particular by a preferred identifier 2. Classification by type, allowing further refinement of the specific subclass an instance belongs to 3. Attachment of free text for the expression of anything not captured by formal properties With the exception of E59 Primitive Value, all other classes within the CRM are directly or indirectly specialisations of E1 CRM Entity.","This class comprises the instances of E59 Primitive Values used for documentation such as free text
strings, bitmaps, vector graphics, etc.
E62 String is not further elaborated upon within the mode","This class comprises the instances of E59 Primitive Values used for documentation such as free text
strings, bitmaps, vector graphics, etc.
E62 String is not further elaborated upon within the mode","This class comprises people, either individually or in groups, who have the potential to perform intentional actions of kinds for which someone may be held responsible.  (Definition of the CIDOC Conceptual Reference Model version 6.2)
 
The CRM does not attempt to model the inadvertent actions of such actors. Individual people should be documented as instances of E21 Person, whereas groups should be documented as instances of either E74 Group or its subclass E40 Legal Body.
 
Examples:
London and Continental Railways (E40)
the Governor of the Bank of England in 1975 (E21)
Sir Ian McKellan (E21)","This class comprises the instances of E59 Primitive Values used for documentation such as free text
strings, bitmaps, vector graphics, etc.
E62 String is not further elaborated upon within the mode","This class comprises specific forms of E49 Time Appellation.
Dates may vary in their degree of precision.","This class comprises any sort of name, number, code or symbol characteristically used to identify an E39 Actor.
An E39 Actor will typically have more than one E82 Actor Appellation, and instances of E82 Actor
Appellation in turn may have alternative representations. The distinction between corporate and
personal names, which is particularly important in library applications, should be made by explicitly
linking the E82 Actor Appellation to an instance of either E21 Person or E74 Group/E40 Legal Body.
If this is not possible, the distinction can be made through the use of the P2 has type mechanism.","This class comprises specific forms of E49 Time Appellation.
Dates may vary in their degree of precision.","This class comprises specific forms of E49 Time Appellation.
Dates may vary in their degree of precision."
Semantic Node (card),Group,Group,Identifiers,Activity summary,,,Geometry information,,Site description,,,,,,,Related site,Chronology,Measurements,,,MAEASaM grid,,Administrative information,,,Survey details,,,,,,Condition assessment,,,,,,,,,,,Threats,,,,,,,,,Additional information,Copyright/Access,,,,,Recording details,,,Uploading details,,
Node (En),Metadata (En),Metadata (En),MAEASaM ID,Activity type,Activity date,Activity actor,Geometry (WKT),Geometry qualifier,Evidence,Evidence shape,Interpretation,Interpretation certainty,Ground truthing,Land use land cover,Climatic zone,Related site,Chronology,Measurement type,Measurement unit,Measurement value,Grid level 1,Grid level 2,Administrative area name,Administrative area type,Administrative area level,Survey type,Survey date,Surveyor name,Image type,Date of image,Spatial resolution,Overall condition,Assessment date,Assessor name,Date of image used,Disturbance cause,Disturbance frequency,Disturbance effect,Extent of impact,Severity of impact,Condition comments,Recommendation for management of disturbance,Threat assessment date,Threat assessor name,Date of image used,Basis of threat assessment,Threat type,Threat severity,Probability of threat affecting site,Threat comments,Recommendation for management of threat,Additional information,Licence,Access level,Rights holder,Rights Notes,Preferred Citation,Recorder,Comment,Created at,Uploader,Uploaded at,Last modified at
Node (Fr),Metadata (Fr),Metadata (Fr),MAEASaM ID,Type d’activité,Date de l’activité,Acteur de l’activité,Géométrie (WKT),Qualificatif de géométrie,Preuves,Forme des preuves,Interprétation,Certitude d'interprétation,Le sol a été vérifié,Utilisation du sol Couverture du sol,Zone climatique,Site associé,Chronologie,Type de mesure,Unité de mesure,Valeur de la mesure,Niveau de grille 1,Niveau de grille2,Nom de la zone d'administration,Type de zone administrative,Niveau administratif,Type d'enquête,Date de l'enquête,Nom de l’enquêteur / de l’enquêtrice,Type d'image,Date de l'image,Résolution spatiale,État général,Date d'évaluation,Nom de l'évaluateur,Date de l'image utilisée,Cause de la perturbation,Fréquence de la perturbation,Effet de la perturbation,Étendue de l’impact,Gravité de l'impact,Commentaires sur les perturbations,Recommandation pour la gestion des perturbations,Date de l'évaluation de la menace,Nom de l'évaluateur de la menace,Date de l'image utilisée,Base de l'évaluation de la menace,Type de menace,Gravité de la menace,Probabilité que la menace affecte le site,Commentaires sur les menaces,Recommandation pour la gestion de la menace,Informations complémentaires,Licence,Niveau d’accès,Titulaire des droits,Informations sur les droits d’auteur,Citation recommandée,Nom de l'enregistreur,Commentaire,Ressource créée à,Auteur du téléversement,Date de téléversement,Dernière modification de la ressource
Node (Ar),Metadata (Ar),Metadata (Ar),MAEASaM ID,نوع النشاط,تاريخ النشاط,القائم بالنشاط,الاحداثيات بصيغة WKT,وصف الشكل الهندسي,الدليل,شكل الدليل,التفسير,درجة اليقين من التفسير,التحقق الميداني,استخدامات الأراضي / الغطاء الأرضي,المنطقة المناخية,موارد ذات صلة,التسلسل الزمني,نوع القياس,وحدة القياس,قيمة القياس,شبكة الاحداثيات المستوى الاول,شبكة الاحداثيات المستوى الثاتي,اسم المنطقة الإدارية,نوع المنطقة الإدارية,المستوى الإداري,نوع المسح,تاريخ المسح,اسم الشخص الذي يفوم بالمسح,نوع الصورة,تاريخ الصورة,الدقة المكانية,الحالة العامة,تاريخ التقييم,اسم المفيم,تاريخ الصورة المستخدمة,سبب الاضطراب,تكرار الاضطراب,تأثير الاضطراب,مدى التأثير,شدة التأثير,ملاحظات الحالة,توصية لإدارة الاضطراب,تاريخ تقييم التهديد,اسم مقيّم التهديد,تاريخ الصورة المستخدمة,أساس تقييم التهديد,نوع التهديد,شدة التهديد,احتمالية تأثير التهديد على الموقع,تعليقات,توصية لإدارة التهديد,معلومات إضافية,الترخيص,مستوى الوصول,صاحب الحقوق,ملاحظات الحقوق,الاستشهاد المفضّل,اسم المُسجّل,ملاحظة,تاريخ إنشاء المورد,اسم الرافع,تاريخ الرفع,تاريخ آخر تعديل للمورد
Node (Pt),Metadata (Pt),Metadata (Pt),MAEASaM ID,Tipo de actividade,Data de actividade,Autor(a) de actividade,Geometria (WKT),Qualificador de geometria,Evidência,Formato de evidência,Interpretação,Certeza de interpretação,Verificação em campo,Uso e cobertura do solo,Zona climática,Sítio relacionado,Cronologia,Tipo de medição,Unidade de medição,Valor de medição,Nível da grelha 1,Nível da grelha 2,Nome da área administrativa,Tipo da área administrativa,Nível da área administrativa,Tipo de pesquisa,Data de prospecção,Nome do(a) prospector(a),Tipo de imagem,Data da imagem,Resolução espacial,Condição geral,Data de avaliação,Nome do(a) avaliador(a),Data da imagem usada,Causa da perturbação,Frequência da perturbação,Efeito da perturbação,Extensão do impacto,Gravidade do impacto,Comentários sobre condição,Recomendação para a gestão da perturbação,Data de avaliação de ameaças,Nome de avaliador (a) de ameaças,Data da imagem usada,Base de avaliação de ameaças,Tipo de ameaça,Gravidade de ameaça,Probabilidade de a ameaça afetar o sítio,Comentários sobre a ameaça,Recomendação para a gestão da ameaça,Informação adicional,Licença,Nível de acesso,Titular dos direitos,Notas sobre direitos,Citação preferencial,Responsável pelo registo,Comentário,Recurso criado em,Responsável pelo carregamento,Data de carregamento,Recurso modificado pela última vez em
Data Type,Data Type,Data Type,String,Concept-list,EDTF,Resource-Instance-List,GeoJSON-feature-collection,Concept-list,Concept-list,Concept-list,Concept-list,Concept-list,Concept-list,Concept-list,Concept-list,Resource-Instance-List,Resource-Instance-List,Concept-list,Concept-list,Number,Resource-Instance-List,Resource-Instance-List,Resource-Instance-List,Concept-list,Concept-list,Concept-list,EDTF,Resource-Instance-List,Concept-list,Date,Number,Concept-list,EDTF,Resource-Instance-List,EDTF,Concept-list,Concept-list,Concept-list,Concept-list,Concept-list,String,String,EDTF,Resource-Instance-List,EDTF,Concept-list,Concept-list,Concept-list,Concept-list,String,String,String,Concept-list,Concept-list,Resource-Instance-List,String,String,Resource-Instance-List,String,Date,Resource-Instance-List,Date,Date
Collection,Collection,Collection,N/A,Activity/event types (cv),N/A,Actor (rm),N/A,Geometry qualifiers (cv),Evidence (cv),Site shape (cv),Site descriptive type (cv),Certainty (cv),Recording/verification method (cv),LULC (cv),Climate zone (cv),Site (rm),Chronology (rm),Measurement types (cv),Measurement units (cv),N/A,Grid (rm),Grid (rm),Administrative (rm),Administrative area type (cv),Administrative area level (cv),Collection/sampling/survey method (cv),N/A,Actor (rm),Imagery dataset type (cv),N/A,N/A,Overall site conditions (cv),N/A,Actor (rm),N/A,Disturbance cause (cv),Disturbance frequency (cv),Disturbance effect (cv),Extent of impact (cv),Severity of impact (cv),N/A,N/A,N/A,Actor (rm),N/A,Recording/verification method (cv),Disturbance cause (cv),Severity of impact (cv),Threat probabilities (cv),N/A,N/A,N/A,Licences (cv),Access levels (cv),Actor (rm),N/A,N/A,Actor (rm),N/A,N/A,Actor (rm),N/A,N/A
,Necessity,Necessity,Mandatory,Mandatory,Mandatory,Mandatory,Mandatory,Mandatory,Mandatory,Mandatory,Mandatory,Mandatory,Strongly recommended,Strongly recommended,Strongly recommended,Mandatory,Strongly recommended,Strongly recommended,Strongly recommended,Strongly recommended,Mandatory,Strongly recommended,Strongly recommended,Strongly recommended,Strongly recommended,Mandatory,Mandatory,Mandatory,Mandatory,Mandatory,Strongly recommended,Strongly recommended,Strongly recommended,Strongly recommended,Strongly recommended,Strongly recommended,Strongly recommended,Strongly recommended,Strongly recommended,Strongly recommended,Strongly recommended,Strongly recommended,Strongly recommended,Strongly recommended,Strongly recommended,Strongly recommended,Strongly recommended,Strongly recommended,Strongly recommended,Strongly recommended,Strongly recommended,Strongly recommended,Mandatory,Mandatory,Mandatory,Optional,Mandatory,Mandatory,Optional,Mandatory,Mandatory,Mandatory,Mandatory
,Cardinality,Cardinality,1,1..n,1..n,1..n,1,1,1..n,1..n,1..n,1,0..1,1..n,1..n,0..n,0..1,0..n,0..n,0..n,1..n,0..1,0..1,0..1,0..1,1,1,1,1,1,0..1,0..1,0..1,0..n,0..1,1..n,1..n,1..n,0..1,0..1,0..1,0..1,0..1,0..1,0..1,0..n,0..n,0..n,0..n,0..n,0..n,0..n,1,1,1..n,0..1,1,1..n,0..n,1,1,1,1
,Dublin Core Equivalent,Dublin Core Equivalent,http://purl.org/dc/terms/identifier,http://purl.org/dc/terms/type,http://purl.org/dc/terms/date,http://purl.org/dc/terms/contributor,http://purl.org/dc/terms/spatial,http://purl.org/dc/terms/spatial,http://purl.org/dc/terms/description,No direct equivalent,http://purl.org/dc/terms/description,No direct equivalent,No direct equivalent,No direct equivalent,No direct equivalent,http://purl.org/dc/terms/relation,http://purl.org/dc/terms/temporal,No direct equivalent,No direct equivalent,No direct equivalent,http://purl.org/dc/terms/relation,http://purl.org/dc/terms/relation,http://purl.org/dc/terms/relation,http://purl.org/dc/terms/type,http://purl.org/dc/terms/type,http://purl.org/dc/terms/type,http://purl.org/dc/terms/date,http://purl.org/dc/terms/contributor,http://purl.org/dc/terms/type,http://purl.org/dc/terms/date,No direct equivalent,No direct equivalent,http://purl.org/dc/terms/date,http://purl.org/dc/terms/contributor,http://purl.org/dc/terms/date,http://purl.org/dc/terms/description,http://purl.org/dc/terms/description,http://purl.org/dc/terms/description,No direct equivalent,No direct equivalent,http://purl.org/dc/terms/description,http://purl.org/dc/terms/description,http://purl.org/dc/terms/date,http://purl.org/dc/terms/contributor,http://purl.org/dc/terms/date,No direct equivalent,http://purl.org/dc/terms/type,No direct equivalent,No direct equivalent,http://purl.org/dc/terms/description,http://purl.org/dc/terms/description,http://purl.org/dc/terms/description,http://purl.org/dc/terms/license,http://purl.org/dc/terms/accessRights,http://purl.org/dc/terms/rightsHolder,http://purl.org/dc/terms/rights,http://purl.org/dc/terms/bibliographicCitation,http://purl.org/dc/terms/contributor,http://purl.org/dc/terms/description,http://purl.org/dc/terms/created,http://purl.org/dc/terms/contributor,http://purl.org/dc/terms/dateSubmitted,http://purl.org/dc/terms/modified
,Operational Info,Operational Info,Primary Key,N/A,N/A,Foreign Key,N/A,N/A,N/A,N/A,N/A,N/A,N/A,N/A,N/A,Foreign Key,Foreign Key,N/A,N/A,N/A,Foreign Key,Foreign Key,Derived,Derived,Derived,N/A,N/A,Foreign Key,N/A,N/A,N/A,N/A,N/A,Foreign Key,N/A,N/A,N/A,N/A,N/A,N/A,N/A,N/A,N/A,Foreign Key,N/A,N/A,N/A,N/A,N/A,N/A,N/A,N/A,N/A,N/A,Foreign Key,N/A,Auto-Populated,Foreign Key,N/A,N/A,Foreign Key,Auto-Populated,Auto-Populated
MAEASaM Scope Note (En),Definition (En),Definition (En),A unique identifier assigned to each resource. Format: RS-[3-letter country code]-8-digit number (e.g. RS-SEN-00000001).,"The type of activity being carried out when remote sensing data is collected, documented, or updated.",The date on which the activity took place.,"The person or organisation involved in carrying out, contributing to or supporting the activity.",The spatial geometry of the identified site in Well-Known Text (WKT) format.,"The nature of the recorded geometry (e.g. centre point, outer boundary, buffer zone, centroid).",The visible physical features in the landscape used to identify the area as a potential archaeological or heritage site.,"The overall geometric shape of the site (e.g. circular, rectangular, oval).","The interpretation of the nature or function of the visible features, based on the evidence seen on the imagery.",The level of confidence in the interpretation of the visible features.,Whether the existence or interpretation of the site has been verified by ground observation or survey.,"The land use or land cover in the area where the site is located, at the time of recording.",The climatic zone in which the site is located.,A known site record in the database to which this site is linked.,The chronological period to which the site can be assigned.,"The aspect of the site or feature being measured, such as length, width, height, area or depth.","The unit in which the measurement value is expressed, such as metres, centimetres, kilometres or hectares.","The numeric value of the measurement, read together with the measurement type and unit.",The first-level MAEASaM grid square in which the site is located.,The second-level MAEASaM grid square in which the site is located.,The administrative area in which the site is located.,"The official type of the administrative unit in which the site is located (e.g. department, province).",The hierarchical level of the administrative unit in which the site is located.,How the site was surveyed or identified (e.g. systematic or unsystematic methods).,The date on which the survey was carried out.,The person or organisation that carried out the survey.,"The type of imagery used to identify, analyse or document the site.",The date on which the image used in the survey was acquired.,"The spatial resolution of the imagery used in the analysis, in metres per pixel.",The overall state of preservation of the site at the time of assessment.,The date on which the condition assessment was carried out.,The person or organisation that carried out the condition assessment.,The date on which the image used for the condition assessment was taken.,The main activity or process responsible for disturbing or damaging the site.,"How often the disturbance occurs - a single event, a repeated activity or a continuous process.","The physical effect of the disturbance on the archaeological remains, such as removal, damage or alteration of site features.","How much of the site area is affected by the disturbance, from localised to widespread.",How serious the damage or degradation caused by the disturbance is.,Additional comments or information on the condition of the site.,Recommendations to the national heritage authorities on measures to address the disturbance and improve the state of the site.,The date on which the threat assessment was carried out.,The person or organisation that carried out the threat assessment.,The date on which the image used for the threat assessment was taken.,The method or source used to assess the threat or threats affecting the site.,The type of threat identified that may affect the site.,The degree to which the identified threat is affecting the site.,"The estimated likelihood that the identified threat will affect the site, based on the analyst's interpretation of the available evidence.",Additional comments or information on the threats to the site.,Recommendations to the national heritage authorities on measures to address the threat and protect the site.,Any additional information to be recorded about this site.,The licence under which the digital resource may be used or reused.,The level of access permitted for the digital resource.,The person or organisation holding or managing rights associated with the resource.,"Additional information about rights, permissions, restrictions, or copyright status that is not captured by the other rights and access fields.",The recommended citation to use when referring to or reusing the resource.,The name of the individual responsible for creating the resource record.,Any additional information relevant to this resource that the recorder feels should be documented.,The date on which the resource record was created in the database.,The name of the individual that uploaded this resource record to Arches.,The date on which this resource record was added to Arches.,The most recent date on which the resource record was modified.
,Input Instructions (En),Input Instructions (En),Please enter the information as free text.,"Please write the term exactly as recorded in the ""Activity/event types (cv)"" controlled vocabulary.",Please enter the date using the Extended Date/Time Format (EDTF) standard (https://www.loc.gov/standards/datetime/). Avoid the combined '%' qualifier - a known Arches issue drops it on save; '?' and '~' alone work fine.,"Please write the MAEASaM ID of the relevant record from the ""Actor (rm)"" resource instance.",Please provide the geometry as coordinates in Well-Known Text (WKT) format.,"Please write the term exactly as recorded in the ""Geometry qualifiers (cv)"" controlled vocabulary.","Please write the term exactly as recorded in the ""Evidence (cv)"" controlled vocabulary.","Please write the term exactly as recorded in the ""Site shape (cv)"" controlled vocabulary.","Please write the term exactly as recorded in the ""Site descriptive type (cv)"" controlled vocabulary.","Please write the term exactly as recorded in the ""Certainty (cv)"" controlled vocabulary.","Please write the term exactly as recorded in the ""Recording/verification method (cv)"" controlled vocabulary.","Please write the term exactly as recorded in the ""LULC (cv)"" controlled vocabulary.","Please write the term exactly as recorded in the ""Climate zone (cv)"" controlled vocabulary.","Please write the MAEASaM ID of the relevant record from the ""Site (rm)"" resource instance.","Please write the MAEASaM ID of the relevant record from the ""Chronology (rm)"" resource instance.","Please write the term exactly as recorded in the ""Measurement types (cv)"" controlled vocabulary.","Please write the term exactly as recorded in the ""Measurement units (cv)"" controlled vocabulary.",Please enter a numeric value only (no units or additional text).,"Please write the MAEASaM ID of the relevant record from the ""Grid (rm)"" resource instance.","Please write the MAEASaM ID of the relevant record from the ""Grid (rm)"" resource instance.",This field is automatically derived from the linked resource record(s). Leave this field blank.,This field is automatically derived from the linked resource record(s). Leave this field blank.,This field is automatically derived from the linked resource record(s). Leave this field blank.,"Please write the term exactly as recorded in the ""Collection/sampling/survey method (cv)"" controlled vocabulary.",Please enter the date using the Extended Date/Time Format (EDTF) standard (https://www.loc.gov/standards/datetime/). Avoid the combined '%' qualifier - a known Arches issue drops it on save; '?' and '~' alone work fine.,"Please write the MAEASaM ID of the relevant record from the ""Actor (rm)"" resource instance.","Please write the term exactly as recorded in the ""Imagery dataset type (cv)"" controlled vocabulary.",Please enter the date in ISO format (YYYY-MM-DD).,Please enter a numeric value only (no units or additional text).,"Please write the term exactly as recorded in the ""Overall site conditions (cv)"" controlled vocabulary.",Please enter the date using the Extended Date/Time Format (EDTF) standard (https://www.loc.gov/standards/datetime/). Avoid the combined '%' qualifier - a known Arches issue drops it on save; '?' and '~' alone work fine.,"Please write the MAEASaM ID of the relevant record from the ""Actor (rm)"" resource instance.",Please enter the date using the Extended Date/Time Format (EDTF) standard (https://www.loc.gov/standards/datetime/). Avoid the combined '%' qualifier - a known Arches issue drops it on save; '?' and '~' alone work fine.,"Please write the term exactly as recorded in the ""Disturbance cause (cv)"" controlled vocabulary.","Please write the term exactly as recorded in the ""Disturbance frequency (cv)"" controlled vocabulary.","Please write the term exactly as recorded in the ""Disturbance effect (cv)"" controlled vocabulary.","Please write the term exactly as recorded in the ""Extent of impact (cv)"" controlled vocabulary.","Please write the term exactly as recorded in the ""Severity of impact (cv)"" controlled vocabulary.",Please enter the information as free text.,Please enter the information as free text.,Please enter the date using the Extended Date/Time Format (EDTF) standard (https://www.loc.gov/standards/datetime/). Avoid the combined '%' qualifier - a known Arches issue drops it on save; '?' and '~' alone work fine.,"Please write the MAEASaM ID of the relevant record from the ""Actor (rm)"" resource instance.",Please enter the date using the Extended Date/Time Format (EDTF) standard (https://www.loc.gov/standards/datetime/). Avoid the combined '%' qualifier - a known Arches issue drops it on save; '?' and '~' alone work fine.,"Please write the term exactly as recorded in the ""Recording/verification method (cv)"" controlled vocabulary.","Please write the term exactly as recorded in the ""Disturbance cause (cv)"" controlled vocabulary.","Please write the term exactly as recorded in the ""Severity of impact (cv)"" controlled vocabulary.","Please write the term exactly as recorded in the ""Threat probabilities (cv)"" controlled vocabulary.",Please enter the information as free text.,Please enter the information as free text.,Please enter the information as free text.,"Please write the term exactly as recorded in the ""Licences (cv)"" controlled vocabulary.","Please write the term exactly as recorded in the ""Access levels (cv)"" controlled vocabulary.","Please write the MAEASaM ID of the relevant record from the ""Actor (rm)"" resource instance.",Please enter the information as free text.,This field is automatically populated by the system. Leave this field blank.,"Please write the MAEASaM ID of the relevant record from the ""Actor (rm)"" resource instance.",Please enter the information as free text.,Please enter the date in ISO format (YYYY-MM-DD).,"Please write the MAEASaM ID of the relevant record from the ""Actor (rm)"" resource instance.",This field is automatically populated by the system. Leave this field blank.,This field is automatically populated by the system. Leave this field blank.
MAEASaM Scope Note (Fr),Definition (Fr),Definition (Fr),Identifiant unique attribué à chaque ressource. Format : RS-[code pays à 3 lettres]-numéro à 8 chiffres (par exemple RS-SEN-00000001).,"Le type d'activité menée lorsque des données de télédétection sont collectées, documentées ou mises à jour.",La date à laquelle l'activité a eu lieu.,"La personne ou l'organisation ayant participé à la réalisation de l'activité, y ayant contribué ou l'ayant soutenue.",La géométrie spatiale du site identifié au format Well-Known Text (WKT).,"La nature de la géométrie enregistrée (par exemple point central, limite extérieure, zone tampon, centroïde).",Les éléments physiques visibles dans le paysage ayant servi à identifier la zone comme site archéologique ou patrimonial potentiel.,"La forme géométrique générale du site (par exemple circulaire, rectangulaire, ovale).","L'interprétation de la nature ou de la fonction des éléments visibles, fondée sur les indices observés sur l'imagerie.",Le niveau de confiance dans l'interprétation des éléments visibles.,Indique si l'existence ou l'interprétation du site a été vérifiée par une observation ou une prospection au sol.,"L'utilisation ou l'occupation des sols dans la zone où se trouve le site, au moment de l'enregistrement.",La zone climatique dans laquelle se trouve le site.,Un enregistrement de site connu dans la base de données auquel ce site est lié.,La période chronologique à laquelle le site peut être rattaché.,"L'aspect du site ou de l'élément mesuré, tel que la longueur, la largeur, la hauteur, la surface ou la profondeur.","L'unité dans laquelle la valeur de mesure est exprimée, par exemple mètres, centimètres, kilomètres ou hectares.","La valeur numérique de la mesure, à lire avec le type et l'unité de mesure.",Le carré de grille MAEASaM de premier niveau dans lequel se trouve le site.,Le carré de grille MAEASaM de second niveau dans lequel se trouve le site.,La zone administrative dans laquelle se trouve le site.,"Le type officiel de l'unité administrative dans laquelle se trouve le site (par exemple département, province).",Le niveau hiérarchique de l'unité administrative dans laquelle se trouve le site.,La manière dont le site a été prospecté ou identifié (par exemple méthodes systématiques ou non systématiques).,La date à laquelle la prospection a été réalisée.,La personne ou l'organisation ayant réalisé la prospection.,"Le type d'imagerie utilisé pour identifier, analyser ou documenter le site.",La date à laquelle l'image utilisée pour la prospection a été acquise.,"La résolution spatiale de l'imagerie utilisée pour l'analyse, en mètres par pixel.",L'état général de conservation du site au moment de l'évaluation.,La date à laquelle l'évaluation de l'état a été réalisée.,La personne ou l'organisation ayant réalisé l'évaluation de l'état.,La date à laquelle a été prise l'image utilisée pour l'évaluation de l'état.,La principale activité ou le principal processus responsable de la perturbation ou de la dégradation du site.,"La fréquence de la perturbation : événement unique, activité répétée ou processus continu.","L'effet physique de la perturbation sur les vestiges archéologiques, tel que l'enlèvement, l'endommagement ou l'altération d'éléments du site.","La part de la surface du site affectée par la perturbation, de localisée à étendue.",La gravité des dommages ou de la dégradation causés par la perturbation.,Commentaires ou informations supplémentaires sur l'état du site.,Recommandations aux autorités nationales du patrimoine sur les mesures à prendre face à la perturbation et pour améliorer l'état du site.,La date à laquelle l'évaluation de la menace a été réalisée.,La personne ou l'organisation ayant réalisé l'évaluation de la menace.,La date à laquelle a été prise l'image utilisée pour l'évaluation de la menace.,La méthode ou la source utilisée pour évaluer la ou les menaces affectant le site.,Le type de menace identifiée susceptible d'affecter le site.,Le degré auquel la menace identifiée affecte le site.,"La probabilité estimée que la menace identifiée affecte le site, selon l'interprétation des éléments disponibles par l'analyste.",Commentaires ou informations supplémentaires sur les menaces pesant sur le site.,Recommandations aux autorités nationales du patrimoine sur les mesures à prendre face à la menace et pour protéger le site.,Toute information complémentaire à enregistrer au sujet de ce site.,La licence en vertu de laquelle la ressource numérique peut être utilisée ou réutilisée.,Le niveau d'accès autorisé pour la ressource numérique.,La personne ou l'organisation détenant ou gérant les droits associés à la ressource.,"Informations complémentaires sur les droits, autorisations, restrictions ou le statut relatif aux droits d'auteur, non couvertes par les autres champs relatifs aux droits et à l'accès.",La citation recommandée pour faire référence à la ressource ou la réutiliser.,Le nom de la personne responsable de la création de l'enregistrement de la ressource.,Toute information complémentaire relative à la ressource que la personne ayant effectué l'enregistrement juge utile de documenter.,La date à laquelle l'enregistrement de la ressource a été créé dans la base de données.,Le nom de la personne ayant téléversé cet enregistrement de ressource dans Arches.,La date à laquelle cet enregistrement de ressource a été ajouté dans Arches.,La date la plus récente à laquelle l'enregistrement de la ressource a été modifié.
MAEASaM Scope  Note (Ar),Definition (Ar),Definition (Ar),معرّف فريد يُسند إلى كل مورد. الصيغة: RS-[رمز البلد المكوّن من 3 أحرف]-رقم من 8 خانات (مثال: RS-SEN-00000001).,نوع النشاط الذي يُنفَّذ عند جمع بيانات الاستشعار عن بُعد أو توثيقها أو تحديثها.,التاريخ الذي جرى فيه النشاط.,الشخص أو المؤسسة التي شاركت في تنفيذ النشاط أو أسهمت فيه أو دعمته.,الشكل الهندسي المكاني للموقع المحدَّد بصيغة Well-Known Text (WKT).,طبيعة الشكل الهندسي المسجّل (مثل النقطة المركزية أو الحدود الخارجية أو المنطقة العازلة أو المركز الهندسي).,المعالم المادية الظاهرة في المشهد الطبيعي التي استُخدمت لتحديد المنطقة كموقع أثري أو تراثي محتمل.,الشكل الهندسي العام للموقع (مثل الدائري أو المستطيل أو البيضاوي).,تفسير طبيعة المعالم الظاهرة أو وظيفتها، استنادًا إلى الشواهد المرئية في الصور.,مستوى الثقة في تفسير المعالم الظاهرة.,ما إذا كان وجود الموقع أو تفسيره قد تم التحقق منه بالملاحظة أو المسح الميداني.,استخدام الأراضي أو الغطاء الأرضي في المنطقة التي يقع فيها الموقع وقت التسجيل.,المنطقة المناخية التي يقع فيها الموقع.,سجل موقع معروف في قاعدة البيانات يرتبط به هذا الموقع.,الفترة الزمنية التي يمكن إسناد الموقع إليها.,الجانب الذي يُقاس من الموقع أو المَعلم، مثل الطول أو العرض أو الارتفاع أو المساحة أو العمق.,الوحدة التي تُعبَّر بها قيمة القياس، مثل الأمتار أو السنتيمترات أو الكيلومترات أو الهكتارات.,القيمة العددية للقياس، وتُقرأ مع نوع القياس ووحدته.,مربع شبكة MAEASaM من المستوى الأول الذي يقع فيه الموقع.,مربع شبكة MAEASaM من المستوى الثاني الذي يقع فيه الموقع.,المنطقة الإدارية التي يقع فيها الموقع.,النوع الرسمي للوحدة الإدارية التي يقع فيها الموقع (مثل المقاطعة أو الإقليم).,المستوى الهرمي للوحدة الإدارية التي يقع فيها الموقع.,الطريقة التي مُسح بها الموقع أو حُدِّد (مثل الأساليب المنهجية أو غير المنهجية).,التاريخ الذي أُجري فيه المسح.,الشخص أو المؤسسة التي أجرت المسح.,نوع الصور المستخدمة لتحديد الموقع أو تحليله أو توثيقه.,التاريخ الذي التُقطت فيه الصورة المستخدمة في المسح.,الدقة المكانية للصور المستخدمة في التحليل، بالأمتار لكل بكسل.,الحالة العامة لحفظ الموقع وقت التقييم.,التاريخ الذي أُجري فيه تقييم الحالة.,الشخص أو المؤسسة التي أجرت تقييم الحالة.,التاريخ الذي التُقطت فيه الصورة المستخدمة في تقييم الحالة.,النشاط أو العملية الرئيسية المسؤولة عن إلحاق الاضطراب أو الضرر بالموقع.,مدى تكرار الاضطراب: حدث واحد أو نشاط متكرر أو عملية مستمرة.,الأثر المادي للاضطراب على البقايا الأثرية، مثل إزالة معالم الموقع أو إتلافها أو تغييرها.,مقدار مساحة الموقع المتأثرة بالاضطراب، من محدود إلى واسع الانتشار.,مدى خطورة الضرر أو التدهور الناتج عن الاضطراب.,تعليقات أو معلومات إضافية عن حالة الموقع.,توصيات إلى السلطات الوطنية المعنية بالتراث بشأن التدابير اللازمة لمعالجة الاضطراب وتحسين حالة الموقع.,التاريخ الذي أُجري فيه تقييم التهديد.,الشخص أو المؤسسة التي أجرت تقييم التهديد.,التاريخ الذي التُقطت فيه الصورة المستخدمة في تقييم التهديد.,الطريقة أو المصدر المستخدم لتقييم التهديد أو التهديدات التي تمس الموقع.,نوع التهديد المحدَّد الذي قد يؤثر في الموقع.,الدرجة التي يؤثر بها التهديد المحدَّد في الموقع.,الاحتمال المقدَّر لأن يؤثر التهديد المحدَّد في الموقع، استنادًا إلى تفسير المحلّل للأدلة المتاحة.,تعليقات أو معلومات إضافية عن التهديدات التي تواجه الموقع.,توصيات إلى السلطات الوطنية المعنية بالتراث بشأن التدابير اللازمة لمواجهة التهديد وحماية الموقع.,أي معلومات إضافية ينبغي تسجيلها عن هذا الموقع.,الترخيص الذي يمكن بموجبه استخدام المورد الرقمي أو إعادة استخدامه.,مستوى الوصول المسموح به إلى المورد الرقمي.,الشخص أو المؤسسة التي تملك الحقوق المرتبطة بالمورد أو تديرها.,معلومات إضافية عن الحقوق أو الأذونات أو القيود أو وضع حقوق النشر لا تغطيها حقول الحقوق والوصول الأخرى.,الاستشهاد الموصى باستخدامه عند الإشارة إلى المورد أو إعادة استخدامه.,اسم الشخص المسؤول عن إنشاء سجل المورد.,أي معلومات إضافية ذات صلة بهذا المورد يرى المسجّل أنه ينبغي توثيقها.,التاريخ الذي أُنشئ فيه سجل المورد في قاعدة البيانات.,اسم الشخص الذي رفع سجل المورد هذا إلى Arches.,التاريخ الذي أُضيف فيه سجل المورد هذا إلى Arches.,أحدث تاريخ عُدّل فيه سجل المورد.
MAEASaM Scope  Note (Pt),Definition (Pt),Definition (Pt),"Identificador único atribuído a cada recurso. Formato: RS-[código do país com 3 letras]-número de 8 dígitos (por exemplo, RS-SEN-00000001).","O tipo de atividade realizada quando os dados de deteção remota são recolhidos, documentados ou atualizados.",A data em que a atividade teve lugar.,"A pessoa ou organização envolvida na realização da atividade, que contribuiu para ela ou a apoiou.",A geometria espacial do sítio identificado em formato Well-Known Text (WKT).,"A natureza da geometria registada (por exemplo, ponto central, limite exterior, zona tampão, centroide).",Os elementos físicos visíveis na paisagem utilizados para identificar a área como potencial sítio arqueológico ou patrimonial.,"A forma geométrica geral do sítio (por exemplo, circular, retangular, oval).","A interpretação da natureza ou função dos elementos visíveis, com base nos indícios observados nas imagens.",O nível de confiança na interpretação dos elementos visíveis.,Indica se a existência ou a interpretação do sítio foi verificada por observação ou prospeção no terreno.,"O uso ou a ocupação do solo na área onde o sítio se situa, no momento do registo.",A zona climática em que o sítio se situa.,Um registo de sítio conhecido na base de dados ao qual este sítio está ligado.,O período cronológico a que o sítio pode ser atribuído.,"O aspeto do sítio ou do elemento que é medido, como o comprimento, a largura, a altura, a área ou a profundidade.","A unidade em que o valor da medição é expresso, como metros, centímetros, quilómetros ou hectares.","O valor numérico da medição, a ler em conjunto com o tipo e a unidade de medida.",A quadrícula da grelha MAEASaM de primeiro nível em que o sítio se situa.,A quadrícula da grelha MAEASaM de segundo nível em que o sítio se situa.,A área administrativa em que o sítio se situa.,"O tipo oficial da unidade administrativa em que o sítio se situa (por exemplo, departamento, província).",O nível hierárquico da unidade administrativa em que o sítio se situa.,"A forma como o sítio foi prospetado ou identificado (por exemplo, métodos sistemáticos ou não sistemáticos).",A data em que a prospeção foi realizada.,A pessoa ou organização que realizou a prospeção.,"O tipo de imagens utilizado para identificar, analisar ou documentar o sítio.",A data em que foi adquirida a imagem utilizada na prospeção.,"A resolução espacial das imagens utilizadas na análise, em metros por píxel.",O estado geral de conservação do sítio no momento da avaliação.,A data em que a avaliação do estado foi realizada.,A pessoa ou organização que realizou a avaliação do estado.,A data em que foi captada a imagem utilizada na avaliação do estado.,A principal atividade ou processo responsável pela perturbação ou dano do sítio.,"A frequência da perturbação: um evento único, uma atividade repetida ou um processo contínuo.","O efeito físico da perturbação nos vestígios arqueológicos, como a remoção, o dano ou a alteração de elementos do sítio.","A proporção da área do sítio afetada pela perturbação, de localizada a generalizada.",A gravidade dos danos ou da degradação causados pela perturbação.,Comentários ou informações adicionais sobre o estado do sítio.,Recomendações às autoridades nacionais do património sobre medidas para responder à perturbação e melhorar o estado do sítio.,A data em que a avaliação da ameaça foi realizada.,A pessoa ou organização que realizou a avaliação da ameaça.,A data em que foi captada a imagem utilizada na avaliação da ameaça.,O método ou a fonte utilizada para avaliar a ameaça ou ameaças que afetam o sítio.,O tipo de ameaça identificada que pode afetar o sítio.,O grau em que a ameaça identificada está a afetar o sítio.,"A probabilidade estimada de a ameaça identificada afetar o sítio, com base na interpretação que o analista faz das provas disponíveis.",Comentários ou informações adicionais sobre as ameaças ao sítio.,Recomendações às autoridades nacionais do património sobre medidas para responder à ameaça e proteger o sítio.,Qualquer informação adicional a registar sobre este sítio.,A licença ao abrigo da qual o recurso digital pode ser utilizado ou reutilizado.,O nível de acesso permitido ao recurso digital.,A pessoa ou organização que detém ou gere os direitos associados ao recurso.,"Informação adicional sobre direitos, autorizações, restrições ou estatuto de direitos de autor não abrangida pelos outros campos de direitos e acesso.",A citação recomendada a utilizar ao referir ou reutilizar o recurso.,O nome da pessoa responsável pela criação do registo do recurso.,Qualquer informação adicional relevante para este recurso que o responsável pelo registo considere que deve ser documentada.,A data em que o registo do recurso foi criado na base de dados.,O nome da pessoa que carregou este registo do recurso no Arches.,A data em que este registo do recurso foi adicionado ao Arches.,A data mais recente em que o registo do recurso foi modificado.
Example 1,Example 1,Example 1,RS-SEN-00000001,Remote sensing,2026-03-02,ACT-00000034,POINT (24.5353765284484 13.3346151093385 0),Centroid,Surface pattern,Irregular,Enclosure,Low,Verified,Grassland,Arid,SITE-ZWE-00001020,CHRN-00000343,Length,Metre (m),10.22,GRID-00004117,,Koumpentoum,Department,Level 2,Transect sampling,2022-07-27,ACT-00000034,Satellite multispectral imagery (generic),2023-11-27,30,Good,2025-07-02,ACT-00000037,2023-01-27,Agricultural activities,Yearly,Artefact displacement,Small loss,High,,Consult with local communities regarding initiatives that can help them to protect the site.,2022-03-24,ACT-00000056,2016-05-26,Google Earth imagery inspection,Climate change,Minor,Probable,,Consult with local communities regarding initiatives that can help them to protect the site.,Nearest farms are 10km away and farm expansion is slow.,CC BY-NC-SA,Public,ACT-00000062,,,ACT-00000037,,2022-07-27,ACT-00000056,This field is automatically populated by the system. Leave this field blank,This field is automatically populated by the system. Leave this field blank
Example 2,Example 2,Example 2,RS-SEN-00000925,Visual inspection,2025-12-12,ACT-00000037,"POLYGON ((30.82 21.35 0, 30.83 21.35 0, 30.83 21.36 0, 30.82 21.36 0, 30.82 21.35 0))",Outline,Positive/Built Feature,Oval,Megalithic site,High,Not verified,Cultivated,Tropical,,CHRN-00000368,Area,Centimetre (cm),,,,Koungheul,Province,Level 1,Legacy data check,2022-10-25,,Google Earth Pro,2011-08-12,,Partially damaged,2022-10-25,ACT-00000034,,Looting,Every 10 years,Collapse,1-10%,Moderate,,Site needs to have a fence surrounding its perimeter,2022-10-25,ACT-00000037,2019-08-08,,Agricultural activities,High,Possible,,Site needs to have a fence surrounding its perimeter,Surrounding area undergoing development but regulatory procedures have been enacted to mitigate any damage to the site.,,,,,,,,,,,
,,,,,,,,,,,,,,,,,,,,,,,,,,,,,,,,,,,,,,,,,,,,,,,,,,,,,,,,,,,,,,,
,,,,,,,,,,,,,,,,,,,,,,,,,,,,,,,,,,,,,,,,,,,,,,,,,,,,,,,,,,,,,,,
,,,,,,,,,,,,,,,,,,,,,,,,,,,,,,,,,,,,,,,,,,,,,,,,,,,,,,,,,,,,,,,
,,,,,,,,,,,,,,,,,,,,,,,,,,,,,,,,,,,,,,,,,,,,,,,,,,,,,,,,,,,,,,,
,,,,,,,,,,,,,,,,,,,,,,,,,,,,,,,,,,,,,,,,,,,,,,,,,,,,,,,,,,,,,,,
Data Type Legend,,,,,,,,,,,,,,,,,,,,,,,,,,,,,,,,,,,,,,,,,,,,,,,,,,,,,,,,,,,,,,,
String,,,,,,,,,,,,,,,,,,,,,,,,,,,,,,,,,,,,,,,,,,,,,,,,,,,,,,,,,,,,,,,
Semantic,,,,,,,,,,,,,,,,,,,,,,,,,,,,,,,,,,,,,,,,,,,,,,,,,,,,,,,,,,,,,,,
GeoJSON-feature-collection,,,,,,,,,,,,,,,,,,,,,,,,,,,,,,,,,,,,,,,,,,,,,,,,,,,,,,,,,,,,,,,
Date,,,,,,,,,,,,,,,,,,,,,,,,,,,,,,,,,,,,,,,,,,,,,,,,,,,,,,,,,,,,,,,
Resource-Instance-List,,,,,,,,,,,,,,,,,,,,,,,,,,,,,,,,,,,,,,,,,,,,,,,,,,,,,,,,,,,,,,,
Number,,,,,,,,,,,,,,,,,,,,,,,,,,,,,,,,,,,,,,,,,,,,,,,,,,,,,,,,,,,,,,,
Concept-list,,,,,,,,,,,,,,,,,,,,,,,,,,,,,,,,,,,,,,,,,,,,,,,,,,,,,,,,,,,,,,,
Node,,,,,,,,,,,,,,,,,,,,,,,,,,,,,,,,,,,,,,,,,,,,,,,,,,,,,,,,,,,,,,,
URL,,,,,,,,,,,,,,,,,,,,,,,,,,,,,,,,,,,,,,,,,,,,,,,,,,,,,,,,,,,,,,,
Boolean,,,,,,,,,,,,,,,,,,,,,,,,,,,,,,,,,,,,,,,,,,,,,,,,,,,,,,,,,,,,,,,
File-list,,,,,,,,,,,,,,,,,,,,,,,,,,,,,,,,,,,,,,,,,,,,,,,,,,,,,,,,,,,,,,,
,,,,,,,,,,,,,,,,,,,,,,,,,,,,,,,,,,,,,,,,,,,,,,,,,,,,,,,,,,,,,,,
,,,,,,,,,,,,,,,,,,,,,,,,,,,,,,,,,,,,,,,,,,,,,,,,,,,,,,,,,,,,,,,
,,,,,,,,,,,,,,,,,,,,,,,,,,,,,,,,,,,,,,,,,,,,,,,,,,,,,,,,,,,,,,,
Country,Code,,,,,,,,,,,,,,,,,,,,,,,,,,,,,,,,,,,,,,,,,,,,,,,,,,,,,,,,,,,,,,
Benin,BEN,,,,,,,,,,,,,,,,,,,,,,,,,,,,,,,,,,,,,,,,,,,,,,,,,,,,,,,,,,,,,,
Botswana,BWA,,,,,,,,,,,,,,,,,,,,,,,,,,,,,,,,,,,,,,,,,,,,,,,,,,,,,,,,,,,,,,
Democratic Republic of the Congo,COD,,,,,,,,,,,,,,,,,,,,,,,,,,,,,,,,,,,,,,,,,,,,,,,,,,,,,,,,,,,,,,
Ethiopia,ETH,,,,,,,,,,,,,,,,,,,,,,,,,,,,,,,,,,,,,,,,,,,,,,,,,,,,,,,,,,,,,,
Ghana,GHA,,,,,,,,,,,,,,,,,,,,,,,,,,,,,,,,,,,,,,,,,,,,,,,,,,,,,,,,,,,,,,
Guinea-Bissau,GNB,,,,,,,,,,,,,,,,,,,,,,,,,,,,,,,,,,,,,,,,,,,,,,,,,,,,,,,,,,,,,,
Kenya,KEN,,,,,,,,,,,,,,,,,,,,,,,,,,,,,,,,,,,,,,,,,,,,,,,,,,,,,,,,,,,,,,
Mali,MLI,,,,,,,,,,,,,,,,,,,,,,,,,,,,,,,,,,,,,,,,,,,,,,,,,,,,,,,,,,,,,,
Mozambique,MOZ,,,,,,,,,,,,,,,,,,,,,,,,,,,,,,,,,,,,,,,,,,,,,,,,,,,,,,,,,,,,,,
Nigeria,NGA,,,,,,,,,,,,,,,,,,,,,,,,,,,,,,,,,,,,,,,,,,,,,,,,,,,,,,,,,,,,,,
Senegal,SEN,,,,,,,,,,,,,,,,,,,,,,,,,,,,,,,,,,,,,,,,,,,,,,,,,,,,,,,,,,,,,,
Sudan,SDN,,,,,,,,,,,,,,,,,,,,,,,,,,,,,,,,,,,,,,,,,,,,,,,,,,,,,,,,,,,,,,
Tanzania,TZA,,,,,,,,,,,,,,,,,,,,,,,,,,,,,,,,,,,,,,,,,,,,,,,,,,,,,,,,,,,,,,
The Gambia,GMB,,,,,,,,,,,,,,,,,,,,,,,,,,,,,,,,,,,,,,,,,,,,,,,,,,,,,,,,,,,,,,
Togo,TGO,,,,,,,,,,,,,,,,,,,,,,,,,,,,,,,,,,,,,,,,,,,,,,,,,,,,,,,,,,,,,,
Zimbabwe,ZWE,,,,,,,,,,,,,,,,,,,,,,,,,,,,,,,,,,,,,,,,,,,,,,,,,,,,,,,,,,,,,,
