Hierarchy 1 en,Hierarchy 2 en,Hierarchy 3 en,Hierarchy 4 en,Hierarchy 4 alternative en,Hierarchy 5 en,Hierarchy 6 en,Hierarchy 7 en,Hierarchy 8 en
,,,,,,,,
Site related activity/event ,Intrusive event,,,,,,,
,,Archaeological intervention,,,,,,
,,,Auger survey (archaeological),,,,,
,,,Borehole survey (archaeological),,,,,
,,,Evaluation,,,,,
,,,,,Test pit,,,
,,,,,Trial trench,,,
,,,,,Underwater evaluation,,,
,,,,,,,,
,,,Excavation,,,,,
,,,,,Box trenching,,,
,,,,,Open area excavation,,,
,,,,,Rescue excavation,,,
,,,,,Research excavation,,,
,,,,,Strip map and sample,,,
,,,,,Underwater excavation,,,
,,,,,,,,
,,,Field observation (monitoring),,,,,
,,,Grab sampling,,,,,
,,,Metal detecting use (archaeological),,,,,
,,,Salvage recording,,,,,
,,,Watching brief,,,,,
,,,,,,,,
,,Environmental intervention,,,,,,
,,,Auger survey (environmental),,,,,
,,,Borehole survey (environmental),,,,,
,,,Dendrochronological survey,,,,,
,,,Environmental sampling,,,,,
,,,,,Archaeomagnetic sampling,,,
,,,,,Core sampling,,,
,,,,,,Gravity core,,
,,,,,,Vibro core,,
,,,,,,,,
,,,,,Monolith sampling,,,
,,,,,,,,
,,,Geochemical survey,,,,,
,,,,,Phosphate survey,,,
,,,,,X Ray fluorescence survey,,,
,,,,,,,,
,,,Timber sampling,,,,,
,,,,,,,,
,,,,,,,,
,,Non archaeological intervention,,,,,,
,,,Auger survey (non archaeological),,,,,
,,,Borehole survey (non archaeological),,,,,
,,,Building,,,,,
,,,Casual observation,,,,,
,,,Geotechnical survey,,,,,
,,,,,Geotechnical test pit,,,
,,,,,,,,
,,,Metal detecting use (non archaeological),,,,,
,,,,,,,,
,Non-intrusive event,,,,,,,
,,Assessment and analysis,,,,,,
,,,Aerial photograph interpretation,,,,,
,,,Airborne laser scanning survey,,,,,
,,,Automated object detection,,,,,
,,,Building fabric analysis,,,,,
,,,Condition survey,Condition assessment,,,,
,,,Conservation area appraisal,,,,,
,,,Desk based assessment,,,,,
,,,Documentary research,,,,,
,,,Environmental impact assessment,,,,,
,,,Heritage assessment,,,,,
,,,Historic area assessment,,,,,
,,,Historic landscape characterisation,,,,,
,,,Historic seascape characterisation,,,,,
,,,Historic urban characterisation,,,,,
,,,Landscape survey,,,,,
,,,Management survey,,,,,
,,,Post excavation assessment,,,,,
,,,Remote sensing image interpretation,,,,,
,,,,,Visual inspection,,,
,,,,,Site detection,,,
,,,Thematic survey,,,,,
,,,,,,,,
,,,,,,,,
,,Observation,,,,,,
,,,Antiquarian observation,,,,,
,,,Diver inspection,,,,,
,,,Field observation (visual assessment),,,,,
,,,Field visit,,,,,
,,,,,,,,
,,,,,,,,
,,Remote sensing,,,,,,
,,,Aerial reconnaissance,,,,,
,,,,,Aerial photography,,,
,,,,,,Conventional aerial photography,,
,,,,,,Multi spectral aerial photography,Infrared aerial photography,
,,,,,,,Infrared line scan aerial photography,
,,,,,,,Infrared thermography survey,
,,,,,,,,
,,,,,Airborne laser scanning (LiDAR) survey,,,
,,,Satellite imaging,,,,,
,,,,,,,,
,,,,,,,,
,,,,,,,,
,,,,,,,,
,,,Satellite image interpretation,,,,,
,,,,,Image enhancement,Radiometric enhancement,Contrast stretching,
,,,,,,,Histogram equalization,
,,,,,,Spectral enhancement,Indices,
,,,,,,,Band composite,
,,,,,,,Principal component analysis,
,,,,,,Spatial enhancement,Image fusion,
,,,,,,,Filters,
,,,,,,,Pan sharpening,
,,,,,,,,
,,,,,Image classification,,,
,,,,,,Supervised learning,Distribution,Logistic Regression
,,,,,,,,Decision tree
,,,,,,,,Support Vector Machine
,,,,,,,,Ensemble methods
,,,,,,,,Hyprid approches
,,,,,,,,Pixel-based classification
,,,,,,,,Object-based classification
,,,,,,,Statistical,
,,,,,,,,Parametric
,,,,,,,,Non parametric
,,,,,,,,
,,,,,,,,
,,,,,,Unsupervised learning,,K-mean clustring
,,,,,,,,Spectral clustring
,,,,,,,,Fuzzy C-mean
,,,,,,,,Reinforecement learning
,,,,,,,,
,,,,,,Deep learning algorithims,Generative method,Deep belief network(DBNs)
,,,,,,,,Deep autoencoder
,,,,,,,,Deep boltzman machine (DBMs)
,,,,,,,Hybrid methoda,
,,,,,,,,Deep neural network ( DNNs)
,,,,,,,,Optimization methods
,,,,,,,,Grey wolf optimization
,,,,,,,,Yolo
,,,,,,,Discriminitive method,
,,,,,,,,Transfer learning
,,,,,,,,Conventional Neutral network
,,,,,,,,AlexNet
,,,,,,,,ResNet
,,,,,,,,GoogleNet
,,,,,,,,MobileNet
,,,,,,,,Artificial neutral network
,,,,,,,,Deep stacking network
,,,,,,,,
,,,,,Object detection,,,
,,,,,,Template matching,Scale invariant feature transform SIFT,
,,,,,,,Oriented fast and rotated brief orb,
,,,,,,,FLAN based matcher,
,,,,,,,,
,,,,,,,,
,,,Terrain mapping from aerial photography,,,,,
,,,Underwater remote operated vehicle survey,,,,,
,,,,,,,,
,,,,,,,,
,,Survey,,,,,,
,,,Aerial investigation and mapping,,,,,
,,,Airborne laser scanning interpretation,,,,,
,,,Analytical earthwork survey,,,,,
,,,Arborglyph survey,,,,,
,,,Architectural survey,,,,,
,,,Bosing survey,,,,,
,,,Buildings recording and investigation,,,,,
,,,,,,,,
,,,,,Building investigation ,,,
,,,,,,Basic building survey ,,
,,,,,,Buildings appraisal,,
,,,,,,Comprehensive building survey ,,
,,,,,,Detailed building survey ,,
,,,,,,Enhanced building survey ,,
,,,Building survey,,,,,
,,,Dowsing survey,,,,,
,,,Field survey,,,,,
,,,Fieldwalking survey,,,,,
,,,,,Systematic fieldwalking survey,,,
,,,,,Unsystematic fieldwalking survey,,,
,,,,,,,,
,,,Geomorphological survey,,,,,
,,,Geophysical survey,,,,,
,,,,,3d Seismic survey,,,
,,,,,Acoustic ground discriminating system,,,
,,,,,Earth resistance (resistivity) survey,,,
,,,,,Electrical resistivity tomography,,,
,,,,,Electromagnetic survey,,,
,,,,,Ground penetrating radar survey,,,
,,,,,Magnetic susceptibility survey,,,
,,,,,Magnetometry survey,,,
,,,,,Microgravity survey,,,
,,,,,Seismic survey,,,
,,,,,Sonar survey,,,
,,,,,,Bathymetric survey,,
,,,,,,Multi beam echo sounder survey,,
,,,,,,Side scan sonar survey,,
,,,,,,Single beam echo sounder survey,,
,,,,,,Sub bottom profiling survey,,
,,,Graveyard survey,,,,,
,,,Hedgerow survey,,,,,
,,,Laser scanning survey,,,,,
,,,Measured survey,,,,,
,,,Metal detecting survey,,,,,
,,,Photographic recording,,,,,
,,,Photographic survey,,,,,
,,,,,Photogrammetric survey,,,
,,,,,Rectified photographic survey,,,
,,,Topographic survey,,,,,
,,,Underwater survey,,,,,
,,,Walkover survey,,,,,
,,,,,,,,
Management related activity/event,,,,,,,,
,Building,,,,,,,
,Fencing,,,,,,,
,Repair,,,,,,,
,Restoration/conservation,,,,,,,
,Gate construction,,,,,,,
,Conservation,,,,,,,
,,,,,,,,
,,,,,,,,
,,,,,,,,
,,,,,,,,
,,,,,,,,
,,,,,,,,
,,,,,,,,
,,,,,,,,
,,,,,,,,
,,,,,,,,
Record related activity/event,,,,,,,,
,Cleaning,,,,,,,
,Adding,,,,,,,
,Deleting,,,,,,,
,Amending,,,,,,,
,Initial Arches record entry,,,,,,,
,Legacy record entry,,,,,,,
,,,,,,,,
,,,,,,,,
,,,,,,,,
Other activity/event,Donation,,,,,,,
