Hierarchy 1 en,Hierarchy 1 alternative en,Hierarchy 1 translation in fr,Hierarchy 1 description en,Hierarchy 1 description fr,Hierarchy 1 ar,Hierarchy 1 description ar
Communal,,,An individual/s that represent an community that can be regarded as being a shareholder in the heritage site,Une ou plusieurs personnes représentant une communauté qui peut être considérée comme un actionnaire du site patrimonial,,
Custodian,Guard,,"An individual designated by the museum director to have primary responsibility for the preservation, care and maintenance of museum property and providing guided tours to heritage/archaeological sites.","Personne désignée par le directeur du musée pour assumer la responsabilité principale de la préservation, de l'entretien et de la maintenance des biens du musée, ainsi que des visites guidées des sites patrimoniaux/archéologiques.",,
External researcher,,,A researcher who is not part of the direct MAEASaM team or the collaborating institutions,Un chercheur qui ne fait pas partie de l'équipe directe de MAEASaM ou des institutions collaboratrices,,
Government,,,An individual or department that forms part of the governing authority structure,Une personne ou un service qui fait partie de la structure de l'autorité gouvernante,,
Independent research institute,,,An institute which carries out academic research but which is not a university or part of a university (e.g. has little or no teaching),"Un institut qui effectue des recherches académiques mais qui n'est pas une université ou une partie d'une université (par exemple, qui n'enseigne pas ou peu).",,
Informant,,,An individual who is not directly working for a national heritage body/museum but reports the existence of a heritage site in their area to the museum ,"Une personne qui ne travaille pas directement pour un organisme/musée du patrimoine national, mais qui signale au musée l'existence d'un site patrimonial dans sa région. ",,
Institution,,,"An organization founded for a specific purpose (religious, educational, professional, or social)","Une organisation qui a un but précis (religieux, éducatif, professionnel ou social).",,
MAEASaM affiliate,,,"A person affiliated with the MAEASaM project (and therefore not entirely an external researcher), but who is not either a direct member of the team or a member of a partner institution. Intended as a catch-all - if these other terms are applicable, use them instead.","Une personne affiliée au projet MAEASaM (et qui n'est donc pas entièrement un chercheur externe), mais qui n'est ni un membre direct de l'équipe ni un membre d'une institution partenaire. Il s'agit d'un terme fourre-tout - si ces autres termes sont applicables, utilisez-les à la place.",,
MAEASaM team member,,,"A person who is working directly for the MAEASaM team, or who has worked for them in the past",Une personne qui travaille directement pour l'équipe MAEASaM ou qui a travaillé pour elle dans le passé.,,
Museum,,,"An institution which stores and exhibits items considered to be of public interest due to their historical, cultural, scientific, or artistic value","Une institution qui conserve et expose des objets considérés d'intérêt public en raison de leur valeur historique, culturelle, scientifique ou artistique.",,
National heritage body,,,The section of a country's government which is responsible for the cultural and historical (and sometimes also natural) heritage within that particular country,La section du gouvernement d'un pays qui est responsable du patrimoine culturel et historique (et parfois aussi naturel) dans un pays particulier.,,
No information,,,,,,
Non-government,,,"An institution or individual that can be regarded as a shareholder in the heritage site, but does not form part of the government structure","Une institution ou un individu qui peut être considéré comme un actionnaire du site patrimonial, mais qui ne fait pas partie de la structure gouvernementale.",,
Other,,,An individual/s or organization that are shareholders in the heritage site but do not match any of the other categories,Une personne ou une organisation qui est actionnaire du site patrimonial mais qui ne correspond à aucune des autres catégories.,,
Partner institution team member,,,"A person who is not working directly for the MAEASaM team, but who works for a partner institution of the project, such as a national heritage body/museum","Une personne qui ne travaille pas directement pour l'équipe MAEASaM, mais qui travaille pour une institution partenaire du projet.",,
Project,,,,,,
Student,,,A person who is studying at a university or other place of higher education or a school pupil,"Une personne qui étudie dans une université ou un autre établissement d'enseignement supérieur, ou un écolier.",,
University,,,A place of higher education which both teaches students and carries out research,Un établissement d'enseignement supérieur qui dispense des cours aux étudiants et effectue de la recherche.,,
