Hierarchy 1 en,Hierarchy 1 alternative en ,Hierarchy 1 description en,Hierarchy 1 description fr,Hierarchy 1 source en,Hierarchy 2 en,Hierarchy 2 alternative en ,Hierarchy 2 description en,Hierarchy 2 description fr,Hierarchy 2 source en
Built-up,Developed,"This category includes all developed land, including transportation infrastructure and human settlements of any size, unless they are already included under other categories. This should be consistent with the selection of the national definitions","Cette catégorie comprend toutes les terres aménagées, y compris les infrastructures de transport et les établissements humains de toute taille, à moins qu'ils ne soient déjà inclus dans d'autres catégories. Cela devrait être cohérent avec la sélection des définitions nationales.",https://www.mrlc.gov/data/legends/national-land-cover-database-class-legend-and-description,,,,,
,,,,,Built up urban,,"An urban area is characterized by high human population density and vast human-built features in contrast to the areas surrounding it. Urban areas may be cities, towns or conurbations.",Une zone urbaine se caractérise par une forte densité de population et de vastes constructions humaines qui contrastent avec les zones environnantes. Les zones urbaines peuvent être des villes ou des agglomérations.,https://vegetationmap4africa.org/species/Tree_Species_Africa/
,,,,,Built up rural,,The rural built-up area is characterized by agricultural and allied sectors and non-commercial activities with low population density. Characterized by villages and dispersed households.,La zone bâtie rurale est caractérisée par des secteurs agricoles et connexes et des activités non commerciales avec une faible densité de population. Caractérisée par des villages et des ménages dispersés.,https://vegetationmap4africa.org/species/Tree_Species_Africa/
,,,,,Industrial,,Industrial areas include a wide array of land uses from light manufacturing to heavy manufacturing plants.,"Les zones industrielles comprennent un large éventail d'utilisations des sols, allant de l'industrie légère à l'industrie lourde.","https://www.state.nj.us/dep/gis/digidownload/metadata/lulc02/codelist2002.html#:~:text=The%20Anderson%20et%20al.,and%20Level%20IV%2C%20most%20detailed."
,,,,,Residential,,"Residential land uses range from high density, represented by the multiple-unit structures of urban cores, to low density, where houses are on lots of more than an acre, on the periphery of urban expansion.","L'utilisation des sols à des fins résidentielles va de la haute densité, représentée par les structures à logements multiples des centres urbains, à la faible densité, où les maisons sont situées sur des terrains de plus d'un acre, à la périphérie de l'expansion urbaine.","https://www.state.nj.us/dep/gis/digidownload/metadata/lulc02/codelist2002.html#:~:text=The%20Anderson%20et%20al.,and%20Level%20IV%2C%20most%20detailed."
Barren,,"Areas of bedrock, desert pavement, scarps, talus, slides, volcanic material, glacial debris, sand dunes, strip mines, gravel pits, and other accumulations of earthen material. Generally, vegetation accounts for less than 15% of total cover.","Zones de substratum rocheux, de pavement désertique, d'escarpements, d'éboulis, de glissements, de matériaux volcaniques, de débris glaciaires, de dunes de sable, de mines à ciel ouvert, de gravières et d'autres accumulations de matériaux terreux. En général, la végétation représente moins de 15 % de la couverture totale.",https://www.mrlc.gov/data/legends/national-land-cover-database-class-legend-and-description,,,,,
,,,,,Bare rock or soil,,"Natural areas of exposed sand, soil or rock with little or no vegetation cover during any time of the year. Examples include rock outcrops, dune and beach sand, dry river bed material and gravel plains.","Zones naturelles de sable, de sol ou de roche exposés, avec peu ou pas de couverture végétale à n'importe quel moment de l'année. Il s'agit par exemple d'affleurements rocheux, de dunes et de plages de sable, de lits de rivières asséchés et de plaines de gravier.",https://www.mrlc.gov/data/legends/national-land-cover-database-class-legend-and-description
,,,,,Degraded land,,"Permanent or seasonal, man-induced areas of very low vegetation cover i.e. removal of tree, bush and/or herbaceous cover in comparison with the surrounding natural vegetation cover. Category includes major erosion scars i.e. sheet and gully erosion.","Zones permanentes ou saisonnières où la couverture végétale est très faible du fait de l'action de l'homme, c'est-à-dire de la disparition de la couverture d'arbres, de buissons et/ou d'herbacées par rapport à la couverture végétale naturelle environnante. Cette catégorie comprend les principales cicatrices d'érosion, c'est-à-dire l'érosion en nappe et l'érosion par ravinement.",https://www.mrlc.gov/data/legends/national-land-cover-database-class-legend-and-description
Bushland and thicket,,Bushland is an open stand of bushes (usually between 3 and 7 m tall) with a canopy cover of 40 percent or more. Thicket is a closed stand of bushes and climbers usually between 3 and 7 m tall.,Le bush est un peuplement ouvert de buissons (généralement entre 3 et 7 m de haut) avec une couverture de 40 % ou plus. Le fourré est un peuplement fermé de buissons et de plantes grimpantes mesurant généralement entre 3 et 7 m de haut.,https://www.mrlc.gov/data/legends/national-land-cover-database-class-legend-and-description,,,,,
,,,,,Thicket,,Areas of densely interlaced trees and shrub species (often forming an impenetrable community). Composed of multi-stemmed plants with no clearly definable structure or layers with > 70% cover.,Zones d'arbres et d'arbustes densément entrelacés (formant souvent une communauté impénétrable). Composé de plantes à tiges multiples sans structure ou couches clairement définissables avec une couverture de plus de 70 %.,https://www.mrlc.gov/data/legends/national-land-cover-database-class-legend-and-description
,,,,,Bushland,,Similar to thicket but more open in terms of canopy cover levels. Composed of multi-stemmed pants with no clearly definable structure and with <70% cover.,Semblable au fourré mais plus ouvert en termes de niveau de couverture. Composé de plantes à tiges multiples sans structure clairement définissable et avec un taux de couverture inférieur à 70 %.,https://www.mrlc.gov/data/legends/national-land-cover-database-class-legend-and-description
,,,,,Scrub,,"Vegetation intermediate in structure between true forest and thicket. A multi-layered community with interlocking canopies, with > 70% cover","Végétation dont la structure est intermédiaire entre celle d'une véritable forêt et celle d'un fourré. Communauté à plusieurs niveaux avec des canopées imbriquées, avec une couverture de plus de 70 %.",https://www.mrlc.gov/data/legends/national-land-cover-database-class-legend-and-description
Cultivated,,"Areas characterized by herbaceous vegetation that has been planted or is intensively managed to produce food, feed, or fiber, or is maintained in developed settings for specific purposes. Herbaceous vegetation accounts for 75% to 100% of the cover.","Zones caractérisées par une végétation herbacée qui a été plantée ou qui est gérée de manière intensive pour produire des denrées alimentaires, des aliments pour animaux ou des fibres, ou qui est maintenue dans des environnements aménagés à des fins spécifiques. La végétation herbacée représente 75 à 100 % de la couverture.",https://www.mrlc.gov/data/legends/national-land-cover-database-class-legend-and-description,,,,,
,,,,,Permanent cropland,,"Lands cultivated with crops that ocupy the area for long periods and are not replanted after harvest. E.g. tea plantations, sugar cane, nuts, orchards.","Terres cultivées avec des cultures qui occupent la zone pendant de longues périodes et ne sont pas replantées après la récolte. Par exemple, les plantations de thé, la canne à sucre, les noix, les vergers.",https://www.mrlc.gov/data/legends/national-land-cover-database-class-legend-and-description
,,,,,Temporary cropland,,"Land under temporary crops (annuals) that is harvested at the completion of the groeing season, that remain idle untol replanted. E.g. maize, wheat, legumes, potatoes, onions and lucerne.","Terres consacrées aux cultures temporaires (annuelles) qui sont récoltées à la fin de la saison agricole et qui restent inutilisées sans être replantées. Par exemple, le maïs, le blé, les légumineuses, les pommes de terre, les oignons et la luzerne.",https://www.mrlc.gov/data/legends/national-land-cover-database-class-legend-and-description
Forest,Tree Cover,"Areas characterized by tree cover (natural or semi-natural woody vegetation, generally more than 6 meters tall); tree canopy accounts for 25% to 100% of the cover.","Zones caractérisées par un couvert arboré (végétation ligneuse naturelle ou semi-naturelle, généralement de plus de 6 mètres de haut) ; le couvert arboré représente de 25 % à 100 % de la couverture.",https://www.mrlc.gov/data/legends/national-land-cover-database-class-legend-and-description,,,,,
,,,,,Closed forest,,"Formations where trees in the various storeys and the undergrowth cover a high proportion (> 40 percent) of the ground and do not have a continuous dense grass layer (cf. the following definition). They are either managed or unmanaged forests, primary or in advanced state of reconstitution and may have been logged-over one or more times, having kept their characteristics of forest stands, possibly with modified structure and composition. Typical examples of tropical closed forest formations include tropical rain forest and mangrove forest.","Formations où les arbres des différents étages et le sous-bois couvrent une forte proportion (> 40 pour cent) du sol et ne présentent pas de couche herbeuse dense et continue (cf. la définition suivante). Il s'agit de forêts gérées ou non, primaires ou en phase avancée de reconstitution, qui peuvent avoir été exploitées une ou plusieurs fois, tout en conservant leurs caractéristiques de peuplements forestiers, avec éventuellement une structure et une composition modifiées. La forêt tropicale humide et la forêt de mangrove sont des exemples typiques de formations forestières tropicales fermées.

Traduit avec www.DeepL.com/Translator (version gratuite)",https://www.fao.org/3/Y1997E/y1997e1m.htm
,,,,,Open forest,,"Formations with discontinuous tree layer but with a coverage of at least 10 percent and less than 40 percent. Generally there is a continuous grass layer allowing grazing and spreading of fires. (Examples are various forms of cerrado, and chaco in Latin America, wooded savannahs and woodlands in Africa).","Formations avec une couche d'arbres discontinue mais avec une couverture d'au moins 10 pour cent et de moins de 40 pour cent. Il y a généralement une couche d'herbe continue qui permet le pâturage et la propagation des incendies. (Exemples : diverses formes de cerrado et de chaco en Amérique latine, savanes boisées et zones boisées en Afrique).",https://www.fao.org/3/Y1997E/y1997e1m.htm
Grassland,,Areas characterized by natural or semi-natural herbaceous vegetation; herbaceous vegetation accounts for 75% to 100% of the cover.,Zones caractérisées par une végétation herbacée naturelle ou semi-naturelle ; la végétation herbacée représente 75 % à 100 % de la couverture.,https://www.mrlc.gov/data/legends/national-land-cover-database-class-legend-and-description,,,,,
,,,,,Dense natural grassland,,Essentially undisturbed indigenous species of grasses growing under natural/ semi-natural conditions,Espèces indigènes de graminées essentiellement non perturbées poussant dans des conditions naturelles/semi-naturelles.,https://www.mrlc.gov/data/legends/national-land-cover-database-class-legend-and-description
,,,,,Degraded grassland,,"Degraded grasslands are those threatened by habitat loss, which can be caused by human actions, such as unsustainable agricultural practices, overgrazing, and crop clearing","Les prairies dégradées sont celles qui sont menacées par la perte d'habitat, qui peut être causée par des actions humaines, telles que des pratiques agricoles non durables, le surpâturage et le défrichement des cultures.",https://www.mrlc.gov/data/legends/national-land-cover-database-class-legend-and-description
Grassy woodland,,"Grassy woodlands are communities that have trees in the overstorey that are widely spaced, not overlapping; shrub cover is sparse. The predominant vegetation is grasses; herbs or forbs may be highly diverse.",Les forêts de graminées sont des communautés dont les arbres de l'étage dominant sont très espacés et ne se chevauchent pas ; la couverture arbustive est rare. La végétation prédominante est constituée de graminées ; les herbes et les plantes herbacées peuvent être très diversifiées.,https://www.mrlc.gov/data/legends/national-land-cover-database-class-legend-and-description,,,,,
,,,,,Dense grassy woodland,,,,https://www.mrlc.gov/data/legends/national-land-cover-database-class-legend-and-description
,,,,,Sparse grassy woodland,,,,
Mangroves,,An edaphic formation of distinct physiognomy of open or closed stands of trees (or bushes) occurring on shores between the high- and low-water marks,Formation édaphique de physionomie distincte de peuplements ouverts ou fermés d'arbres (ou de buissons) se trouvant sur les rivages entre la laisse de haute mer et la laisse de basse mer.,https://www.mrlc.gov/data/legends/national-land-cover-database-class-legend-and-description,,,,,
,,,,,Exclusive mangrove species,,Mangrove stands consisting of mainly a single species,Peuplements de palétuviers constitués principalement d'une seule espèce,https://vegetationmap4africa.org/species/Tree_Species_Africa/
,,,,,Associated mangrove species,,Mangrove stands consisting of mixed mangrove species,Peuplements de mangroves composés d'espèces mixtes de mangroves,https://vegetationmap4africa.org/species/Tree_Species_Africa/
Riparian,,"Riparian vegetation corresponds to all vegetation units along river networks, regardless of their physiognomy or origin, and is functionally related to other components of fluvial systems and the surrounding area","La végétation riveraine correspond à toutes les unités de végétation le long des réseaux fluviaux, indépendamment de leur physionomie ou de leur origine, et est fonctionnellement liée à d'autres composantes des systèmes fluviaux et de la zone environnante.",https://www.mrlc.gov/data/legends/national-land-cover-database-class-legend-and-description,,,,,https://www.fao.org/3/Y1997E/y1997e1m.htm
Riverine woodlands,,"Riverine forest is an area where the land and river interface. These forest areas are hotspots of aquatic and terrestrial biodiversity, with a wide range of floral structures (trees, shrubs, and grasses) and fauna (mammals, birds, amphibians, and reptiles)","La forêt riveraine est une zone d'interface entre la terre et la rivière. Ces zones forestières sont des hauts lieux de la biodiversité aquatique et terrestre, avec un large éventail de structures florales (arbres, arbustes et herbes) et de faune (mammifères, oiseaux, amphibiens et reptiles).",https://www.mrlc.gov/data/legends/national-land-cover-database-class-legend-and-description,,,,,https://www.fao.org/3/Y1997E/y1997e1m.htm
Savannah woodlands,,"Savannah woodlands is vegetation characterised by its ground cover of coarse, tall grasses 2-3 metres high, among which small gnarled trees stand, usually so far apart that the sun has little or no difficulty in penetrating to the ground or at least to the herbaceous layer.","La savane arborée est une végétation caractérisée par une couverture végétale composée de grandes herbes grossières de 2 à 3 mètres de haut, parmi lesquelles se dressent de petits arbres noueux, généralement si éloignés les uns des autres que le soleil n'a que peu ou pas de difficulté à pénétrer jusqu'au sol ou au moins jusqu'à la couche herbacée.",https://www.mrlc.gov/data/legends/national-land-cover-database-class-legend-and-description,,,,,https://www.fao.org/3/Y1997E/y1997e1m.htm
Scrub woodlands,,A transitional vegetation formation of local extent that is intermediate between woodland and bushland (an alternative definition is stunted woodland less than 8 m tall),Formation végétale transitoire d'étendue locale intermédiaire entre la forêt et le bushland (une autre définition est la forêt rabougrie de moins de 8 m de haut).,https://www.mrlc.gov/data/legends/national-land-cover-database-class-legend-and-description,,,,,https://www.fao.org/3/Y1997E/y1997e1m.htm
Shrubland,,"Areas characterized by natural or semi-natural woody vegetation with aerial stems, generally less than 6 meters tall, with individuals or clumps not touching to interlocking. Both evergreen and deciduous species of true shrubs, young trees, and trees or shrubs that are small or stunted because of environmental conditions are included.","Zones caractérisées par une végétation ligneuse naturelle ou semi-naturelle à tiges aériennes, généralement d'une hauteur inférieure à 6 mètres, dont les individus ou les touffes ne se touchent pas et ne s'imbriquent pas les uns dans les autres. Les espèces à feuilles persistantes et à feuilles caduques de véritables arbustes, les jeunes arbres et les arbres ou arbustes de petite taille ou rabougris en raison des conditions environnementales sont inclus.

Traduit avec www.DeepL.com/Translator (version gratuite)",https://www.mrlc.gov/data/legends/national-land-cover-database-class-legend-and-description,,,,,
,,,,,Mixed shrubland,,Shrubland consisting of mixed species,Arbustes composés d'espèces mixtes,https://www.fao.org/3/Y1997E/y1997e1m.htm
,,,,,Decidous or coniferous shrubland,,Shrubland consisting of mainly deciduous or coniferous shrubs,Zone arbustive composée principalement ,https://www.fao.org/3/Y1997E/y1997e1m.htm
Thicket,,a closed stand of bushes and climbers usually between 3 and 7 m tall,un peuplement fermé de buissons et de plantes grimpantes dont la hauteur est généralement comprise entre 3 et 7 m,https://www.mrlc.gov/data/legends/national-land-cover-database-class-legend-and-description,,,,,https://www.mrlc.gov/data/legends/national-land-cover-database-class-legend-and-description
Wetland,,Areas where the soil or substrate is periodically saturated with or covered by water as defined by Cowardin et al. (1979).,"Zones où le sol ou le substrat est périodiquement saturé d'eau ou recouvert d'eau, selon la définition de Cowardin et al. (1979).",https://www.mrlc.gov/data/legends/national-land-cover-database-class-legend-and-description,,,,,
,,,,,Herbaceous wetland,,"Wetlands that are dominated by herbaceous rather than woody plant species. Also known as marshes and can often be found at the edges of lakes and streams, where they form a transition between the aquatic and terrestrial ecosystems.","Zones humides dominées par des espèces végétales herbacées plutôt que ligneuses. Également appelées marais, elles se trouvent souvent au bord des lacs et des cours d'eau, où elles forment une transition entre les écosystèmes aquatiques et terrestres.",https://www.mrlc.gov/data/legends/national-land-cover-database-class-legend-and-description
,,,,,Wooded wetland,,Wetlands/ swamps dominated by trees or shrubs,Zones humides/marécages dominés par des arbres ou des arbustes,https://www.mrlc.gov/data/legends/national-land-cover-database-class-legend-and-description
Wooded grassland,,Land covered with grasses and other herbs with woody plants covering between 10 and 40 percent of the ground,"Terres couvertes de graminées et d'autres herbes, les plantes ligneuses couvrant entre 10 et 40 % du sol.",https://www.mrlc.gov/data/legends/national-land-cover-database-class-legend-and-description,,,,,
,,,,,Indigenous wooded grassland,,Grassland dominated by indigenous trees,Prairies dominées par des arbres indigènes,https://www.mrlc.gov/data/legends/national-land-cover-database-class-legend-and-description
,,,,,Man-made wooded grassland,,Grassland dominated by planted trees,Prairies dominées par des arbres plantés,https://www.mrlc.gov/data/legends/national-land-cover-database-class-legend-and-description
Wooded savanna,,Woodlands savannas are biomes that cover 20% of the world's land surface and are highly concentrated between the equatorial rain forests and the mid-latitude deserts and semi-deserts.,Les savanes boisées sont des biomes qui couvrent 20 % de la surface terrestre mondiale et sont fortement concentrées entre les forêts pluviales équatoriales et les déserts et semi-déserts des latitudes moyennes.,,,,,,https://www.mrlc.gov/data/legends/national-land-cover-database-class-legend-and-description
Woodland,,Areas of land that has either a crown cover (or equivalent stocking level) of 5 to10 percent of trees able to reach a height of 5 m at maturity; or a crown cover (or equivalent stocking level) of more than 10 percent of trees not able to reach a height of 5 m at maturity; or with shrub or bush cover of more than 10 percent.,"Zones de terres présentant soit un couvert végétal (ou un niveau de peuplement équivalent) de 5 à 10 % d'arbres capables d'atteindre une hauteur de 5 m à maturité, soit un couvert végétal (ou un niveau de peuplement équivalent) de plus de 10 % d'arbres incapables d'atteindre une hauteur de 5 m à maturité, soit un couvert d'arbustes ou de buissons de plus de 10 %.",,,,,,https://www.mrlc.gov/data/legends/national-land-cover-database-class-legend-and-description
Open Water,,"Areas of open water, generally with less than 25% cover of vegetation or soil.","Zones d'eau libre, généralement recouvertes de moins de 25 % de végétation ou de sol.",https://www.mrlc.gov/data/legends/national-land-cover-database-class-legend-and-description,,,,,
,,,,,Natural open water,,Areas of natural permanent open water,Zones d'eaux libres naturelles permanentes,https://www.mrlc.gov/data/legends/national-land-cover-database-class-legend-and-description
,,,,,Man-made open water,,"This category comprises areas with surface water, either impounded in the form of ponds, lakes and reservoirs or flowing as streams, rivers, and canals etc","Cette catégorie comprend les zones où l'on trouve des eaux de surface, soit retenues sous forme d'étangs, de lacs et de réservoirs, soit s'écoulant sous forme de ruisseaux, de rivières et de canaux, etc.",https://www.mrlc.gov/data/legends/national-land-cover-database-class-legend-and-description
Moss and lichen,,"Land covered with lichens and/or mosses. Lichens are composite
organisms formed from the symbiotic association of fungi and
algae. Mosses contain photo-autotrophic land plants without true
leaves, stems, roots but with leaf-and stemlike organs","Terre couverte de lichens et/ou de mousses. Les lichens sont des organismes
de l'association symbiotique de champignons et d'algues.
algues. Les mousses sont des plantes terrestres photo-autotrophes dépourvues de véritables
feuilles, de tiges et de racines, mais avec des organes ressemblant à des feuilles et à des tiges.",https://esa-worldcover.s3.amazonaws.com/v100/2020/docs/WorldCover_PUM_V1.0.pdf,,,,,
