ResourceID,ARK ID,MAEASaM ID,Name,Name type,Contact information,Actor type,Associated with,Nature of association,Start date,End date,Address,Country,Geometry (WKT),Description,Recorder,Comment,Created at,Uploader,Uploaded at,Last modified at
e8b9c505-03b5-42af-aeff-b2c9fce9554c,MAEASAM-ACT-00000001,ACT-00000001,Arcadia,Primary name,,Other,,,,,,,,,"[{""resourceId"": ""c87930be-4d82-4353-a80e-abfe6d354327"", ""ontologyProperty"": ""http://www.cidoc-crm.org/cidoc-crm/P1_is_identified_by"", ""resourceXresourceId"": """", ""inverseOntologyProperty"": ""http://www.cidoc-crm.org/cidoc-crm/P1i_identifies""}]",,2026-08-14,,,
a12d362d-5202-4991-866c-1b8ad0cf5e23,MAEASAM-ACT-00000065,ACT-00000065,United Nations Educational Scientific and Cultural Organization,Primary name,,Non-government,,,,,,,,,"[{""resourceId"": ""c87930be-4d82-4353-a80e-abfe6d354327"", ""ontologyProperty"": ""http://www.cidoc-crm.org/cidoc-crm/P1_is_identified_by"", ""resourceXresourceId"": """", ""inverseOntologyProperty"": ""http://www.cidoc-crm.org/cidoc-crm/P1i_identifies""}]",,2026-08-14,,,
b81992fe-c1fe-4d3a-aae1-7dd2a3fe55eb,MAEASAM-ACT-00000002,ACT-00000002,Mapping Africa's Endangered Archaeological Sites and Monuments,Primary name,,Project,"[{""resourceId"": ""e8b9c505-03b5-42af-aeff-b2c9fce9554c"", ""ontologyProperty"": ""http://www.cidoc-crm.org/cidoc-crm/P11_had_participant"", ""resourceXresourceId"": """", ""inverseOntologyProperty"": ""http://www.cidoc-crm.org/cidoc-crm/P11_participated_in""}]",Project institution,,,,,,,"[{""resourceId"": ""c87930be-4d82-4353-a80e-abfe6d354327"", ""ontologyProperty"": ""http://www.cidoc-crm.org/cidoc-crm/P1_is_identified_by"", ""resourceXresourceId"": """", ""inverseOntologyProperty"": ""http://www.cidoc-crm.org/cidoc-crm/P1i_identifies""}]",,2026-08-14,,,
d9d401c2-b86e-4297-9f19-92f29b9d84be,MAEASAM-ACT-00000003,ACT-00000003,University of Pretoria,Primary name,,University,"[{""resourceId"": ""b81992fe-c1fe-4d3a-aae1-7dd2a3fe55eb"", ""ontologyProperty"": ""http://www.cidoc-crm.org/cidoc-crm/P11_had_participant"", ""resourceXresourceId"": """", ""inverseOntologyProperty"": ""http://www.cidoc-crm.org/cidoc-crm/P11_participated_in""}]",Project institution,,,Lynnwood Rd Hatfield Pretoria 0002,South Africa,,,"[{""resourceId"": ""c87930be-4d82-4353-a80e-abfe6d354327"", ""ontologyProperty"": ""http://www.cidoc-crm.org/cidoc-crm/P1_is_identified_by"", ""resourceXresourceId"": """", ""inverseOntologyProperty"": ""http://www.cidoc-crm.org/cidoc-crm/P1i_identifies""}]",,2026-08-14,,,
26126f31-b29d-4cd8-a76d-86586b6a3913,MAEASAM-ACT-00000060,ACT-00000060,University of the Witwatersrand,Primary name,,University,"[{""resourceId"": ""b81992fe-c1fe-4d3a-aae1-7dd2a3fe55eb"", ""ontologyProperty"": ""http://www.cidoc-crm.org/cidoc-crm/P11_had_participant"", ""resourceXresourceId"": """", ""inverseOntologyProperty"": ""http://www.cidoc-crm.org/cidoc-crm/P11_participated_in""}]",Project institution,,,,,,,"[{""resourceId"": ""c87930be-4d82-4353-a80e-abfe6d354327"", ""ontologyProperty"": ""http://www.cidoc-crm.org/cidoc-crm/P1_is_identified_by"", ""resourceXresourceId"": """", ""inverseOntologyProperty"": ""http://www.cidoc-crm.org/cidoc-crm/P1i_identifies""}]",,2026-08-14,,,
cea1e0a7-17f2-4af8-a930-f3ae506e27a2,MAEASAM-ACT-00000005,ACT-00000005,University of Cambridge,Primary name,,University,"[{""resourceId"": ""b81992fe-c1fe-4d3a-aae1-7dd2a3fe55eb"", ""ontologyProperty"": ""http://www.cidoc-crm.org/cidoc-crm/P11_had_participant"", ""resourceXresourceId"": """", ""inverseOntologyProperty"": ""http://www.cidoc-crm.org/cidoc-crm/P11_participated_in""}]",Project institution,,,The Old Schools Trinity Ln Cambridge CB2 1TN United Kingdom,United Kingdom,,,"[{""resourceId"": ""c87930be-4d82-4353-a80e-abfe6d354327"", ""ontologyProperty"": ""http://www.cidoc-crm.org/cidoc-crm/P1_is_identified_by"", ""resourceXresourceId"": """", ""inverseOntologyProperty"": ""http://www.cidoc-crm.org/cidoc-crm/P1i_identifies""}]",,2026-08-14,,,
c9cb33f6-c51b-422a-8737-cb564346651a,MAEASAM-ACT-00000006,ACT-00000006,University College London,Primary name,,University,"[{""resourceId"": ""b81992fe-c1fe-4d3a-aae1-7dd2a3fe55eb"", ""ontologyProperty"": ""http://www.cidoc-crm.org/cidoc-crm/P11_had_participant"", ""resourceXresourceId"": """", ""inverseOntologyProperty"": ""http://www.cidoc-crm.org/cidoc-crm/P11_participated_in""}]",Project institution,,,Gower St London WC1E 6BT United Kingdom,United Kingdom,,,"[{""resourceId"": ""c87930be-4d82-4353-a80e-abfe6d354327"", ""ontologyProperty"": ""http://www.cidoc-crm.org/cidoc-crm/P1_is_identified_by"", ""resourceXresourceId"": """", ""inverseOntologyProperty"": ""http://www.cidoc-crm.org/cidoc-crm/P1i_identifies""}]",,2026-08-14,,,
aedc9807-811a-4207-9f63-71e6a8c70c3c,MAEASAM-ACT-00000007,ACT-00000007,University of York,Primary name,,University,"[{""resourceId"": ""b81992fe-c1fe-4d3a-aae1-7dd2a3fe55eb"", ""ontologyProperty"": ""http://www.cidoc-crm.org/cidoc-crm/P11_had_participant"", ""resourceXresourceId"": """", ""inverseOntologyProperty"": ""http://www.cidoc-crm.org/cidoc-crm/P11_participated_in""}]",Project institution,,,Heslington York YO10 5DD United Kingdom,United Kingdom,,,"[{""resourceId"": ""c87930be-4d82-4353-a80e-abfe6d354327"", ""ontologyProperty"": ""http://www.cidoc-crm.org/cidoc-crm/P1_is_identified_by"", ""resourceXresourceId"": """", ""inverseOntologyProperty"": ""http://www.cidoc-crm.org/cidoc-crm/P1i_identifies""}]",,2026-08-14,,,
667951e0-7e3b-4f3c-8d52-394a5ee617d7,MAEASAM-ACT-00000008,ACT-00000008,University of Exeter,Primary name,,University,"[{""resourceId"": ""b81992fe-c1fe-4d3a-aae1-7dd2a3fe55eb"", ""ontologyProperty"": ""http://www.cidoc-crm.org/cidoc-crm/P11_had_participant"", ""resourceXresourceId"": """", ""inverseOntologyProperty"": ""http://www.cidoc-crm.org/cidoc-crm/P11_participated_in""}]",Project institution,,,Stocker Rd Exeter EX4 4PY United Kingdom,United Kingdom,,,"[{""resourceId"": ""c87930be-4d82-4353-a80e-abfe6d354327"", ""ontologyProperty"": ""http://www.cidoc-crm.org/cidoc-crm/P1_is_identified_by"", ""resourceXresourceId"": """", ""inverseOntologyProperty"": ""http://www.cidoc-crm.org/cidoc-crm/P1i_identifies""}]",,2026-08-14,,,
fcb88dbf-2aae-41ca-8c32-d7ffd7516d02,MAEASAM-ACT-00000009,ACT-00000009,Uppsala University,Primary name,,University,"[{""resourceId"": ""b81992fe-c1fe-4d3a-aae1-7dd2a3fe55eb"", ""ontologyProperty"": ""http://www.cidoc-crm.org/cidoc-crm/P11_had_participant"", ""resourceXresourceId"": """", ""inverseOntologyProperty"": ""http://www.cidoc-crm.org/cidoc-crm/P11_participated_in""}]",Project institution,,,753 10 Uppsala Sweden,Sweden,,,"[{""resourceId"": ""c87930be-4d82-4353-a80e-abfe6d354327"", ""ontologyProperty"": ""http://www.cidoc-crm.org/cidoc-crm/P1_is_identified_by"", ""resourceXresourceId"": """", ""inverseOntologyProperty"": ""http://www.cidoc-crm.org/cidoc-crm/P1i_identifies""}]",,2026-08-14,,,
0acdb85a-4a2e-4d10-8ab7-4f326d64a767,MAEASAM-ACT-00000010,ACT-00000010,Universite Cheikh Anta Diop,Primary name,,University,"[{""resourceId"": ""b81992fe-c1fe-4d3a-aae1-7dd2a3fe55eb"", ""ontologyProperty"": ""http://www.cidoc-crm.org/cidoc-crm/P11_had_participant"", ""resourceXresourceId"": """", ""inverseOntologyProperty"": ""http://www.cidoc-crm.org/cidoc-crm/P11_participated_in""}]",Project institution,,,33 Rte de la Corniche Ouest Dakar,Senegal,,,"[{""resourceId"": ""c87930be-4d82-4353-a80e-abfe6d354327"", ""ontologyProperty"": ""http://www.cidoc-crm.org/cidoc-crm/P1_is_identified_by"", ""resourceXresourceId"": """", ""inverseOntologyProperty"": ""http://www.cidoc-crm.org/cidoc-crm/P1i_identifies""}]",,2026-08-14,,,
be2b6a69-b8d5-4cb3-bf27-3112af3bfea2,MAEASAM-ACT-00000011,ACT-00000011,Laboratoire d Archeologie,Primary name,,National heritage body,"[{""resourceId"": ""b81992fe-c1fe-4d3a-aae1-7dd2a3fe55eb"", ""ontologyProperty"": ""http://www.cidoc-crm.org/cidoc-crm/P11_had_participant"", ""resourceXresourceId"": """", ""inverseOntologyProperty"": ""http://www.cidoc-crm.org/cidoc-crm/P11_participated_in""}]",Project institution,,,,Senegal,,,"[{""resourceId"": ""c87930be-4d82-4353-a80e-abfe6d354327"", ""ontologyProperty"": ""http://www.cidoc-crm.org/cidoc-crm/P1_is_identified_by"", ""resourceXresourceId"": """", ""inverseOntologyProperty"": ""http://www.cidoc-crm.org/cidoc-crm/P1i_identifies""}]",,2026-08-14,,,
b2fccb0a-235d-433f-85d7-5901cf2d7b51,MAEASAM-ACT-00000012,ACT-00000012,National Museum of Mali,Primary name,,National heritage body,"[{""resourceId"": ""b81992fe-c1fe-4d3a-aae1-7dd2a3fe55eb"", ""ontologyProperty"": ""http://www.cidoc-crm.org/cidoc-crm/P11_had_participant"", ""resourceXresourceId"": """", ""inverseOntologyProperty"": ""http://www.cidoc-crm.org/cidoc-crm/P11_participated_in""}]",Affiliated institution,,,M252 C6C Bamako Mali,Mali,,,"[{""resourceId"": ""c87930be-4d82-4353-a80e-abfe6d354327"", ""ontologyProperty"": ""http://www.cidoc-crm.org/cidoc-crm/P1_is_identified_by"", ""resourceXresourceId"": """", ""inverseOntologyProperty"": ""http://www.cidoc-crm.org/cidoc-crm/P1i_identifies""}]",,2026-08-14,,,
2b2536a5-2409-4937-a493-2d6ec78babb2,MAEASAM-ACT-00000013,ACT-00000013,National Corporation for Antiquities and Museums NCAM,Primary name,,National heritage body,"[{""resourceId"": ""b81992fe-c1fe-4d3a-aae1-7dd2a3fe55eb"", ""ontologyProperty"": ""http://www.cidoc-crm.org/cidoc-crm/P11_had_participant"", ""resourceXresourceId"": """", ""inverseOntologyProperty"": ""http://www.cidoc-crm.org/cidoc-crm/P11_participated_in""}]",Affiliated institution,,,Ministry of Tourism 60th Street intersection with Mansheya Bridge,Sudan,,,"[{""resourceId"": ""c87930be-4d82-4353-a80e-abfe6d354327"", ""ontologyProperty"": ""http://www.cidoc-crm.org/cidoc-crm/P1_is_identified_by"", ""resourceXresourceId"": """", ""inverseOntologyProperty"": ""http://www.cidoc-crm.org/cidoc-crm/P1i_identifies""}]",,2026-08-14,,,
7aca67df-3827-44ff-b6a9-33b066cf57d5,MAEASAM-ACT-00000014,ACT-00000014,Addis Ababa University,Primary name,,University,"[{""resourceId"": ""b81992fe-c1fe-4d3a-aae1-7dd2a3fe55eb"", ""ontologyProperty"": ""http://www.cidoc-crm.org/cidoc-crm/P11_had_participant"", ""resourceXresourceId"": """", ""inverseOntologyProperty"": ""http://www.cidoc-crm.org/cidoc-crm/P11_participated_in""}]",Affiliated institution,,,Dejamach Beyene Merid St Addis Ababa Ethiopia,Ethiopia,,,"[{""resourceId"": ""c87930be-4d82-4353-a80e-abfe6d354327"", ""ontologyProperty"": ""http://www.cidoc-crm.org/cidoc-crm/P1_is_identified_by"", ""resourceXresourceId"": """", ""inverseOntologyProperty"": ""http://www.cidoc-crm.org/cidoc-crm/P1i_identifies""}]",,2026-08-14,,,
da3246b9-0ddb-4799-8354-fb3a283a07f7,MAEASAM-ACT-00000015,ACT-00000015,British Institute in Eastern Africa,Primary name,,Institution,"[{""resourceId"": ""b81992fe-c1fe-4d3a-aae1-7dd2a3fe55eb"", ""ontologyProperty"": ""http://www.cidoc-crm.org/cidoc-crm/P11_had_participant"", ""resourceXresourceId"": """", ""inverseOntologyProperty"": ""http://www.cidoc-crm.org/cidoc-crm/P11_participated_in""}]",Project institution,,,Migori Road and Laikipia Rd Nairobi Kenya,Kenya,,,"[{""resourceId"": ""c87930be-4d82-4353-a80e-abfe6d354327"", ""ontologyProperty"": ""http://www.cidoc-crm.org/cidoc-crm/P1_is_identified_by"", ""resourceXresourceId"": """", ""inverseOntologyProperty"": ""http://www.cidoc-crm.org/cidoc-crm/P1i_identifies""}]",,2026-08-14,,,
e5a40489-ba54-479a-80cf-8354fd5d4220,MAEASAM-ACT-00000016,ACT-00000016,Cultural Heritage Service,Primary name,,National heritage body,"[{""resourceId"": ""b81992fe-c1fe-4d3a-aae1-7dd2a3fe55eb"", ""ontologyProperty"": ""http://www.cidoc-crm.org/cidoc-crm/P11_had_participant"", ""resourceXresourceId"": """", ""inverseOntologyProperty"": ""http://www.cidoc-crm.org/cidoc-crm/P11_participated_in""}]",Affiliated institution,,,,Kenya,,,"[{""resourceId"": ""c87930be-4d82-4353-a80e-abfe6d354327"", ""ontologyProperty"": ""http://www.cidoc-crm.org/cidoc-crm/P1_is_identified_by"", ""resourceXresourceId"": """", ""inverseOntologyProperty"": ""http://www.cidoc-crm.org/cidoc-crm/P1i_identifies""}]",,2026-08-14,,,
e9803fa7-5429-4276-ad81-d882b24eb141,MAEASAM-ACT-00000017,ACT-00000017,National Museums of Kenya,Primary name,,National heritage body,"[{""resourceId"": ""b81992fe-c1fe-4d3a-aae1-7dd2a3fe55eb"", ""ontologyProperty"": ""http://www.cidoc-crm.org/cidoc-crm/P11_had_participant"", ""resourceXresourceId"": """", ""inverseOntologyProperty"": ""http://www.cidoc-crm.org/cidoc-crm/P11_participated_in""}]",Affiliated institution,,,Kipande Rd Nairobi Kenya,Kenya,,,"[{""resourceId"": ""c87930be-4d82-4353-a80e-abfe6d354327"", ""ontologyProperty"": ""http://www.cidoc-crm.org/cidoc-crm/P1_is_identified_by"", ""resourceXresourceId"": """", ""inverseOntologyProperty"": ""http://www.cidoc-crm.org/cidoc-crm/P1i_identifies""}]",,2026-08-14,,,
cc6cc2e5-ab4d-4c6c-a79a-c59181dfcf1f,MAEASAM-ACT-00000018,ACT-00000018,Antiquities Division Ministry for Natural Resources and Tourism,Primary name,,National heritage body,"[{""resourceId"": ""b81992fe-c1fe-4d3a-aae1-7dd2a3fe55eb"", ""ontologyProperty"": ""http://www.cidoc-crm.org/cidoc-crm/P11_had_participant"", ""resourceXresourceId"": """", ""inverseOntologyProperty"": ""http://www.cidoc-crm.org/cidoc-crm/P11_participated_in""}]",Affiliated institution,,,57MR WJ Dar es Salaam Tanzania,Tanzania,,,"[{""resourceId"": ""c87930be-4d82-4353-a80e-abfe6d354327"", ""ontologyProperty"": ""http://www.cidoc-crm.org/cidoc-crm/P1_is_identified_by"", ""resourceXresourceId"": """", ""inverseOntologyProperty"": ""http://www.cidoc-crm.org/cidoc-crm/P1i_identifies""}]",,2026-08-14,,,
98c6eb91-ef7a-40db-ac72-b3173747c586,MAEASAM-ACT-00000019,ACT-00000019,Department of Antiquities Zanzibar,Primary name,,National heritage body,"[{""resourceId"": ""b81992fe-c1fe-4d3a-aae1-7dd2a3fe55eb"", ""ontologyProperty"": ""http://www.cidoc-crm.org/cidoc-crm/P11_had_participant"", ""resourceXresourceId"": """", ""inverseOntologyProperty"": ""http://www.cidoc-crm.org/cidoc-crm/P11_participated_in""}]",Affiliated institution,,,,Tanzania,,,"[{""resourceId"": ""c87930be-4d82-4353-a80e-abfe6d354327"", ""ontologyProperty"": ""http://www.cidoc-crm.org/cidoc-crm/P1_is_identified_by"", ""resourceXresourceId"": """", ""inverseOntologyProperty"": ""http://www.cidoc-crm.org/cidoc-crm/P1i_identifies""}]",,2026-08-14,,,
69dd3ed0-b713-49ed-a5d5-f88df7291034,MAEASAM-ACT-00000063,ACT-00000063,Universite Libre De Bruxelles,Primary name,,University,"[{""resourceId"": ""b81992fe-c1fe-4d3a-aae1-7dd2a3fe55eb"", ""ontologyProperty"": ""http://www.cidoc-crm.org/cidoc-crm/P11_had_participant"", ""resourceXresourceId"": """", ""inverseOntologyProperty"": ""http://www.cidoc-crm.org/cidoc-crm/P11_participated_in""}]",Affiliated institution,,,,,,,"[{""resourceId"": ""c87930be-4d82-4353-a80e-abfe6d354327"", ""ontologyProperty"": ""http://www.cidoc-crm.org/cidoc-crm/P1_is_identified_by"", ""resourceXresourceId"": """", ""inverseOntologyProperty"": ""http://www.cidoc-crm.org/cidoc-crm/P1i_identifies""}]",,2026-08-14,,,
274a3164-f320-4509-a2b7-b3bbf2b993b3,MAEASAM-ACT-00000021,ACT-00000021,National Museums of Tanzania,Primary name,,University,"[{""resourceId"": ""b81992fe-c1fe-4d3a-aae1-7dd2a3fe55eb"", ""ontologyProperty"": ""http://www.cidoc-crm.org/cidoc-crm/P11_had_participant"", ""resourceXresourceId"": """", ""inverseOntologyProperty"": ""http://www.cidoc-crm.org/cidoc-crm/P11_participated_in""}]",Affiliated institution,,,5 Shaaban Robert St Dar es Salaam Tanzania,Tanzania,,,"[{""resourceId"": ""c87930be-4d82-4353-a80e-abfe6d354327"", ""ontologyProperty"": ""http://www.cidoc-crm.org/cidoc-crm/P1_is_identified_by"", ""resourceXresourceId"": """", ""inverseOntologyProperty"": ""http://www.cidoc-crm.org/cidoc-crm/P1i_identifies""}]",,2026-08-14,,,
9f86e2b0-5f19-4d85-83b6-a2eb1abb62ba,MAEASAM-ACT-00000022,ACT-00000022,National Museums and Monuments of Zimbabwe,Primary name,,National heritage body,"[{""resourceId"": ""b81992fe-c1fe-4d3a-aae1-7dd2a3fe55eb"", ""ontologyProperty"": ""http://www.cidoc-crm.org/cidoc-crm/P11_had_participant"", ""resourceXresourceId"": """", ""inverseOntologyProperty"": ""http://www.cidoc-crm.org/cidoc-crm/P11_participated_in""}]",Affiliated institution,,,Penrose Hill Building Causeway 107 Rotten Row Harare Zimbabwe,Zimbabwe,,,"[{""resourceId"": ""c87930be-4d82-4353-a80e-abfe6d354327"", ""ontologyProperty"": ""http://www.cidoc-crm.org/cidoc-crm/P1_is_identified_by"", ""resourceXresourceId"": """", ""inverseOntologyProperty"": ""http://www.cidoc-crm.org/cidoc-crm/P1i_identifies""}]",,2026-08-14,,,
eeacc6c5-4937-446f-bdb5-ab31a26d007e,MAEASAM-ACT-00000023,ACT-00000023,University of Great Zimbabwe,Primary name,,University,"[{""resourceId"": ""b81992fe-c1fe-4d3a-aae1-7dd2a3fe55eb"", ""ontologyProperty"": ""http://www.cidoc-crm.org/cidoc-crm/P11_had_participant"", ""resourceXresourceId"": """", ""inverseOntologyProperty"": ""http://www.cidoc-crm.org/cidoc-crm/P11_participated_in""}]",Affiliated institution,,,Masvingo Zimbabwe,Zimbabwe,,,"[{""resourceId"": ""c87930be-4d82-4353-a80e-abfe6d354327"", ""ontologyProperty"": ""http://www.cidoc-crm.org/cidoc-crm/P1_is_identified_by"", ""resourceXresourceId"": """", ""inverseOntologyProperty"": ""http://www.cidoc-crm.org/cidoc-crm/P1i_identifies""}]",,2026-08-14,,,
c6759d7d-e218-4c89-a8d4-b92cba3711d9,MAEASAM-ACT-00000024,ACT-00000024,University of Zimbabwe,Primary name,,University,"[{""resourceId"": ""b81992fe-c1fe-4d3a-aae1-7dd2a3fe55eb"", ""ontologyProperty"": ""http://www.cidoc-crm.org/cidoc-crm/P11_had_participant"", ""resourceXresourceId"": """", ""inverseOntologyProperty"": ""http://www.cidoc-crm.org/cidoc-crm/P11_participated_in""}]",Affiliated institution,,,630 Churchill Ave Harare Zimbabwe,Zimbabwe,,,"[{""resourceId"": ""c87930be-4d82-4353-a80e-abfe6d354327"", ""ontologyProperty"": ""http://www.cidoc-crm.org/cidoc-crm/P1_is_identified_by"", ""resourceXresourceId"": """", ""inverseOntologyProperty"": ""http://www.cidoc-crm.org/cidoc-crm/P1i_identifies""}]",,2026-08-14,,,
949fac69-0f2c-43f5-b243-2df6c230087d,MAEASAM-ACT-00000025,ACT-00000025,Botswana National Museums and Art Gallery,Primary name,,National heritage body,"[{""resourceId"": ""b81992fe-c1fe-4d3a-aae1-7dd2a3fe55eb"", ""ontologyProperty"": ""http://www.cidoc-crm.org/cidoc-crm/P11_had_participant"", ""resourceXresourceId"": """", ""inverseOntologyProperty"": ""http://www.cidoc-crm.org/cidoc-crm/P11_participated_in""}]",Affiliated institution,,,161 Queens Rd Gaborone Botswana,Botswana,,,"[{""resourceId"": ""c87930be-4d82-4353-a80e-abfe6d354327"", ""ontologyProperty"": ""http://www.cidoc-crm.org/cidoc-crm/P1_is_identified_by"", ""resourceXresourceId"": """", ""inverseOntologyProperty"": ""http://www.cidoc-crm.org/cidoc-crm/P1i_identifies""}]",,2026-08-14,,,
385edb89-7a22-4551-8354-de334775827d,MAEASAM-ACT-00000026,ACT-00000026,University of Botswana,Primary name,,University,"[{""resourceId"": ""b81992fe-c1fe-4d3a-aae1-7dd2a3fe55eb"", ""ontologyProperty"": ""http://www.cidoc-crm.org/cidoc-crm/P11_had_participant"", ""resourceXresourceId"": """", ""inverseOntologyProperty"": ""http://www.cidoc-crm.org/cidoc-crm/P11_participated_in""}]",Affiliated institution,,,4775 Notwane Rd Gaborone Botswana,Botswana,,,"[{""resourceId"": ""c87930be-4d82-4353-a80e-abfe6d354327"", ""ontologyProperty"": ""http://www.cidoc-crm.org/cidoc-crm/P1_is_identified_by"", ""resourceXresourceId"": """", ""inverseOntologyProperty"": ""http://www.cidoc-crm.org/cidoc-crm/P1i_identifies""}]",,2026-08-14,,,
c96bc192-56ec-4e89-99f6-9ed736936957,MAEASAM-ACT-00000061,ACT-00000061,University of Dar es Salaam,Primary name,,University,"[{""resourceId"": ""b81992fe-c1fe-4d3a-aae1-7dd2a3fe55eb"", ""ontologyProperty"": ""http://www.cidoc-crm.org/cidoc-crm/P11_had_participant"", ""resourceXresourceId"": """", ""inverseOntologyProperty"": ""http://www.cidoc-crm.org/cidoc-crm/P11_participated_in""}]",Affiliated institution,,,,,,,"[{""resourceId"": ""c87930be-4d82-4353-a80e-abfe6d354327"", ""ontologyProperty"": ""http://www.cidoc-crm.org/cidoc-crm/P1_is_identified_by"", ""resourceXresourceId"": """", ""inverseOntologyProperty"": ""http://www.cidoc-crm.org/cidoc-crm/P1i_identifies""}]",,2026-08-14,,,
d925731c-8b82-443f-ac6a-c131e9cd2b7b,MAEASAM-ACT-00000020,ACT-00000020,Department of Archaeology and Heritage,Primary name,,University,"[{""resourceId"": ""c96bc192-56ec-4e89-99f6-9ed736936957"", ""ontologyProperty"": ""http://www.cidoc-crm.org/cidoc-crm/P11_had_participant"", ""resourceXresourceId"": """", ""inverseOntologyProperty"": ""http://www.cidoc-crm.org/cidoc-crm/P11_participated_in""}]",Affiliated institution,,,66C2 R55 Dar es Salaam Tanzania,Tanzania,,,"[{""resourceId"": ""c87930be-4d82-4353-a80e-abfe6d354327"", ""ontologyProperty"": ""http://www.cidoc-crm.org/cidoc-crm/P1_is_identified_by"", ""resourceXresourceId"": """", ""inverseOntologyProperty"": ""http://www.cidoc-crm.org/cidoc-crm/P1i_identifies""}]",,2026-08-14,,,
64a58d85-85d0-47cb-a490-28cb69eae4be,MAEASAM-ACT-00000062,ACT-00000062,Insititut Fondamental d Afrique Noire,Primary name,,National heritage body,"[{""resourceId"": ""0acdb85a-4a2e-4d10-8ab7-4f326d64a767"", ""ontologyProperty"": ""http://www.cidoc-crm.org/cidoc-crm/P11_had_participant"", ""resourceXresourceId"": """", ""inverseOntologyProperty"": ""http://www.cidoc-crm.org/cidoc-crm/P11_participated_in""}]",Affiliated institution,,,,,,,"[{""resourceId"": ""c87930be-4d82-4353-a80e-abfe6d354327"", ""ontologyProperty"": ""http://www.cidoc-crm.org/cidoc-crm/P1_is_identified_by"", ""resourceXresourceId"": """", ""inverseOntologyProperty"": ""http://www.cidoc-crm.org/cidoc-crm/P1i_identifies""}]",,2026-08-14,,,
c613cf37-43bb-401a-b843-a662c1d559df,MAEASAM-ACT-00000004,ACT-00000004,Origins Centre,Primary name,,Museum,"[{""resourceId"": ""26126f31-b29d-4cd8-a76d-86586b6a3913"", ""ontologyProperty"": ""http://www.cidoc-crm.org/cidoc-crm/P11_had_participant"", ""resourceXresourceId"": """", ""inverseOntologyProperty"": ""http://www.cidoc-crm.org/cidoc-crm/P11_participated_in""}]",Project institution,,,Yale Road and 1 Enoch Sontonga Ave Braamfontein Johannesburg 2000,South Africa,,,"[{""resourceId"": ""c87930be-4d82-4353-a80e-abfe6d354327"", ""ontologyProperty"": ""http://www.cidoc-crm.org/cidoc-crm/P1_is_identified_by"", ""resourceXresourceId"": """", ""inverseOntologyProperty"": ""http://www.cidoc-crm.org/cidoc-crm/P1i_identifies""}]",,2026-08-14,,,
01b2e72f-7383-4b41-8649-fe1101f0c158,MAEASAM-ACT-00000064,ACT-00000064,Royal Museum for Central Africa,Primary name,,Museum,"[{""resourceId"": ""69dd3ed0-b713-49ed-a5d5-f88df7291034"", ""ontologyProperty"": ""http://www.cidoc-crm.org/cidoc-crm/P11_had_participant"", ""resourceXresourceId"": """", ""inverseOntologyProperty"": ""http://www.cidoc-crm.org/cidoc-crm/P11_participated_in""}]",Affiliated institution,,,,,,,"[{""resourceId"": ""c87930be-4d82-4353-a80e-abfe6d354327"", ""ontologyProperty"": ""http://www.cidoc-crm.org/cidoc-crm/P1_is_identified_by"", ""resourceXresourceId"": """", ""inverseOntologyProperty"": ""http://www.cidoc-crm.org/cidoc-crm/P1i_identifies""}]",,2026-08-14,,,
c507022d-3ecc-4bba-a5e0-ab3cbb1ea116,MAEASAM-ACT-00000027,ACT-00000027,Paul Lane,Primary name,,MAEASaM team member,"[{""resourceId"": ""cea1e0a7-17f2-4af8-a930-f3ae506e27a2"", ""ontologyProperty"": ""http://www.cidoc-crm.org/cidoc-crm/P11_had_participant"", ""resourceXresourceId"": """", ""inverseOntologyProperty"": ""http://www.cidoc-crm.org/cidoc-crm/P11_participated_in""}]",Staff member,,,The Old Schools Trinity Ln Cambridge CB2 1TN United Kingdom,,,Project Principal Investigator,"[{""resourceId"": ""c87930be-4d82-4353-a80e-abfe6d354327"", ""ontologyProperty"": ""http://www.cidoc-crm.org/cidoc-crm/P1_is_identified_by"", ""resourceXresourceId"": """", ""inverseOntologyProperty"": ""http://www.cidoc-crm.org/cidoc-crm/P1i_identifies""}]",,2026-08-14,,,
765e481e-48e5-472c-b220-1508522c23c0,MAEASAM-ACT-00000028,ACT-00000028,Stefania Merlo,Primary name,,MAEASaM team member,"[{""resourceId"": ""cea1e0a7-17f2-4af8-a930-f3ae506e27a2"", ""ontologyProperty"": ""http://www.cidoc-crm.org/cidoc-crm/P11_had_participant"", ""resourceXresourceId"": """", ""inverseOntologyProperty"": ""http://www.cidoc-crm.org/cidoc-crm/P11_participated_in""}]",Staff member,,,The Old Schools Trinity Ln Cambridge CB2 1TN United Kingdom,,,,"[{""resourceId"": ""c87930be-4d82-4353-a80e-abfe6d354327"", ""ontologyProperty"": ""http://www.cidoc-crm.org/cidoc-crm/P1_is_identified_by"", ""resourceXresourceId"": """", ""inverseOntologyProperty"": ""http://www.cidoc-crm.org/cidoc-crm/P1i_identifies""}]",,2026-08-14,,,
e3b537c3-e5a0-447d-aee7-ab75c7c33218,MAEASAM-ACT-00000029,ACT-00000029,Mahmoud Abdelrazek,Primary name,,MAEASaM team member,"[{""resourceId"": ""cea1e0a7-17f2-4af8-a930-f3ae506e27a2"", ""ontologyProperty"": ""http://www.cidoc-crm.org/cidoc-crm/P11_had_participant"", ""resourceXresourceId"": """", ""inverseOntologyProperty"": ""http://www.cidoc-crm.org/cidoc-crm/P11_participated_in""}]",Staff member,,,The Old Schools Trinity Ln Cambridge CB2 1TN United Kingdom,,,,"[{""resourceId"": ""c87930be-4d82-4353-a80e-abfe6d354327"", ""ontologyProperty"": ""http://www.cidoc-crm.org/cidoc-crm/P1_is_identified_by"", ""resourceXresourceId"": """", ""inverseOntologyProperty"": ""http://www.cidoc-crm.org/cidoc-crm/P1i_identifies""}]",,2026-08-14,,,
f44950bd-9673-4255-a6de-9ce77afce918,MAEASAM-ACT-00000030,ACT-00000030,Manoj Lokare,Primary name,,MAEASaM team member,"[{""resourceId"": ""cea1e0a7-17f2-4af8-a930-f3ae506e27a2"", ""ontologyProperty"": ""http://www.cidoc-crm.org/cidoc-crm/P11_had_participant"", ""resourceXresourceId"": """", ""inverseOntologyProperty"": ""http://www.cidoc-crm.org/cidoc-crm/P11_participated_in""}]",Former staff member,,,The Old Schools Trinity Ln Cambridge CB2 1TN United Kingdom,,,,"[{""resourceId"": ""c87930be-4d82-4353-a80e-abfe6d354327"", ""ontologyProperty"": ""http://www.cidoc-crm.org/cidoc-crm/P1_is_identified_by"", ""resourceXresourceId"": """", ""inverseOntologyProperty"": ""http://www.cidoc-crm.org/cidoc-crm/P1i_identifies""}]",,2026-08-14,,,
05177bb1-8c31-4714-86db-7f545c2d50d6,MAEASAM-ACT-00000031,ACT-00000031,Chris Matthews,Primary name,,MAEASaM team member,"[{""resourceId"": ""cea1e0a7-17f2-4af8-a930-f3ae506e27a2"", ""ontologyProperty"": ""http://www.cidoc-crm.org/cidoc-crm/P11_had_participant"", ""resourceXresourceId"": """", ""inverseOntologyProperty"": ""http://www.cidoc-crm.org/cidoc-crm/P11_participated_in""}]",Staff member,,,The Old Schools Trinity Ln Cambridge CB2 1TN United Kingdom,,,,"[{""resourceId"": ""c87930be-4d82-4353-a80e-abfe6d354327"", ""ontologyProperty"": ""http://www.cidoc-crm.org/cidoc-crm/P1_is_identified_by"", ""resourceXresourceId"": """", ""inverseOntologyProperty"": ""http://www.cidoc-crm.org/cidoc-crm/P1i_identifies""}]",,2026-08-14,,,
6fc8133f-093d-4379-8ab7-3d95a7e82630,MAEASAM-ACT-00000032,ACT-00000032,Ella Beaudoin,Primary name,,MAEASaM team member,"[{""resourceId"": ""cea1e0a7-17f2-4af8-a930-f3ae506e27a2"", ""ontologyProperty"": ""http://www.cidoc-crm.org/cidoc-crm/P11_had_participant"", ""resourceXresourceId"": """", ""inverseOntologyProperty"": ""http://www.cidoc-crm.org/cidoc-crm/P11_participated_in""}]",Former staff member,,,The Old Schools Trinity Ln Cambridge CB2 1TN United Kingdom,,,,"[{""resourceId"": ""c87930be-4d82-4353-a80e-abfe6d354327"", ""ontologyProperty"": ""http://www.cidoc-crm.org/cidoc-crm/P1_is_identified_by"", ""resourceXresourceId"": """", ""inverseOntologyProperty"": ""http://www.cidoc-crm.org/cidoc-crm/P1i_identifies""}]",,2026-08-14,,,
ebee5dcf-ad1a-4715-8fb6-cbdf836b9986,MAEASAM-ACT-00000033,ACT-00000033,Adama Harouna Athie,Primary name,,MAEASaM team member,"[{""resourceId"": ""be2b6a69-b8d5-4cb3-bf27-3112af3bfea2"", ""ontologyProperty"": ""http://www.cidoc-crm.org/cidoc-crm/P11_had_participant"", ""resourceXresourceId"": """", ""inverseOntologyProperty"": ""http://www.cidoc-crm.org/cidoc-crm/P11_participated_in""}]",Former staff member,,,33 Rte de la Corniche O Dakar,,,,"[{""resourceId"": ""c87930be-4d82-4353-a80e-abfe6d354327"", ""ontologyProperty"": ""http://www.cidoc-crm.org/cidoc-crm/P1_is_identified_by"", ""resourceXresourceId"": """", ""inverseOntologyProperty"": ""http://www.cidoc-crm.org/cidoc-crm/P1i_identifies""}]",,2026-08-14,,,
0d0d928c-c7ac-4d11-92a2-b3b663203a96,MAEASAM-ACT-00000034,ACT-00000034,Nicolas Sagna,Primary name,,MAEASaM team member,"[{""resourceId"": ""be2b6a69-b8d5-4cb3-bf27-3112af3bfea2"", ""ontologyProperty"": ""http://www.cidoc-crm.org/cidoc-crm/P11_had_participant"", ""resourceXresourceId"": """", ""inverseOntologyProperty"": ""http://www.cidoc-crm.org/cidoc-crm/P11_participated_in""}]",Staff member,,,33 Rte de la Corniche O Dakar,,,,"[{""resourceId"": ""c87930be-4d82-4353-a80e-abfe6d354327"", ""ontologyProperty"": ""http://www.cidoc-crm.org/cidoc-crm/P1_is_identified_by"", ""resourceXresourceId"": """", ""inverseOntologyProperty"": ""http://www.cidoc-crm.org/cidoc-crm/P1i_identifies""}]",,2026-08-14,,,
f655702d-7c13-434e-bf3f-6b2ca40ebffa,MAEASAM-ACT-00000035,ACT-00000035,Mamadou Thior,Primary name,,MAEASaM team member,"[{""resourceId"": ""be2b6a69-b8d5-4cb3-bf27-3112af3bfea2"", ""ontologyProperty"": ""http://www.cidoc-crm.org/cidoc-crm/P11_had_participant"", ""resourceXresourceId"": """", ""inverseOntologyProperty"": ""http://www.cidoc-crm.org/cidoc-crm/P11_participated_in""}]",Former staff member,,,33 Rte de la Corniche O Dakar,,,,"[{""resourceId"": ""c87930be-4d82-4353-a80e-abfe6d354327"", ""ontologyProperty"": ""http://www.cidoc-crm.org/cidoc-crm/P1_is_identified_by"", ""resourceXresourceId"": """", ""inverseOntologyProperty"": ""http://www.cidoc-crm.org/cidoc-crm/P1i_identifies""}]",,2026-08-14,,,
0c581276-da4b-4526-89bd-cbb25a45eb89,MAEASAM-ACT-00000036,ACT-00000036,Mamadou Lamine Dieng,Primary name,,MAEASaM team member,"[{""resourceId"": ""be2b6a69-b8d5-4cb3-bf27-3112af3bfea2"", ""ontologyProperty"": ""http://www.cidoc-crm.org/cidoc-crm/P11_had_participant"", ""resourceXresourceId"": """", ""inverseOntologyProperty"": ""http://www.cidoc-crm.org/cidoc-crm/P11_participated_in""}]",Staff member,,,33 Rte de la Corniche O Dakar,,,,"[{""resourceId"": ""c87930be-4d82-4353-a80e-abfe6d354327"", ""ontologyProperty"": ""http://www.cidoc-crm.org/cidoc-crm/P1_is_identified_by"", ""resourceXresourceId"": """", ""inverseOntologyProperty"": ""http://www.cidoc-crm.org/cidoc-crm/P1i_identifies""}]",,2026-08-14,,,
77aa942d-4b38-4a49-9258-7f368c585548,MAEASAM-ACT-00000037,ACT-00000037,Assane Ndiaye,Primary name,,MAEASaM team member,"[{""resourceId"": ""be2b6a69-b8d5-4cb3-bf27-3112af3bfea2"", ""ontologyProperty"": ""http://www.cidoc-crm.org/cidoc-crm/P11_had_participant"", ""resourceXresourceId"": """", ""inverseOntologyProperty"": ""http://www.cidoc-crm.org/cidoc-crm/P11_participated_in""}]",Staff member,,,33 Rte de la Corniche O Dakar,,,,"[{""resourceId"": ""c87930be-4d82-4353-a80e-abfe6d354327"", ""ontologyProperty"": ""http://www.cidoc-crm.org/cidoc-crm/P1_is_identified_by"", ""resourceXresourceId"": """", ""inverseOntologyProperty"": ""http://www.cidoc-crm.org/cidoc-crm/P1i_identifies""}]",,2026-08-14,,,
85f81b3f-58e5-4621-8394-3c75910c3255,MAEASAM-ACT-00000038,ACT-00000038,Ibrahima Thiaw,Primary name,,MAEASaM team member,"[{""resourceId"": ""be2b6a69-b8d5-4cb3-bf27-3112af3bfea2"", ""ontologyProperty"": ""http://www.cidoc-crm.org/cidoc-crm/P11_had_participant"", ""resourceXresourceId"": """", ""inverseOntologyProperty"": ""http://www.cidoc-crm.org/cidoc-crm/P11_participated_in""}]",Staff member,,,33 Rte de la Corniche O Dakar,,,Project Co-Principal Investigator for Senegal,"[{""resourceId"": ""c87930be-4d82-4353-a80e-abfe6d354327"", ""ontologyProperty"": ""http://www.cidoc-crm.org/cidoc-crm/P1_is_identified_by"", ""resourceXresourceId"": """", ""inverseOntologyProperty"": ""http://www.cidoc-crm.org/cidoc-crm/P1i_identifies""}]",,2026-08-14,,,
80681982-87f2-4bca-80f2-aa6d2c309c85,MAEASAM-ACT-00000039,ACT-00000039,Eloise Noc,Primary name,,MAEASaM team member,"[{""resourceId"": ""c9cb33f6-c51b-422a-8737-cb564346651a"", ""ontologyProperty"": ""http://www.cidoc-crm.org/cidoc-crm/P11_had_participant"", ""resourceXresourceId"": """", ""inverseOntologyProperty"": ""http://www.cidoc-crm.org/cidoc-crm/P11_participated_in""}]",Former staff member,,,Gower St London WC1E 6BT United Kingdom,,,,"[{""resourceId"": ""c87930be-4d82-4353-a80e-abfe6d354327"", ""ontologyProperty"": ""http://www.cidoc-crm.org/cidoc-crm/P1_is_identified_by"", ""resourceXresourceId"": """", ""inverseOntologyProperty"": ""http://www.cidoc-crm.org/cidoc-crm/P1i_identifies""}]",,2026-08-14,,,
8e7e2c5e-8ff7-41e9-afed-e50eb763907f,MAEASAM-ACT-00000040,ACT-00000040,Kevin C MacDonald,Primary name,,MAEASaM team member,"[{""resourceId"": ""c9cb33f6-c51b-422a-8737-cb564346651a"", ""ontologyProperty"": ""http://www.cidoc-crm.org/cidoc-crm/P11_had_participant"", ""resourceXresourceId"": """", ""inverseOntologyProperty"": ""http://www.cidoc-crm.org/cidoc-crm/P11_participated_in""}]",Staff member,,,Gower St London WC1E 6BT United Kingdom,,,Project Co-Principal Investigator for Mali,"[{""resourceId"": ""c87930be-4d82-4353-a80e-abfe6d354327"", ""ontologyProperty"": ""http://www.cidoc-crm.org/cidoc-crm/P1_is_identified_by"", ""resourceXresourceId"": """", ""inverseOntologyProperty"": ""http://www.cidoc-crm.org/cidoc-crm/P1i_identifies""}]",,2026-08-14,,,
043af674-42f3-450b-bd36-c5d9e7ef7fb9,MAEASAM-ACT-00000041,ACT-00000041,Ed Burnett,Primary name,,MAEASaM team member,"[{""resourceId"": ""cea1e0a7-17f2-4af8-a930-f3ae506e27a2"", ""ontologyProperty"": ""http://www.cidoc-crm.org/cidoc-crm/P11_had_participant"", ""resourceXresourceId"": """", ""inverseOntologyProperty"": ""http://www.cidoc-crm.org/cidoc-crm/P11_participated_in""}]",Former staff member,,,The Old Schools Trinity Ln Cambridge CB2 1TN United Kingdom,,,,"[{""resourceId"": ""c87930be-4d82-4353-a80e-abfe6d354327"", ""ontologyProperty"": ""http://www.cidoc-crm.org/cidoc-crm/P1_is_identified_by"", ""resourceXresourceId"": """", ""inverseOntologyProperty"": ""http://www.cidoc-crm.org/cidoc-crm/P1i_identifies""}]",,2026-08-14,,,
efc6d771-220a-41d0-a098-05b174a5ba44,MAEASAM-ACT-00000042,ACT-00000042,Dana Salamin,Primary name,,MAEASaM team member,"[{""resourceId"": ""cea1e0a7-17f2-4af8-a930-f3ae506e27a2"", ""ontologyProperty"": ""http://www.cidoc-crm.org/cidoc-crm/P11_had_participant"", ""resourceXresourceId"": """", ""inverseOntologyProperty"": ""http://www.cidoc-crm.org/cidoc-crm/P11_participated_in""}]",Staff member,,,The Old Schools Trinity Ln Cambridge CB2 1TN United Kingdom,,,,"[{""resourceId"": ""c87930be-4d82-4353-a80e-abfe6d354327"", ""ontologyProperty"": ""http://www.cidoc-crm.org/cidoc-crm/P1_is_identified_by"", ""resourceXresourceId"": """", ""inverseOntologyProperty"": ""http://www.cidoc-crm.org/cidoc-crm/P1i_identifies""}]",,2026-08-14,,,
69a84dd1-29fe-4137-93b9-70fe5ff8e90a,MAEASAM-ACT-00000043,ACT-00000043,Tohamy Abulgasim,Primary name,,MAEASaM team member,"[{""resourceId"": ""cea1e0a7-17f2-4af8-a930-f3ae506e27a2"", ""ontologyProperty"": ""http://www.cidoc-crm.org/cidoc-crm/P11_had_participant"", ""resourceXresourceId"": """", ""inverseOntologyProperty"": ""http://www.cidoc-crm.org/cidoc-crm/P11_participated_in""}]",Staff member,,,The Old Schools Trinity Ln Cambridge CB2 1TN United Kingdom,,,,"[{""resourceId"": ""c87930be-4d82-4353-a80e-abfe6d354327"", ""ontologyProperty"": ""http://www.cidoc-crm.org/cidoc-crm/P1_is_identified_by"", ""resourceXresourceId"": """", ""inverseOntologyProperty"": ""http://www.cidoc-crm.org/cidoc-crm/P1i_identifies""}]",,2026-08-14,,,
449099e5-38f8-45ea-b574-44e63517ce41,MAEASAM-ACT-00000044,ACT-00000044,Nadia Khalaf,Primary name,,MAEASaM team member,"[{""resourceId"": ""667951e0-7e3b-4f3c-8d52-394a5ee617d7"", ""ontologyProperty"": ""http://www.cidoc-crm.org/cidoc-crm/P11_had_participant"", ""resourceXresourceId"": """", ""inverseOntologyProperty"": ""http://www.cidoc-crm.org/cidoc-crm/P11_participated_in""}]",Former staff member,,,Stocker Rd Exeter EX4 4PY United Kingdom,,,,"[{""resourceId"": ""c87930be-4d82-4353-a80e-abfe6d354327"", ""ontologyProperty"": ""http://www.cidoc-crm.org/cidoc-crm/P1_is_identified_by"", ""resourceXresourceId"": """", ""inverseOntologyProperty"": ""http://www.cidoc-crm.org/cidoc-crm/P1i_identifies""}]",,2026-08-14,,,
6a8ebcc2-ff3f-49c4-b389-df1192ba3a34,MAEASAM-ACT-00000045,ACT-00000045,Elias Michaut,Primary name,,MAEASaM team member,"[{""resourceId"": ""cea1e0a7-17f2-4af8-a930-f3ae506e27a2"", ""ontologyProperty"": ""http://www.cidoc-crm.org/cidoc-crm/P11_had_participant"", ""resourceXresourceId"": """", ""inverseOntologyProperty"": ""http://www.cidoc-crm.org/cidoc-crm/P11_participated_in""}]",Former staff member,,,The Old Schools Trinity Ln Cambridge CB2 1TN United Kingdom,,,,"[{""resourceId"": ""c87930be-4d82-4353-a80e-abfe6d354327"", ""ontologyProperty"": ""http://www.cidoc-crm.org/cidoc-crm/P1_is_identified_by"", ""resourceXresourceId"": """", ""inverseOntologyProperty"": ""http://www.cidoc-crm.org/cidoc-crm/P1i_identifies""}]",,2026-08-14,,,
89e09491-0e4a-4caa-9546-02fbc861633a,MAEASAM-ACT-00000046,ACT-00000046,Timothy Insoll,Primary name,,MAEASaM team member,"[{""resourceId"": ""667951e0-7e3b-4f3c-8d52-394a5ee617d7"", ""ontologyProperty"": ""http://www.cidoc-crm.org/cidoc-crm/P11_had_participant"", ""resourceXresourceId"": """", ""inverseOntologyProperty"": ""http://www.cidoc-crm.org/cidoc-crm/P11_participated_in""}]",Former staff member,,,Stocker Rd Exeter EX4 4PY United Kingdom,,,Former project Co-Principal Investigator for Ethiopia,"[{""resourceId"": ""c87930be-4d82-4353-a80e-abfe6d354327"", ""ontologyProperty"": ""http://www.cidoc-crm.org/cidoc-crm/P1_is_identified_by"", ""resourceXresourceId"": """", ""inverseOntologyProperty"": ""http://www.cidoc-crm.org/cidoc-crm/P1i_identifies""}]",,2026-08-14,,,
eaa190f1-6bf3-4acc-888f-4a171428cefe,MAEASAM-ACT-00000047,ACT-00000047,Angela Kabiru,Primary name,,MAEASaM team member,"[{""resourceId"": ""da3246b9-0ddb-4799-8354-fb3a283a07f7"", ""ontologyProperty"": ""http://www.cidoc-crm.org/cidoc-crm/P11_had_participant"", ""resourceXresourceId"": """", ""inverseOntologyProperty"": ""http://www.cidoc-crm.org/cidoc-crm/P11_participated_in""}]",Staff member,,,Migori Road and Laikipia Rd Nairobi Kenya,,,,"[{""resourceId"": ""c87930be-4d82-4353-a80e-abfe6d354327"", ""ontologyProperty"": ""http://www.cidoc-crm.org/cidoc-crm/P1_is_identified_by"", ""resourceXresourceId"": """", ""inverseOntologyProperty"": ""http://www.cidoc-crm.org/cidoc-crm/P1i_identifies""}]",,2026-08-14,,,
4bde7256-5742-4d57-a752-6df14e649707,MAEASAM-ACT-00000048,ACT-00000048,Pamela Ochungo,Primary name,,MAEASaM team member,"[{""resourceId"": ""da3246b9-0ddb-4799-8354-fb3a283a07f7"", ""ontologyProperty"": ""http://www.cidoc-crm.org/cidoc-crm/P11_had_participant"", ""resourceXresourceId"": """", ""inverseOntologyProperty"": ""http://www.cidoc-crm.org/cidoc-crm/P11_participated_in""}]",Staff member,,,Migori Road and Laikipia Rd Nairobi Kenya,,,,"[{""resourceId"": ""c87930be-4d82-4353-a80e-abfe6d354327"", ""ontologyProperty"": ""http://www.cidoc-crm.org/cidoc-crm/P1_is_identified_by"", ""resourceXresourceId"": """", ""inverseOntologyProperty"": ""http://www.cidoc-crm.org/cidoc-crm/P1i_identifies""}]",,2026-08-14,,,
136e8899-12f7-4bce-9f55-4984370a11c2,MAEASAM-ACT-00000049,ACT-00000049,Jane Humphris,Primary name,,MAEASaM team member,"[{""resourceId"": ""da3246b9-0ddb-4799-8354-fb3a283a07f7"", ""ontologyProperty"": ""http://www.cidoc-crm.org/cidoc-crm/P11_had_participant"", ""resourceXresourceId"": """", ""inverseOntologyProperty"": ""http://www.cidoc-crm.org/cidoc-crm/P11_participated_in""}]",Staff member,,,Migori Road and Laikipia Rd Nairobi Kenya,,,Project Co-Principal Investigator for Kenya,"[{""resourceId"": ""c87930be-4d82-4353-a80e-abfe6d354327"", ""ontologyProperty"": ""http://www.cidoc-crm.org/cidoc-crm/P1_is_identified_by"", ""resourceXresourceId"": """", ""inverseOntologyProperty"": ""http://www.cidoc-crm.org/cidoc-crm/P1i_identifies""}]",,2026-08-14,,,
c204dfc8-e12b-4207-a9ea-2167bd5f7986,MAEASAM-ACT-00000050,ACT-00000050,Akinbowale Akintayo,Primary name,,MAEASaM team member,"[{""resourceId"": ""aedc9807-811a-4207-9f63-71e6a8c70c3c"", ""ontologyProperty"": ""http://www.cidoc-crm.org/cidoc-crm/P11_had_participant"", ""resourceXresourceId"": """", ""inverseOntologyProperty"": ""http://www.cidoc-crm.org/cidoc-crm/P11_participated_in""}]",Former staff member,,,Heslington York YO10 5DD United Kingdom,,,,"[{""resourceId"": ""c87930be-4d82-4353-a80e-abfe6d354327"", ""ontologyProperty"": ""http://www.cidoc-crm.org/cidoc-crm/P1_is_identified_by"", ""resourceXresourceId"": """", ""inverseOntologyProperty"": ""http://www.cidoc-crm.org/cidoc-crm/P1i_identifies""}]",,2026-08-14,,,
66be333f-d932-4c2b-bbbf-6cd9f10abddc,MAEASAM-ACT-00000051,ACT-00000051,Stephanie Wynne-Jones,Primary name,,MAEASaM team member,"[{""resourceId"": ""aedc9807-811a-4207-9f63-71e6a8c70c3c"", ""ontologyProperty"": ""http://www.cidoc-crm.org/cidoc-crm/P11_had_participant"", ""resourceXresourceId"": """", ""inverseOntologyProperty"": ""http://www.cidoc-crm.org/cidoc-crm/P11_participated_in""}]",Staff member,,,Heslington York YO10 5DD United Kingdom,,,Project Co-Principal Investigator for Tanzania,"[{""resourceId"": ""c87930be-4d82-4353-a80e-abfe6d354327"", ""ontologyProperty"": ""http://www.cidoc-crm.org/cidoc-crm/P1_is_identified_by"", ""resourceXresourceId"": """", ""inverseOntologyProperty"": ""http://www.cidoc-crm.org/cidoc-crm/P1i_identifies""}]",,2026-08-14,,,
f455cd07-6125-4c73-9509-33e2d07d3833,MAEASAM-ACT-00000052,ACT-00000052,Ezekia Mtetwa,Primary name,,MAEASaM team member,"[{""resourceId"": ""fcb88dbf-2aae-41ca-8c32-d7ffd7516d02"", ""ontologyProperty"": ""http://www.cidoc-crm.org/cidoc-crm/P11_had_participant"", ""resourceXresourceId"": """", ""inverseOntologyProperty"": ""http://www.cidoc-crm.org/cidoc-crm/P11_participated_in""}]",Former staff member,,,753 10 Uppsala Sweden,,,,"[{""resourceId"": ""c87930be-4d82-4353-a80e-abfe6d354327"", ""ontologyProperty"": ""http://www.cidoc-crm.org/cidoc-crm/P1_is_identified_by"", ""resourceXresourceId"": """", ""inverseOntologyProperty"": ""http://www.cidoc-crm.org/cidoc-crm/P1i_identifies""}]",,2026-08-14,,,
741f8f6f-2b95-4aee-9223-b3800e683e0f,MAEASAM-ACT-00000053,ACT-00000053,Russel Kapumha,Primary name,,MAEASaM team member,"[{""resourceId"": ""cea1e0a7-17f2-4af8-a930-f3ae506e27a2"", ""ontologyProperty"": ""http://www.cidoc-crm.org/cidoc-crm/P11_had_participant"", ""resourceXresourceId"": """", ""inverseOntologyProperty"": ""http://www.cidoc-crm.org/cidoc-crm/P11_participated_in""}]",Former staff member,,,The Old Schools Trinity Ln Cambridge CB2 1TN United Kingdom,,,,"[{""resourceId"": ""c87930be-4d82-4353-a80e-abfe6d354327"", ""ontologyProperty"": ""http://www.cidoc-crm.org/cidoc-crm/P1_is_identified_by"", ""resourceXresourceId"": """", ""inverseOntologyProperty"": ""http://www.cidoc-crm.org/cidoc-crm/P1i_identifies""}]",,2026-08-14,,,
92105623-24c2-478a-ac35-c477a9eec905,MAEASAM-ACT-00000054,ACT-00000054,Daniel Lowenborg,Primary name,,MAEASaM team member,"[{""resourceId"": ""fcb88dbf-2aae-41ca-8c32-d7ffd7516d02"", ""ontologyProperty"": ""http://www.cidoc-crm.org/cidoc-crm/P11_had_participant"", ""resourceXresourceId"": """", ""inverseOntologyProperty"": ""http://www.cidoc-crm.org/cidoc-crm/P11_participated_in""}]",Former staff member,,,753 10 Uppsala Sweden,,,Former project Co- Principal Investigator for Zimbabwe,"[{""resourceId"": ""c87930be-4d82-4353-a80e-abfe6d354327"", ""ontologyProperty"": ""http://www.cidoc-crm.org/cidoc-crm/P1_is_identified_by"", ""resourceXresourceId"": """", ""inverseOntologyProperty"": ""http://www.cidoc-crm.org/cidoc-crm/P1i_identifies""}]",,2026-08-14,,,
390f3404-f429-4594-8221-cefed8b6f410,MAEASAM-ACT-00000055,ACT-00000055,Faye Lander,Primary name,,MAEASaM team member,"[{""resourceId"": ""d9d401c2-b86e-4297-9f19-92f29b9d84be"", ""ontologyProperty"": ""http://www.cidoc-crm.org/cidoc-crm/P11_had_participant"", ""resourceXresourceId"": """", ""inverseOntologyProperty"": ""http://www.cidoc-crm.org/cidoc-crm/P11_participated_in""}]",Staff member,,,Lynnwood Rd Hatfield Pretoria 0002,,,,"[{""resourceId"": ""c87930be-4d82-4353-a80e-abfe6d354327"", ""ontologyProperty"": ""http://www.cidoc-crm.org/cidoc-crm/P1_is_identified_by"", ""resourceXresourceId"": """", ""inverseOntologyProperty"": ""http://www.cidoc-crm.org/cidoc-crm/P1i_identifies""}]",,2026-08-14,,,
c87930be-4d82-4353-a80e-abfe6d354327,MAEASAM-ACT-00000056,ACT-00000056,Renier Hendrik van der Merwe,Primary name,,MAEASaM team member,"[{""resourceId"": ""d9d401c2-b86e-4297-9f19-92f29b9d84be"", ""ontologyProperty"": ""http://www.cidoc-crm.org/cidoc-crm/P11_had_participant"", ""resourceXresourceId"": """", ""inverseOntologyProperty"": ""http://www.cidoc-crm.org/cidoc-crm/P11_participated_in""}]",Staff member,,,Lynnwood Rd Hatfield Pretoria 0002,,,,"[{""resourceId"": ""c87930be-4d82-4353-a80e-abfe6d354327"", ""ontologyProperty"": ""http://www.cidoc-crm.org/cidoc-crm/P1_is_identified_by"", ""resourceXresourceId"": """", ""inverseOntologyProperty"": ""http://www.cidoc-crm.org/cidoc-crm/P1i_identifies""}]",,2026-08-14,,,
02f731b9-ddb1-4181-9fca-9c5570881194,MAEASAM-ACT-00000057,ACT-00000057,Thabo Kgosietsile,Primary name,,MAEASaM team member,"[{""resourceId"": ""d9d401c2-b86e-4297-9f19-92f29b9d84be"", ""ontologyProperty"": ""http://www.cidoc-crm.org/cidoc-crm/P11_had_participant"", ""resourceXresourceId"": """", ""inverseOntologyProperty"": ""http://www.cidoc-crm.org/cidoc-crm/P11_participated_in""}]",Staff member,,,Lynnwood Rd Hatfield Pretoria 0002,,,,"[{""resourceId"": ""c87930be-4d82-4353-a80e-abfe6d354327"", ""ontologyProperty"": ""http://www.cidoc-crm.org/cidoc-crm/P1_is_identified_by"", ""resourceXresourceId"": """", ""inverseOntologyProperty"": ""http://www.cidoc-crm.org/cidoc-crm/P1i_identifies""}]",,2026-08-14,,,
7a5376f3-334a-48b4-84f1-1ad756d6828d,MAEASAM-ACT-00000058,ACT-00000058,Serge Kiala,Primary name,,MAEASaM team member,"[{""resourceId"": ""c613cf37-43bb-401a-b843-a662c1d559df"", ""ontologyProperty"": ""http://www.cidoc-crm.org/cidoc-crm/P11_had_participant"", ""resourceXresourceId"": """", ""inverseOntologyProperty"": ""http://www.cidoc-crm.org/cidoc-crm/P11_participated_in""}]",Former staff member,,,Yale Road and 1 Enoch Sontonga Ave Braamfontein Johannesburg 2000,,,,"[{""resourceId"": ""c87930be-4d82-4353-a80e-abfe6d354327"", ""ontologyProperty"": ""http://www.cidoc-crm.org/cidoc-crm/P1_is_identified_by"", ""resourceXresourceId"": """", ""inverseOntologyProperty"": ""http://www.cidoc-crm.org/cidoc-crm/P1i_identifies""}]",,2026-08-14,,,
d4e8f22a-21a9-437b-9bac-b5978be5c518,MAEASAM-ACT-00000059,ACT-00000059,Amanda Esterhuysen,Primary name,,MAEASaM team member,"[{""resourceId"": ""c613cf37-43bb-401a-b843-a662c1d559df"", ""ontologyProperty"": ""http://www.cidoc-crm.org/cidoc-crm/P11_had_participant"", ""resourceXresourceId"": """", ""inverseOntologyProperty"": ""http://www.cidoc-crm.org/cidoc-crm/P11_participated_in""}]",Former staff member,,,Yale Road and 1 Enoch Sontonga Ave Braamfontein Johannesburg 2000,,,Former project Co- Principal Investigator for Botswana,"[{""resourceId"": ""c87930be-4d82-4353-a80e-abfe6d354327"", ""ontologyProperty"": ""http://www.cidoc-crm.org/cidoc-crm/P1_is_identified_by"", ""resourceXresourceId"": """", ""inverseOntologyProperty"": ""http://www.cidoc-crm.org/cidoc-crm/P1i_identifies""}]",,2026-08-14,,,
0cd4fceb-99f5-4ec2-9a8b-483fc516643d,MAEASAM-ACT-00000066,ACT-00000066,Amy Leung,Primary name,,MAEASaM team member,"[{""resourceId"": ""cea1e0a7-17f2-4af8-a930-f3ae506e27a2"", ""ontologyProperty"": ""http://www.cidoc-crm.org/cidoc-crm/P11_had_participant"", ""resourceXresourceId"": """", ""inverseOntologyProperty"": ""http://www.cidoc-crm.org/cidoc-crm/P11_participated_in""}]",Staff member,,,,,,,"[{""resourceId"": ""c87930be-4d82-4353-a80e-abfe6d354327"", ""ontologyProperty"": ""http://www.cidoc-crm.org/cidoc-crm/P1_is_identified_by"", ""resourceXresourceId"": """", ""inverseOntologyProperty"": ""http://www.cidoc-crm.org/cidoc-crm/P1i_identifies""}]",,2026-08-14,,,
c4053f34-5e78-4c8f-b436-c4a9d663a1b3,MAEASAM-ACT-00000067,ACT-00000067,Louis Monnetro,Primary name,,MAEASaM team member,"[{""resourceId"": ""c9cb33f6-c51b-422a-8737-cb564346651a"", ""ontologyProperty"": ""http://www.cidoc-crm.org/cidoc-crm/P11_had_participant"", ""resourceXresourceId"": """", ""inverseOntologyProperty"": ""http://www.cidoc-crm.org/cidoc-crm/P11_participated_in""}]",Former staff member,,,,,,,"[{""resourceId"": ""c87930be-4d82-4353-a80e-abfe6d354327"", ""ontologyProperty"": ""http://www.cidoc-crm.org/cidoc-crm/P1_is_identified_by"", ""resourceXresourceId"": """", ""inverseOntologyProperty"": ""http://www.cidoc-crm.org/cidoc-crm/P1i_identifies""}]",,2026-08-14,,,
e3680c19-3d84-49d3-a49b-dbef993c819b,MAEASAM-ACT-00000068,ACT-00000068,Hannah Nachtegaele,Primary name,,MAEASaM team member,"[{""resourceId"": ""69dd3ed0-b713-49ed-a5d5-f88df7291034"", ""ontologyProperty"": ""http://www.cidoc-crm.org/cidoc-crm/P11_had_participant"", ""resourceXresourceId"": """", ""inverseOntologyProperty"": ""http://www.cidoc-crm.org/cidoc-crm/P11_participated_in""}]",Staff member,,,,,,,"[{""resourceId"": ""c87930be-4d82-4353-a80e-abfe6d354327"", ""ontologyProperty"": ""http://www.cidoc-crm.org/cidoc-crm/P1_is_identified_by"", ""resourceXresourceId"": """", ""inverseOntologyProperty"": ""http://www.cidoc-crm.org/cidoc-crm/P1i_identifies""}]",,2026-08-14,,,
4ef1b69a-4397-4bf0-b79a-db8c54d83a32,MAEASAM-ACT-00000069,ACT-00000069,Mwamvita Sollo,Primary name,,MAEASaM affiliate,"[{""resourceId"": ""274a3164-f320-4509-a2b7-b3bbf2b993b3"", ""ontologyProperty"": ""http://www.cidoc-crm.org/cidoc-crm/P11_had_participant"", ""resourceXresourceId"": """", ""inverseOntologyProperty"": ""http://www.cidoc-crm.org/cidoc-crm/P11_participated_in""}]",Employee,,,,,,,"[{""resourceId"": ""c87930be-4d82-4353-a80e-abfe6d354327"", ""ontologyProperty"": ""http://www.cidoc-crm.org/cidoc-crm/P1_is_identified_by"", ""resourceXresourceId"": """", ""inverseOntologyProperty"": ""http://www.cidoc-crm.org/cidoc-crm/P1i_identifies""}]",,2026-08-14,,,
60d937c4-a6a8-4af2-9678-746815e40a7d,MAEASAM-ACT-00000070,ACT-00000070,Lamine Badji,Primary name,,MAEASaM team member,"[{""resourceId"": ""be2b6a69-b8d5-4cb3-bf27-3112af3bfea2"", ""ontologyProperty"": ""http://www.cidoc-crm.org/cidoc-crm/P11_had_participant"", ""resourceXresourceId"": """", ""inverseOntologyProperty"": ""http://www.cidoc-crm.org/cidoc-crm/P11_participated_in""}]",Staff member,,,,,,,"[{""resourceId"": ""c87930be-4d82-4353-a80e-abfe6d354327"", ""ontologyProperty"": ""http://www.cidoc-crm.org/cidoc-crm/P1_is_identified_by"", ""resourceXresourceId"": """", ""inverseOntologyProperty"": ""http://www.cidoc-crm.org/cidoc-crm/P1i_identifies""}]",,2026-08-14,,,
13094db8-0520-4b9e-9565-4962f23043ed,MAEASAM-ACT-00000071,ACT-00000071,John Lavendar,Primary name,,MAEASaM team member,"[{""resourceId"": ""aedc9807-811a-4207-9f63-71e6a8c70c3c"", ""ontologyProperty"": ""http://www.cidoc-crm.org/cidoc-crm/P11_had_participant"", ""resourceXresourceId"": """", ""inverseOntologyProperty"": ""http://www.cidoc-crm.org/cidoc-crm/P11_participated_in""}]",Staff member,,,,,,,"[{""resourceId"": ""c87930be-4d82-4353-a80e-abfe6d354327"", ""ontologyProperty"": ""http://www.cidoc-crm.org/cidoc-crm/P1_is_identified_by"", ""resourceXresourceId"": """", ""inverseOntologyProperty"": ""http://www.cidoc-crm.org/cidoc-crm/P1i_identifies""}]",,2026-08-14,,,
3e7a4db0-f681-44c9-a838-71bb516d9d1c,MAEASAM-ACT-00000072,ACT-00000072,Orhun Ugur,Primary name,,MAEASaM team member,"[{""resourceId"": ""cea1e0a7-17f2-4af8-a930-f3ae506e27a2"", ""ontologyProperty"": ""http://www.cidoc-crm.org/cidoc-crm/P11_had_participant"", ""resourceXresourceId"": """", ""inverseOntologyProperty"": ""http://www.cidoc-crm.org/cidoc-crm/P11_participated_in""}]",Staff member,,,,,,,"[{""resourceId"": ""c87930be-4d82-4353-a80e-abfe6d354327"", ""ontologyProperty"": ""http://www.cidoc-crm.org/cidoc-crm/P1_is_identified_by"", ""resourceXresourceId"": """", ""inverseOntologyProperty"": ""http://www.cidoc-crm.org/cidoc-crm/P1i_identifies""}]",,2026-08-14,,,
